layer,expert,activation_count,share_of_layer_topk_picks
0,0,13,0.006348
0,1,14,0.006836
0,2,16,0.007812
0,3,23,0.011230
0,4,18,0.008789
0,5,28,0.013672
0,6,14,0.006836
0,7,19,0.009277
0,8,6,0.002930
0,9,6,0.002930
0,10,8,0.003906
0,11,16,0.007812
0,12,19,0.009277
0,13,9,0.004395
0,14,17,0.008301
0,15,16,0.007812
0,16,11,0.005371
0,17,22,0.010742
0,18,7,0.003418
0,19,20,0.009766
0,20,15,0.007324
0,21,8,0.003906
0,22,14,0.006836
0,23,38,0.018555
0,24,9,0.004395
0,25,13,0.006348
0,26,20,0.009766
0,27,16,0.007812
0,28,15,0.007324
0,29,14,0.006836
0,30,9,0.004395
0,31,20,0.009766
0,32,20,0.009766
0,33,14,0.006836
0,34,5,0.002441
0,35,13,0.006348
0,36,21,0.010254
0,37,10,0.004883
0,38,26,0.012695
0,39,16,0.007812
0,40,12,0.005859
0,41,14,0.006836
0,42,16,0.007812
0,43,24,0.011719
0,44,21,0.010254
0,45,15,0.007324
0,46,25,0.012207
0,47,15,0.007324
0,48,5,0.002441
0,49,12,0.005859
0,50,48,0.023438
0,51,10,0.004883
0,52,23,0.011230
0,53,13,0.006348
0,54,24,0.011719
0,55,18,0.008789
0,56,10,0.004883
0,57,15,0.007324
0,58,20,0.009766
0,59,11,0.005371
0,60,6,0.002930
0,61,17,0.008301
0,62,28,0.013672
0,63,17,0.008301
0,64,17,0.008301
0,65,10,0.004883
0,66,29,0.014160
0,67,13,0.006348
0,68,12,0.005859
0,69,11,0.005371
0,70,11,0.005371
0,71,9,0.004395
0,72,15,0.007324
0,73,24,0.011719
0,74,18,0.008789
0,75,18,0.008789
0,76,16,0.007812
0,77,8,0.003906
0,78,14,0.006836
0,79,18,0.008789
0,80,10,0.004883
0,81,16,0.007812
0,82,18,0.008789
0,83,14,0.006836
0,84,26,0.012695
0,85,21,0.010254
0,86,5,0.002441
0,87,10,0.004883
0,88,26,0.012695
0,89,9,0.004395
0,90,9,0.004395
0,91,14,0.006836
0,92,19,0.009277
0,93,11,0.005371
0,94,16,0.007812
0,95,20,0.009766
0,96,22,0.010742
0,97,25,0.012207
0,98,36,0.017578
0,99,21,0.010254
0,100,24,0.011719
0,101,26,0.012695
0,102,5,0.002441
0,103,9,0.004395
0,104,30,0.014648
0,105,7,0.003418
0,106,24,0.011719
0,107,25,0.012207
0,108,5,0.002441
0,109,13,0.006348
0,110,20,0.009766
0,111,16,0.007812
0,112,10,0.004883
0,113,13,0.006348
0,114,7,0.003418
0,115,20,0.009766
0,116,10,0.004883
0,117,17,0.008301
0,118,9,0.004395
0,119,20,0.009766
0,120,12,0.005859
0,121,24,0.011719
0,122,9,0.004395
0,123,4,0.001953
0,124,6,0.002930
0,125,23,0.011230
0,126,9,0.004395
0,127,23,0.011230
1,0,12,0.005859
1,1,16,0.007812
1,2,22,0.010742
1,3,11,0.005371
1,4,20,0.009766
1,5,9,0.004395
1,6,26,0.012695
1,7,28,0.013672
1,8,22,0.010742
1,9,17,0.008301
1,10,14,0.006836
1,11,15,0.007324
1,12,12,0.005859
1,13,34,0.016602
1,14,19,0.009277
1,15,21,0.010254
1,16,30,0.014648
1,17,22,0.010742
1,18,18,0.008789
1,19,14,0.006836
1,20,33,0.016113
1,21,17,0.008301
1,22,12,0.005859
1,23,24,0.011719
1,24,15,0.007324
1,25,14,0.006836
1,26,14,0.006836
1,27,8,0.003906
1,28,7,0.003418
1,29,11,0.005371
1,30,8,0.003906
1,31,9,0.004395
1,32,10,0.004883
1,33,15,0.007324
1,34,11,0.005371
1,35,27,0.013184
1,36,9,0.004395
1,37,14,0.006836
1,38,13,0.006348
1,39,11,0.005371
1,40,41,0.020020
1,41,20,0.009766
1,42,19,0.009277
1,43,6,0.002930
1,44,39,0.019043
1,45,9,0.004395
1,46,13,0.006348
1,47,18,0.008789
1,48,30,0.014648
1,49,20,0.009766
1,50,19,0.009277
1,51,32,0.015625
1,52,19,0.009277
1,53,15,0.007324
1,54,6,0.002930
1,55,20,0.009766
1,56,6,0.002930
1,57,18,0.008789
1,58,40,0.019531
1,59,6,0.002930
1,60,16,0.007812
1,61,8,0.003906
1,62,6,0.002930
1,63,21,0.010254
1,64,10,0.004883
1,65,13,0.006348
1,66,13,0.006348
1,67,6,0.002930
1,68,17,0.008301
1,69,18,0.008789
1,70,8,0.003906
1,71,15,0.007324
1,72,27,0.013184
1,73,11,0.005371
1,74,34,0.016602
1,75,3,0.001465
1,76,23,0.011230
1,77,13,0.006348
1,78,13,0.006348
1,79,11,0.005371
1,80,15,0.007324
1,81,6,0.002930
1,82,27,0.013184
1,83,32,0.015625
1,84,14,0.006836
1,85,15,0.007324
1,86,15,0.007324
1,87,18,0.008789
1,88,10,0.004883
1,89,24,0.011719
1,90,19,0.009277
1,91,18,0.008789
1,92,18,0.008789
1,93,12,0.005859
1,94,17,0.008301
1,95,25,0.012207
1,96,21,0.010254
1,97,8,0.003906
1,98,15,0.007324
1,99,12,0.005859
1,100,6,0.002930
1,101,7,0.003418
1,102,18,0.008789
1,103,7,0.003418
1,104,11,0.005371
1,105,17,0.008301
1,106,7,0.003418
1,107,12,0.005859
1,108,12,0.005859
1,109,2,0.000977
1,110,10,0.004883
1,111,15,0.007324
1,112,24,0.011719
1,113,8,0.003906
1,114,10,0.004883
1,115,20,0.009766
1,116,11,0.005371
1,117,19,0.009277
1,118,4,0.001953
1,119,13,0.006348
1,120,12,0.005859
1,121,7,0.003418
1,122,32,0.015625
1,123,10,0.004883
1,124,10,0.004883
1,125,22,0.010742
1,126,12,0.005859
1,127,23,0.011230
2,0,23,0.011230
2,1,17,0.008301
2,2,15,0.007324
2,3,17,0.008301
2,4,14,0.006836
2,5,13,0.006348
2,6,15,0.007324
2,7,17,0.008301
2,8,12,0.005859
2,9,15,0.007324
2,10,15,0.007324
2,11,14,0.006836
2,12,8,0.003906
2,13,18,0.008789
2,14,12,0.005859
2,15,5,0.002441
2,16,12,0.005859
2,17,7,0.003418
2,18,15,0.007324
2,19,12,0.005859
2,20,8,0.003906
2,21,7,0.003418
2,22,14,0.006836
2,23,14,0.006836
2,24,25,0.012207
2,25,5,0.002441
2,26,28,0.013672
2,27,20,0.009766
2,28,20,0.009766
2,29,9,0.004395
2,30,9,0.004395
2,31,11,0.005371
2,32,36,0.017578
2,33,8,0.003906
2,34,9,0.004395
2,35,30,0.014648
2,36,12,0.005859
2,37,12,0.005859
2,38,18,0.008789
2,39,23,0.011230
2,40,17,0.008301
2,41,8,0.003906
2,42,15,0.007324
2,43,18,0.008789
2,44,11,0.005371
2,45,13,0.006348
2,46,15,0.007324
2,47,19,0.009277
2,48,18,0.008789
2,49,3,0.001465
2,50,22,0.010742
2,51,34,0.016602
2,52,16,0.007812
2,53,20,0.009766
2,54,20,0.009766
2,55,30,0.014648
2,56,9,0.004395
2,57,29,0.014160
2,58,22,0.010742
2,59,18,0.008789
2,60,22,0.010742
2,61,7,0.003418
2,62,17,0.008301
2,63,10,0.004883
2,64,21,0.010254
2,65,17,0.008301
2,66,14,0.006836
2,67,7,0.003418
2,68,23,0.011230
2,69,15,0.007324
2,70,12,0.005859
2,71,16,0.007812
2,72,17,0.008301
2,73,8,0.003906
2,74,25,0.012207
2,75,29,0.014160
2,76,14,0.006836
2,77,13,0.006348
2,78,17,0.008301
2,79,16,0.007812
2,80,9,0.004395
2,81,9,0.004395
2,82,10,0.004883
2,83,14,0.006836
2,84,9,0.004395
2,85,14,0.006836
2,86,12,0.005859
2,87,21,0.010254
2,88,24,0.011719
2,89,6,0.002930
2,90,26,0.012695
2,91,22,0.010742
2,92,32,0.015625
2,93,15,0.007324
2,94,22,0.010742
2,95,16,0.007812
2,96,31,0.015137
2,97,27,0.013184
2,98,9,0.004395
2,99,14,0.006836
2,100,26,0.012695
2,101,6,0.002930
2,102,6,0.002930
2,103,13,0.006348
2,104,3,0.001465
2,105,15,0.007324
2,106,31,0.015137
2,107,6,0.002930
2,108,14,0.006836
2,109,21,0.010254
2,110,16,0.007812
2,111,24,0.011719
2,112,13,0.006348
2,113,13,0.006348
2,114,5,0.002441
2,115,21,0.010254
2,116,27,0.013184
2,117,15,0.007324
2,118,14,0.006836
2,119,11,0.005371
2,120,9,0.004395
2,121,6,0.002930
2,122,34,0.016602
2,123,5,0.002441
2,124,24,0.011719
2,125,12,0.005859
2,126,19,0.009277
2,127,26,0.012695
3,0,11,0.005371
3,1,28,0.013672
3,2,10,0.004883
3,3,18,0.008789
3,4,23,0.011230
3,5,22,0.010742
3,6,11,0.005371
3,7,10,0.004883
3,8,10,0.004883
3,9,15,0.007324
3,10,17,0.008301
3,11,11,0.005371
3,12,12,0.005859
3,13,10,0.004883
3,14,11,0.005371
3,15,18,0.008789
3,16,11,0.005371
3,17,22,0.010742
3,18,20,0.009766
3,19,25,0.012207
3,20,25,0.012207
3,21,6,0.002930
3,22,13,0.006348
3,23,6,0.002930
3,24,18,0.008789
3,25,6,0.002930
3,26,16,0.007812
3,27,18,0.008789
3,28,19,0.009277
3,29,16,0.007812
3,30,47,0.022949
3,31,12,0.005859
3,32,27,0.013184
3,33,11,0.005371
3,34,9,0.004395
3,35,11,0.005371
3,36,5,0.002441
3,37,10,0.004883
3,38,7,0.003418
3,39,14,0.006836
3,40,18,0.008789
3,41,9,0.004395
3,42,9,0.004395
3,43,31,0.015137
3,44,15,0.007324
3,45,26,0.012695
3,46,15,0.007324
3,47,17,0.008301
3,48,14,0.006836
3,49,22,0.010742
3,50,7,0.003418
3,51,16,0.007812
3,52,24,0.011719
3,53,18,0.008789
3,54,19,0.009277
3,55,18,0.008789
3,56,16,0.007812
3,57,6,0.002930
3,58,14,0.006836
3,59,11,0.005371
3,60,12,0.005859
3,61,10,0.004883
3,62,16,0.007812
3,63,6,0.002930
3,64,18,0.008789
3,65,17,0.008301
3,66,21,0.010254
3,67,35,0.017090
3,68,20,0.009766
3,69,19,0.009277
3,70,8,0.003906
3,71,24,0.011719
3,72,18,0.008789
3,73,15,0.007324
3,74,17,0.008301
3,75,11,0.005371
3,76,27,0.013184
3,77,16,0.007812
3,78,19,0.009277
3,79,16,0.007812
3,80,16,0.007812
3,81,16,0.007812
3,82,24,0.011719
3,83,12,0.005859
3,84,8,0.003906
3,85,15,0.007324
3,86,29,0.014160
3,87,15,0.007324
3,88,14,0.006836
3,89,15,0.007324
3,90,15,0.007324
3,91,12,0.005859
3,92,7,0.003418
3,93,8,0.003906
3,94,20,0.009766
3,95,36,0.017578
3,96,27,0.013184
3,97,25,0.012207
3,98,6,0.002930
3,99,20,0.009766
3,100,22,0.010742
3,101,20,0.009766
3,102,9,0.004395
3,103,4,0.001953
3,104,5,0.002441
3,105,14,0.006836
3,106,21,0.010254
3,107,9,0.004395
3,108,8,0.003906
3,109,22,0.010742
3,110,19,0.009277
3,111,17,0.008301
3,112,22,0.010742
3,113,9,0.004395
3,114,13,0.006348
3,115,12,0.005859
3,116,13,0.006348
3,117,16,0.007812
3,118,14,0.006836
3,119,32,0.015625
3,120,32,0.015625
3,121,7,0.003418
3,122,17,0.008301
3,123,19,0.009277
3,124,7,0.003418
3,125,11,0.005371
3,126,16,0.007812
3,127,17,0.008301
4,0,8,0.003906
4,1,14,0.006836
4,2,6,0.002930
4,3,5,0.002441
4,4,4,0.001953
4,5,12,0.005859
4,6,19,0.009277
4,7,22,0.010742
4,8,7,0.003418
4,9,14,0.006836
4,10,14,0.006836
4,11,3,0.001465
4,12,19,0.009277
4,13,13,0.006348
4,14,11,0.005371
4,15,50,0.024414
4,16,8,0.003906
4,17,11,0.005371
4,18,15,0.007324
4,19,21,0.010254
4,20,17,0.008301
4,21,10,0.004883
4,22,6,0.002930
4,23,12,0.005859
4,24,31,0.015137
4,25,13,0.006348
4,26,34,0.016602
4,27,11,0.005371
4,28,6,0.002930
4,29,7,0.003418
4,30,17,0.008301
4,31,7,0.003418
4,32,15,0.007324
4,33,1,0.000488
4,34,10,0.004883
4,35,15,0.007324
4,36,15,0.007324
4,37,18,0.008789
4,38,8,0.003906
4,39,37,0.018066
4,40,11,0.005371
4,41,11,0.005371
4,42,17,0.008301
4,43,21,0.010254
4,44,8,0.003906
4,45,15,0.007324
4,46,17,0.008301
4,47,18,0.008789
4,48,11,0.005371
4,49,11,0.005371
4,50,30,0.014648
4,51,27,0.013184
4,52,5,0.002441
4,53,11,0.005371
4,54,16,0.007812
4,55,12,0.005859
4,56,12,0.005859
4,57,13,0.006348
4,58,24,0.011719
4,59,8,0.003906
4,60,20,0.009766
4,61,17,0.008301
4,62,48,0.023438
4,63,19,0.009277
4,64,23,0.011230
4,65,12,0.005859
4,66,15,0.007324
4,67,19,0.009277
4,68,10,0.004883
4,69,15,0.007324
4,70,26,0.012695
4,71,8,0.003906
4,72,5,0.002441
4,73,17,0.008301
4,74,18,0.008789
4,75,19,0.009277
4,76,12,0.005859
4,77,9,0.004395
4,78,7,0.003418
4,79,20,0.009766
4,80,12,0.005859
4,81,12,0.005859
4,82,6,0.002930
4,83,20,0.009766
4,84,15,0.007324
4,85,24,0.011719
4,86,24,0.011719
4,87,19,0.009277
4,88,21,0.010254
4,89,25,0.012207
4,90,20,0.009766
4,91,10,0.004883
4,92,9,0.004395
4,93,6,0.002930
4,94,21,0.010254
4,95,18,0.008789
4,96,11,0.005371
4,97,11,0.005371
4,98,36,0.017578
4,99,10,0.004883
4,100,8,0.003906
4,101,38,0.018555
4,102,7,0.003418
4,103,30,0.014648
4,104,11,0.005371
4,105,18,0.008789
4,106,25,0.012207
4,107,21,0.010254
4,108,20,0.009766
4,109,14,0.006836
4,110,15,0.007324
4,111,12,0.005859
4,112,23,0.011230
4,113,11,0.005371
4,114,27,0.013184
4,115,4,0.001953
4,116,13,0.006348
4,117,11,0.005371
4,118,9,0.004395
4,119,32,0.015625
4,120,6,0.002930
4,121,15,0.007324
4,122,18,0.008789
4,123,8,0.003906
4,124,20,0.009766
4,125,21,0.010254
4,126,51,0.024902
4,127,27,0.013184
5,0,12,0.005859
5,1,21,0.010254
5,2,25,0.012207
5,3,11,0.005371
5,4,29,0.014160
5,5,21,0.010254
5,6,29,0.014160
5,7,3,0.001465
5,8,4,0.001953
5,9,8,0.003906
5,10,12,0.005859
5,11,24,0.011719
5,12,10,0.004883
5,13,14,0.006836
5,14,10,0.004883
5,15,6,0.002930
5,16,11,0.005371
5,17,22,0.010742
5,18,22,0.010742
5,19,19,0.009277
5,20,17,0.008301
5,21,7,0.003418
5,22,12,0.005859
5,23,11,0.005371
5,24,6,0.002930
5,25,27,0.013184
5,26,18,0.008789
5,27,18,0.008789
5,28,19,0.009277
5,29,20,0.009766
5,30,30,0.014648
5,31,11,0.005371
5,32,20,0.009766
5,33,17,0.008301
5,34,8,0.003906
5,35,7,0.003418
5,36,5,0.002441
5,37,7,0.003418
5,38,17,0.008301
5,39,6,0.002930
5,40,24,0.011719
5,41,7,0.003418
5,42,18,0.008789
5,43,4,0.001953
5,44,21,0.010254
5,45,3,0.001465
5,46,19,0.009277
5,47,23,0.011230
5,48,6,0.002930
5,49,20,0.009766
5,50,2,0.000977
5,51,17,0.008301
5,52,4,0.001953
5,53,7,0.003418
5,54,30,0.014648
5,55,25,0.012207
5,56,24,0.011719
5,57,2,0.000977
5,58,23,0.011230
5,59,6,0.002930
5,60,24,0.011719
5,61,17,0.008301
5,62,14,0.006836
5,63,9,0.004395
5,64,11,0.005371
5,65,20,0.009766
5,66,25,0.012207
5,67,23,0.011230
5,68,11,0.005371
5,69,10,0.004883
5,70,15,0.007324
5,71,31,0.015137
5,72,16,0.007812
5,73,7,0.003418
5,74,22,0.010742
5,75,23,0.011230
5,76,17,0.008301
5,77,20,0.009766
5,78,16,0.007812
5,79,13,0.006348
5,80,7,0.003418
5,81,4,0.001953
5,82,8,0.003906
5,83,15,0.007324
5,84,11,0.005371
5,85,17,0.008301
5,86,24,0.011719
5,87,24,0.011719
5,88,28,0.013672
5,89,33,0.016113
5,90,16,0.007812
5,91,12,0.005859
5,92,16,0.007812
5,93,17,0.008301
5,94,14,0.006836
5,95,7,0.003418
5,96,8,0.003906
5,97,33,0.016113
5,98,17,0.008301
5,99,11,0.005371
5,100,10,0.004883
5,101,22,0.010742
5,102,9,0.004395
5,103,21,0.010254
5,104,22,0.010742
5,105,25,0.012207
5,106,18,0.008789
5,107,10,0.004883
5,108,11,0.005371
5,109,19,0.009277
5,110,19,0.009277
5,111,32,0.015625
5,112,24,0.011719
5,113,18,0.008789
5,114,24,0.011719
5,115,10,0.004883
5,116,30,0.014648
5,117,19,0.009277
5,118,11,0.005371
5,119,5,0.002441
5,120,9,0.004395
5,121,20,0.009766
5,122,5,0.002441
5,123,17,0.008301
5,124,16,0.007812
5,125,26,0.012695
5,126,4,0.001953
5,127,45,0.021973
6,0,21,0.010254
6,1,15,0.007324
6,2,9,0.004395
6,3,22,0.010742
6,4,14,0.006836
6,5,14,0.006836
6,6,7,0.003418
6,7,5,0.002441
6,8,12,0.005859
6,9,11,0.005371
6,10,14,0.006836
6,11,10,0.004883
6,12,31,0.015137
6,13,26,0.012695
6,14,8,0.003906
6,15,29,0.014160
6,16,14,0.006836
6,17,13,0.006348
6,18,38,0.018555
6,19,35,0.017090
6,20,6,0.002930
6,21,24,0.011719
6,22,15,0.007324
6,23,8,0.003906
6,24,21,0.010254
6,25,30,0.014648
6,26,30,0.014648
6,27,28,0.013672
6,28,11,0.005371
6,29,22,0.010742
6,30,18,0.008789
6,31,7,0.003418
6,32,15,0.007324
6,33,8,0.003906
6,34,12,0.005859
6,35,14,0.006836
6,36,10,0.004883
6,37,27,0.013184
6,38,13,0.006348
6,39,6,0.002930
6,40,13,0.006348
6,41,4,0.001953
6,42,7,0.003418
6,43,16,0.007812
6,44,21,0.010254
6,45,13,0.006348
6,46,10,0.004883
6,47,23,0.011230
6,48,15,0.007324
6,49,11,0.005371
6,50,18,0.008789
6,51,6,0.002930
6,52,24,0.011719
6,53,20,0.009766
6,54,14,0.006836
6,55,36,0.017578
6,56,14,0.006836
6,57,11,0.005371
6,58,16,0.007812
6,59,18,0.008789
6,60,19,0.009277
6,61,14,0.006836
6,62,13,0.006348
6,63,6,0.002930
6,64,13,0.006348
6,65,20,0.009766
6,66,21,0.010254
6,67,9,0.004395
6,68,20,0.009766
6,69,10,0.004883
6,70,12,0.005859
6,71,6,0.002930
6,72,18,0.008789
6,73,26,0.012695
6,74,3,0.001465
6,75,16,0.007812
6,76,7,0.003418
6,77,4,0.001953
6,78,10,0.004883
6,79,8,0.003906
6,80,2,0.000977
6,81,15,0.007324
6,82,19,0.009277
6,83,6,0.002930
6,84,18,0.008789
6,85,32,0.015625
6,86,9,0.004395
6,87,24,0.011719
6,88,29,0.014160
6,89,28,0.013672
6,90,19,0.009277
6,91,23,0.011230
6,92,10,0.004883
6,93,22,0.010742
6,94,21,0.010254
6,95,25,0.012207
6,96,20,0.009766
6,97,6,0.002930
6,98,1,0.000488
6,99,8,0.003906
6,100,7,0.003418
6,101,23,0.011230
6,102,18,0.008789
6,103,35,0.017090
6,104,11,0.005371
6,105,8,0.003906
6,106,30,0.014648
6,107,6,0.002930
6,108,34,0.016602
6,109,16,0.007812
6,110,11,0.005371
6,111,8,0.003906
6,112,12,0.005859
6,113,16,0.007812
6,114,16,0.007812
6,115,15,0.007324
6,116,22,0.010742
6,117,14,0.006836
6,118,26,0.012695
6,119,12,0.005859
6,120,10,0.004883
6,121,20,0.009766
6,122,14,0.006836
6,123,15,0.007324
6,124,22,0.010742
6,125,24,0.011719
6,126,23,0.011230
6,127,5,0.002441
7,0,11,0.005371
7,1,12,0.005859
7,2,8,0.003906
7,3,17,0.008301
7,4,22,0.010742
7,5,6,0.002930
7,6,17,0.008301
7,7,35,0.017090
7,8,16,0.007812
7,9,25,0.012207
7,10,30,0.014648
7,11,26,0.012695
7,12,15,0.007324
7,13,17,0.008301
7,14,39,0.019043
7,15,11,0.005371
7,16,9,0.004395
7,17,31,0.015137
7,18,7,0.003418
7,19,16,0.007812
7,20,14,0.006836
7,21,8,0.003906
7,22,13,0.006348
7,23,11,0.005371
7,24,16,0.007812
7,25,9,0.004395
7,26,15,0.007324
7,27,16,0.007812
7,28,19,0.009277
7,29,11,0.005371
7,30,19,0.009277
7,31,16,0.007812
7,32,40,0.019531
7,33,25,0.012207
7,34,13,0.006348
7,35,10,0.004883
7,36,9,0.004395
7,37,18,0.008789
7,38,14,0.006836
7,39,39,0.019043
7,40,9,0.004395
7,41,14,0.006836
7,42,13,0.006348
7,43,9,0.004395
7,44,27,0.013184
7,45,17,0.008301
7,46,19,0.009277
7,47,15,0.007324
7,48,4,0.001953
7,49,14,0.006836
7,50,9,0.004395
7,51,17,0.008301
7,52,19,0.009277
7,53,24,0.011719
7,54,17,0.008301
7,55,15,0.007324
7,56,20,0.009766
7,57,14,0.006836
7,58,7,0.003418
7,59,7,0.003418
7,60,15,0.007324
7,61,33,0.016113
7,62,17,0.008301
7,63,36,0.017578
7,64,14,0.006836
7,65,20,0.009766
7,66,15,0.007324
7,67,4,0.001953
7,68,7,0.003418
7,69,9,0.004395
7,70,27,0.013184
7,71,13,0.006348
7,72,8,0.003906
7,73,16,0.007812
7,74,12,0.005859
7,75,10,0.004883
7,76,27,0.013184
7,77,14,0.006836
7,78,25,0.012207
7,79,21,0.010254
7,80,21,0.010254
7,81,13,0.006348
7,82,14,0.006836
7,83,13,0.006348
7,84,12,0.005859
7,85,24,0.011719
7,86,7,0.003418
7,87,28,0.013672
7,88,9,0.004395
7,89,13,0.006348
7,90,14,0.006836
7,91,8,0.003906
7,92,9,0.004395
7,93,24,0.011719
7,94,12,0.005859
7,95,12,0.005859
7,96,22,0.010742
7,97,12,0.005859
7,98,15,0.007324
7,99,29,0.014160
7,100,9,0.004395
7,101,16,0.007812
7,102,42,0.020508
7,103,3,0.001465
7,104,14,0.006836
7,105,9,0.004395
7,106,19,0.009277
7,107,13,0.006348
7,108,11,0.005371
7,109,7,0.003418
7,110,17,0.008301
7,111,14,0.006836
7,112,21,0.010254
7,113,7,0.003418
7,114,19,0.009277
7,115,3,0.001465
7,116,21,0.010254
7,117,13,0.006348
7,118,9,0.004395
7,119,14,0.006836
7,120,10,0.004883
7,121,24,0.011719
7,122,8,0.003906
7,123,13,0.006348
7,124,24,0.011719
7,125,10,0.004883
7,126,18,0.008789
7,127,11,0.005371
8,0,12,0.005859
8,1,10,0.004883
8,2,26,0.012695
8,3,26,0.012695
8,4,26,0.012695
8,5,15,0.007324
8,6,9,0.004395
8,7,5,0.002441
8,8,21,0.010254
8,9,10,0.004883
8,10,9,0.004395
8,11,4,0.001953
8,12,11,0.005371
8,13,13,0.006348
8,14,13,0.006348
8,15,31,0.015137
8,16,28,0.013672
8,17,11,0.005371
8,18,25,0.012207
8,19,10,0.004883
8,20,18,0.008789
8,21,28,0.013672
8,22,20,0.009766
8,23,46,0.022461
8,24,1,0.000488
8,25,6,0.002930
8,26,11,0.005371
8,27,23,0.011230
8,28,18,0.008789
8,29,15,0.007324
8,30,12,0.005859
8,31,13,0.006348
8,32,4,0.001953
8,33,17,0.008301
8,34,12,0.005859
8,35,14,0.006836
8,36,21,0.010254
8,37,9,0.004395
8,38,8,0.003906
8,39,23,0.011230
8,40,27,0.013184
8,41,2,0.000977
8,42,2,0.000977
8,43,43,0.020996
8,44,16,0.007812
8,45,18,0.008789
8,46,27,0.013184
8,47,25,0.012207
8,48,16,0.007812
8,49,22,0.010742
8,50,9,0.004395
8,51,22,0.010742
8,52,10,0.004883
8,53,13,0.006348
8,54,19,0.009277
8,55,24,0.011719
8,56,19,0.009277
8,57,6,0.002930
8,58,15,0.007324
8,59,3,0.001465
8,60,12,0.005859
8,61,20,0.009766
8,62,29,0.014160
8,63,13,0.006348
8,64,15,0.007324
8,65,10,0.004883
8,66,11,0.005371
8,67,8,0.003906
8,68,18,0.008789
8,69,23,0.011230
8,70,3,0.001465
8,71,8,0.003906
8,72,12,0.005859
8,73,9,0.004395
8,74,28,0.013672
8,75,13,0.006348
8,76,24,0.011719
8,77,6,0.002930
8,78,6,0.002930
8,79,43,0.020996
8,80,22,0.010742
8,81,6,0.002930
8,82,12,0.005859
8,83,39,0.019043
8,84,18,0.008789
8,85,10,0.004883
8,86,17,0.008301
8,87,12,0.005859
8,88,3,0.001465
8,89,38,0.018555
8,90,28,0.013672
8,91,15,0.007324
8,92,12,0.005859
8,93,13,0.006348
8,94,4,0.001953
8,95,16,0.007812
8,96,9,0.004395
8,97,3,0.001465
8,98,13,0.006348
8,99,32,0.015625
8,100,11,0.005371
8,101,27,0.013184
8,102,24,0.011719
8,103,17,0.008301
8,104,16,0.007812
8,105,7,0.003418
8,106,9,0.004395
8,107,16,0.007812
8,108,11,0.005371
8,109,7,0.003418
8,110,34,0.016602
8,111,22,0.010742
8,112,13,0.006348
8,113,9,0.004395
8,114,17,0.008301
8,115,6,0.002930
8,116,13,0.006348
8,117,11,0.005371
8,118,12,0.005859
8,119,9,0.004395
8,120,22,0.010742
8,121,31,0.015137
8,122,16,0.007812
8,123,15,0.007324
8,124,15,0.007324
8,125,12,0.005859
8,126,24,0.011719
8,127,17,0.008301
9,0,9,0.004395
9,1,8,0.003906
9,2,14,0.006836
9,3,15,0.007324
9,4,21,0.010254
9,5,9,0.004395
9,6,22,0.010742
9,7,16,0.007812
9,8,16,0.007812
9,9,11,0.005371
9,10,24,0.011719
9,11,24,0.011719
9,12,19,0.009277
9,13,17,0.008301
9,14,16,0.007812
9,15,9,0.004395
9,16,12,0.005859
9,17,30,0.014648
9,18,20,0.009766
9,19,44,0.021484
9,20,18,0.008789
9,21,4,0.001953
9,22,16,0.007812
9,23,18,0.008789
9,24,4,0.001953
9,25,4,0.001953
9,26,25,0.012207
9,27,20,0.009766
9,28,14,0.006836
9,29,14,0.006836
9,30,7,0.003418
9,31,15,0.007324
9,32,16,0.007812
9,33,20,0.009766
9,34,6,0.002930
9,35,34,0.016602
9,36,18,0.008789
9,37,16,0.007812
9,38,13,0.006348
9,39,20,0.009766
9,40,22,0.010742
9,41,8,0.003906
9,42,10,0.004883
9,43,10,0.004883
9,44,11,0.005371
9,45,22,0.010742
9,46,19,0.009277
9,47,6,0.002930
9,48,11,0.005371
9,49,9,0.004395
9,50,11,0.005371
9,51,12,0.005859
9,52,9,0.004395
9,53,13,0.006348
9,54,21,0.010254
9,55,13,0.006348
9,56,11,0.005371
9,57,13,0.006348
9,58,21,0.010254
9,59,14,0.006836
9,60,22,0.010742
9,61,12,0.005859
9,62,29,0.014160
9,63,11,0.005371
9,64,15,0.007324
9,65,14,0.006836
9,66,13,0.006348
9,67,35,0.017090
9,68,18,0.008789
9,69,19,0.009277
9,70,29,0.014160
9,71,21,0.010254
9,72,13,0.006348
9,73,6,0.002930
9,74,14,0.006836
9,75,16,0.007812
9,76,6,0.002930
9,77,13,0.006348
9,78,31,0.015137
9,79,9,0.004395
9,80,26,0.012695
9,81,25,0.012207
9,82,11,0.005371
9,83,14,0.006836
9,84,6,0.002930
9,85,14,0.006836
9,86,9,0.004395
9,87,21,0.010254
9,88,12,0.005859
9,89,14,0.006836
9,90,25,0.012207
9,91,10,0.004883
9,92,20,0.009766
9,93,26,0.012695
9,94,16,0.007812
9,95,16,0.007812
9,96,18,0.008789
9,97,24,0.011719
9,98,24,0.011719
9,99,13,0.006348
9,100,10,0.004883
9,101,38,0.018555
9,102,13,0.006348
9,103,13,0.006348
9,104,31,0.015137
9,105,5,0.002441
9,106,13,0.006348
9,107,4,0.001953
9,108,28,0.013672
9,109,23,0.011230
9,110,20,0.009766
9,111,16,0.007812
9,112,18,0.008789
9,113,6,0.002930
9,114,11,0.005371
9,115,18,0.008789
9,116,5,0.002441
9,117,10,0.004883
9,118,29,0.014160
9,119,22,0.010742
9,120,8,0.003906
9,121,7,0.003418
9,122,13,0.006348
9,123,8,0.003906
9,124,9,0.004395
9,125,21,0.010254
9,126,21,0.010254
9,127,14,0.006836
10,0,14,0.006836
10,1,12,0.005859
10,2,19,0.009277
10,3,15,0.007324
10,4,25,0.012207
10,5,30,0.014648
10,6,20,0.009766
10,7,15,0.007324
10,8,15,0.007324
10,9,34,0.016602
10,10,17,0.008301
10,11,29,0.014160
10,12,22,0.010742
10,13,31,0.015137
10,14,20,0.009766
10,15,13,0.006348
10,16,16,0.007812
10,17,23,0.011230
10,18,14,0.006836
10,19,13,0.006348
10,20,15,0.007324
10,21,4,0.001953
10,22,20,0.009766
10,23,5,0.002441
10,24,26,0.012695
10,25,2,0.000977
10,26,12,0.005859
10,27,17,0.008301
10,28,19,0.009277
10,29,15,0.007324
10,30,12,0.005859
10,31,15,0.007324
10,32,15,0.007324
10,33,18,0.008789
10,34,11,0.005371
10,35,23,0.011230
10,36,9,0.004395
10,37,11,0.005371
10,38,32,0.015625
10,39,10,0.004883
10,40,11,0.005371
10,41,38,0.018555
10,42,21,0.010254
10,43,32,0.015625
10,44,23,0.011230
10,45,8,0.003906
10,46,27,0.013184
10,47,10,0.004883
10,48,19,0.009277
10,49,19,0.009277
10,50,15,0.007324
10,51,19,0.009277
10,52,10,0.004883
10,53,36,0.017578
10,54,12,0.005859
10,55,22,0.010742
10,56,4,0.001953
10,57,12,0.005859
10,58,24,0.011719
10,59,22,0.010742
10,60,6,0.002930
10,61,21,0.010254
10,62,11,0.005371
10,63,12,0.005859
10,64,10,0.004883
10,65,14,0.006836
10,66,3,0.001465
10,67,19,0.009277
10,68,21,0.010254
10,69,19,0.009277
10,70,34,0.016602
10,71,12,0.005859
10,72,17,0.008301
10,73,10,0.004883
10,74,18,0.008789
10,75,23,0.011230
10,76,21,0.010254
10,77,8,0.003906
10,78,9,0.004395
10,79,8,0.003906
10,80,7,0.003418
10,81,9,0.004395
10,82,16,0.007812
10,83,9,0.004395
10,84,11,0.005371
10,85,14,0.006836
10,86,6,0.002930
10,87,18,0.008789
10,88,4,0.001953
10,89,5,0.002441
10,90,14,0.006836
10,91,11,0.005371
10,92,18,0.008789
10,93,22,0.010742
10,94,19,0.009277
10,95,10,0.004883
10,96,19,0.009277
10,97,12,0.005859
10,98,22,0.010742
10,99,14,0.006836
10,100,17,0.008301
10,101,8,0.003906
10,102,7,0.003418
10,103,14,0.006836
10,104,11,0.005371
10,105,16,0.007812
10,106,17,0.008301
10,107,10,0.004883
10,108,30,0.014648
10,109,20,0.009766
10,110,20,0.009766
10,111,9,0.004395
10,112,33,0.016113
10,113,5,0.002441
10,114,26,0.012695
10,115,9,0.004395
10,116,17,0.008301
10,117,11,0.005371
10,118,15,0.007324
10,119,6,0.002930
10,120,10,0.004883
10,121,23,0.011230
10,122,18,0.008789
10,123,20,0.009766
10,124,14,0.006836
10,125,19,0.009277
10,126,9,0.004395
10,127,6,0.002930
11,0,16,0.007812
11,1,12,0.005859
11,2,25,0.012207
11,3,11,0.005371
11,4,43,0.020996
11,5,6,0.002930
11,6,12,0.005859
11,7,11,0.005371
11,8,13,0.006348
11,9,13,0.006348
11,10,7,0.003418
11,11,13,0.006348
11,12,14,0.006836
11,13,14,0.006836
11,14,9,0.004395
11,15,9,0.004395
11,16,15,0.007324
11,17,9,0.004395
11,18,10,0.004883
11,19,15,0.007324
11,20,11,0.005371
11,21,11,0.005371
11,22,32,0.015625
11,23,21,0.010254
11,24,24,0.011719
11,25,18,0.008789
11,26,13,0.006348
11,27,26,0.012695
11,28,20,0.009766
11,29,8,0.003906
11,30,19,0.009277
11,31,33,0.016113
11,32,25,0.012207
11,33,27,0.013184
11,34,11,0.005371
11,35,11,0.005371
11,36,21,0.010254
11,37,10,0.004883
11,38,6,0.002930
11,39,21,0.010254
11,40,11,0.005371
11,41,29,0.014160
11,42,11,0.005371
11,43,14,0.006836
11,44,6,0.002930
11,45,30,0.014648
11,46,8,0.003906
11,47,8,0.003906
11,48,24,0.011719
11,49,13,0.006348
11,50,11,0.005371
11,51,13,0.006348
11,52,11,0.005371
11,53,18,0.008789
11,54,14,0.006836
11,55,5,0.002441
11,56,20,0.009766
11,57,25,0.012207
11,58,19,0.009277
11,59,8,0.003906
11,60,30,0.014648
11,61,12,0.005859
11,62,22,0.010742
11,63,37,0.018066
11,64,17,0.008301
11,65,4,0.001953
11,66,8,0.003906
11,67,17,0.008301
11,68,20,0.009766
11,69,8,0.003906
11,70,7,0.003418
11,71,29,0.014160
11,72,44,0.021484
11,73,22,0.010742
11,74,15,0.007324
11,75,19,0.009277
11,76,23,0.011230
11,77,19,0.009277
11,78,9,0.004395
11,79,36,0.017578
11,80,4,0.001953
11,81,17,0.008301
11,82,5,0.002441
11,83,21,0.010254
11,84,12,0.005859
11,85,16,0.007812
11,86,12,0.005859
11,87,6,0.002930
11,88,20,0.009766
11,89,8,0.003906
11,90,29,0.014160
11,91,4,0.001953
11,92,16,0.007812
11,93,8,0.003906
11,94,7,0.003418
11,95,12,0.005859
11,96,16,0.007812
11,97,13,0.006348
11,98,12,0.005859
11,99,10,0.004883
11,100,25,0.012207
11,101,14,0.006836
11,102,11,0.005371
11,103,16,0.007812
11,104,24,0.011719
11,105,15,0.007324
11,106,15,0.007324
11,107,6,0.002930
11,108,13,0.006348
11,109,12,0.005859
11,110,9,0.004395
11,111,14,0.006836
11,112,16,0.007812
11,113,6,0.002930
11,114,18,0.008789
11,115,27,0.013184
11,116,15,0.007324
11,117,12,0.005859
11,118,10,0.004883
11,119,32,0.015625
11,120,16,0.007812
11,121,6,0.002930
11,122,34,0.016602
11,123,29,0.014160
11,124,15,0.007324
11,125,22,0.010742
11,126,18,0.008789
11,127,9,0.004395
12,0,21,0.010254
12,1,9,0.004395
12,2,14,0.006836
12,3,15,0.007324
12,4,20,0.009766
12,5,18,0.008789
12,6,15,0.007324
12,7,21,0.010254
12,8,13,0.006348
12,9,17,0.008301
12,10,21,0.010254
12,11,22,0.010742
12,12,36,0.017578
12,13,27,0.013184
12,14,14,0.006836
12,15,23,0.011230
12,16,17,0.008301
12,17,14,0.006836
12,18,13,0.006348
12,19,7,0.003418
12,20,17,0.008301
12,21,13,0.006348
12,22,17,0.008301
12,23,15,0.007324
12,24,13,0.006348
12,25,12,0.005859
12,26,11,0.005371
12,27,24,0.011719
12,28,16,0.007812
12,29,14,0.006836
12,30,33,0.016113
12,31,47,0.022949
12,32,11,0.005371
12,33,19,0.009277
12,34,6,0.002930
12,35,24,0.011719
12,36,21,0.010254
12,37,15,0.007324
12,38,15,0.007324
12,39,20,0.009766
12,40,18,0.008789
12,41,6,0.002930
12,42,5,0.002441
12,43,13,0.006348
12,44,16,0.007812
12,45,32,0.015625
12,46,7,0.003418
12,47,15,0.007324
12,48,18,0.008789
12,49,14,0.006836
12,50,8,0.003906
12,51,10,0.004883
12,52,16,0.007812
12,53,25,0.012207
12,54,24,0.011719
12,55,5,0.002441
12,56,12,0.005859
12,57,14,0.006836
12,58,22,0.010742
12,59,14,0.006836
12,60,18,0.008789
12,61,15,0.007324
12,62,32,0.015625
12,63,6,0.002930
12,64,10,0.004883
12,65,22,0.010742
12,66,21,0.010254
12,67,9,0.004395
12,68,11,0.005371
12,69,13,0.006348
12,70,24,0.011719
12,71,15,0.007324
12,72,31,0.015137
12,73,12,0.005859
12,74,10,0.004883
12,75,9,0.004395
12,76,5,0.002441
12,77,17,0.008301
12,78,9,0.004395
12,79,19,0.009277
12,80,25,0.012207
12,81,7,0.003418
12,82,9,0.004395
12,83,25,0.012207
12,84,9,0.004395
12,85,11,0.005371
12,86,6,0.002930
12,87,15,0.007324
12,88,18,0.008789
12,89,12,0.005859
12,90,17,0.008301
12,91,11,0.005371
12,92,13,0.006348
12,93,16,0.007812
12,94,22,0.010742
12,95,8,0.003906
12,96,18,0.008789
12,97,11,0.005371
12,98,28,0.013672
12,99,12,0.005859
12,100,29,0.014160
12,101,6,0.002930
12,102,14,0.006836
12,103,24,0.011719
12,104,28,0.013672
12,105,28,0.013672
12,106,15,0.007324
12,107,8,0.003906
12,108,10,0.004883
12,109,20,0.009766
12,110,12,0.005859
12,111,19,0.009277
12,112,30,0.014648
12,113,18,0.008789
12,114,4,0.001953
12,115,7,0.003418
12,116,14,0.006836
12,117,10,0.004883
12,118,11,0.005371
12,119,14,0.006836
12,120,9,0.004395
12,121,15,0.007324
12,122,15,0.007324
12,123,13,0.006348
12,124,13,0.006348
12,125,18,0.008789
12,126,14,0.006836
12,127,15,0.007324
13,0,16,0.007812
13,1,9,0.004395
13,2,13,0.006348
13,3,9,0.004395
13,4,15,0.007324
13,5,30,0.014648
13,6,13,0.006348
13,7,15,0.007324
13,8,36,0.017578
13,9,13,0.006348
13,10,7,0.003418
13,11,17,0.008301
13,12,12,0.005859
13,13,17,0.008301
13,14,6,0.002930
13,15,24,0.011719
13,16,14,0.006836
13,17,25,0.012207
13,18,22,0.010742
13,19,7,0.003418
13,20,19,0.009277
13,21,18,0.008789
13,22,25,0.012207
13,23,18,0.008789
13,24,11,0.005371
13,25,13,0.006348
13,26,15,0.007324
13,27,18,0.008789
13,28,10,0.004883
13,29,17,0.008301
13,30,15,0.007324
13,31,15,0.007324
13,32,18,0.008789
13,33,17,0.008301
13,34,7,0.003418
13,35,5,0.002441
13,36,2,0.000977
13,37,8,0.003906
13,38,18,0.008789
13,39,22,0.010742
13,40,4,0.001953
13,41,23,0.011230
13,42,19,0.009277
13,43,17,0.008301
13,44,23,0.011230
13,45,19,0.009277
13,46,9,0.004395
13,47,22,0.010742
13,48,12,0.005859
13,49,18,0.008789
13,50,4,0.001953
13,51,19,0.009277
13,52,4,0.001953
13,53,39,0.019043
13,54,8,0.003906
13,55,28,0.013672
13,56,7,0.003418
13,57,10,0.004883
13,58,12,0.005859
13,59,7,0.003418
13,60,30,0.014648
13,61,7,0.003418
13,62,13,0.006348
13,63,22,0.010742
13,64,17,0.008301
13,65,14,0.006836
13,66,12,0.005859
13,67,9,0.004395
13,68,32,0.015625
13,69,11,0.005371
13,70,12,0.005859
13,71,19,0.009277
13,72,23,0.011230
13,73,28,0.013672
13,74,15,0.007324
13,75,32,0.015625
13,76,14,0.006836
13,77,3,0.001465
13,78,18,0.008789
13,79,10,0.004883
13,80,14,0.006836
13,81,17,0.008301
13,82,9,0.004395
13,83,8,0.003906
13,84,15,0.007324
13,85,31,0.015137
13,86,13,0.006348
13,87,14,0.006836
13,88,12,0.005859
13,89,16,0.007812
13,90,19,0.009277
13,91,28,0.013672
13,92,17,0.008301
13,93,15,0.007324
13,94,20,0.009766
13,95,19,0.009277
13,96,8,0.003906
13,97,4,0.001953
13,98,10,0.004883
13,99,34,0.016602
13,100,20,0.009766
13,101,9,0.004395
13,102,21,0.010254
13,103,17,0.008301
13,104,18,0.008789
13,105,14,0.006836
13,106,25,0.012207
13,107,23,0.011230
13,108,7,0.003418
13,109,21,0.010254
13,110,15,0.007324
13,111,18,0.008789
13,112,5,0.002441
13,113,15,0.007324
13,114,16,0.007812
13,115,28,0.013672
13,116,15,0.007324
13,117,11,0.005371
13,118,6,0.002930
13,119,12,0.005859
13,120,26,0.012695
13,121,16,0.007812
13,122,7,0.003418
13,123,29,0.014160
13,124,27,0.013184
13,125,18,0.008789
13,126,11,0.005371
13,127,19,0.009277
14,0,22,0.010742
14,1,14,0.006836
14,2,26,0.012695
14,3,16,0.007812
14,4,16,0.007812
14,5,17,0.008301
14,6,15,0.007324
14,7,21,0.010254
14,8,52,0.025391
14,9,13,0.006348
14,10,31,0.015137
14,11,24,0.011719
14,12,2,0.000977
14,13,14,0.006836
14,14,13,0.006348
14,15,9,0.004395
14,16,8,0.003906
14,17,18,0.008789
14,18,11,0.005371
14,19,21,0.010254
14,20,15,0.007324
14,21,8,0.003906
14,22,12,0.005859
14,23,13,0.006348
14,24,31,0.015137
14,25,4,0.001953
14,26,20,0.009766
14,27,13,0.006348
14,28,7,0.003418
14,29,14,0.006836
14,30,8,0.003906
14,31,12,0.005859
14,32,23,0.011230
14,33,22,0.010742
14,34,3,0.001465
14,35,14,0.006836
14,36,12,0.005859
14,37,10,0.004883
14,38,32,0.015625
14,39,11,0.005371
14,40,14,0.006836
14,41,22,0.010742
14,42,25,0.012207
14,43,10,0.004883
14,44,14,0.006836
14,45,5,0.002441
14,46,25,0.012207
14,47,34,0.016602
14,48,21,0.010254
14,49,12,0.005859
14,50,10,0.004883
14,51,7,0.003418
14,52,13,0.006348
14,53,20,0.009766
14,54,19,0.009277
14,55,8,0.003906
14,56,29,0.014160
14,57,8,0.003906
14,58,22,0.010742
14,59,20,0.009766
14,60,17,0.008301
14,61,21,0.010254
14,62,13,0.006348
14,63,13,0.006348
14,64,18,0.008789
14,65,32,0.015625
14,66,20,0.009766
14,67,7,0.003418
14,68,32,0.015625
14,69,31,0.015137
14,70,15,0.007324
14,71,13,0.006348
14,72,8,0.003906
14,73,7,0.003418
14,74,9,0.004395
14,75,6,0.002930
14,76,4,0.001953
14,77,20,0.009766
14,78,9,0.004395
14,79,12,0.005859
14,80,16,0.007812
14,81,10,0.004883
14,82,10,0.004883
14,83,21,0.010254
14,84,37,0.018066
14,85,22,0.010742
14,86,3,0.001465
14,87,13,0.006348
14,88,25,0.012207
14,89,20,0.009766
14,90,2,0.000977
14,91,10,0.004883
14,92,20,0.009766
14,93,36,0.017578
14,94,15,0.007324
14,95,12,0.005859
14,96,13,0.006348
14,97,21,0.010254
14,98,20,0.009766
14,99,24,0.011719
14,100,2,0.000977
14,101,20,0.009766
14,102,9,0.004395
14,103,12,0.005859
14,104,15,0.007324
14,105,9,0.004395
14,106,12,0.005859
14,107,5,0.002441
14,108,10,0.004883
14,109,24,0.011719
14,110,17,0.008301
14,111,21,0.010254
14,112,24,0.011719
14,113,16,0.007812
14,114,3,0.001465
14,115,17,0.008301
14,116,10,0.004883
14,117,21,0.010254
14,118,28,0.013672
14,119,16,0.007812
14,120,23,0.011230
14,121,6,0.002930
14,122,16,0.007812
14,123,9,0.004395
14,124,9,0.004395
14,125,17,0.008301
14,126,12,0.005859
14,127,23,0.011230
15,0,14,0.006836
15,1,18,0.008789
15,2,7,0.003418
15,3,6,0.002930
15,4,31,0.015137
15,5,19,0.009277
15,6,18,0.008789
15,7,7,0.003418
15,8,11,0.005371
15,9,15,0.007324
15,10,8,0.003906
15,11,5,0.002441
15,12,10,0.004883
15,13,27,0.013184
15,14,12,0.005859
15,15,14,0.006836
15,16,15,0.007324
15,17,13,0.006348
15,18,24,0.011719
15,19,16,0.007812
15,20,24,0.011719
15,21,29,0.014160
15,22,15,0.007324
15,23,8,0.003906
15,24,24,0.011719
15,25,5,0.002441
15,26,41,0.020020
15,27,29,0.014160
15,28,12,0.005859
15,29,15,0.007324
15,30,20,0.009766
15,31,9,0.004395
15,32,14,0.006836
15,33,26,0.012695
15,34,14,0.006836
15,35,14,0.006836
15,36,44,0.021484
15,37,19,0.009277
15,38,15,0.007324
15,39,25,0.012207
15,40,21,0.010254
15,41,5,0.002441
15,42,12,0.005859
15,43,18,0.008789
15,44,10,0.004883
15,45,13,0.006348
15,46,12,0.005859
15,47,24,0.011719
15,48,15,0.007324
15,49,17,0.008301
15,50,10,0.004883
15,51,6,0.002930
15,52,3,0.001465
15,53,11,0.005371
15,54,12,0.005859
15,55,8,0.003906
15,56,41,0.020020
15,57,16,0.007812
15,58,11,0.005371
15,59,14,0.006836
15,60,19,0.009277
15,61,24,0.011719
15,62,30,0.014648
15,63,17,0.008301
15,64,15,0.007324
15,65,9,0.004395
15,66,7,0.003418
15,67,8,0.003906
15,68,15,0.007324
15,69,13,0.006348
15,70,11,0.005371
15,71,12,0.005859
15,72,22,0.010742
15,73,3,0.001465
15,74,14,0.006836
15,75,16,0.007812
15,76,14,0.006836
15,77,17,0.008301
15,78,16,0.007812
15,79,5,0.002441
15,80,20,0.009766
15,81,12,0.005859
15,82,15,0.007324
15,83,24,0.011719
15,84,17,0.008301
15,85,19,0.009277
15,86,14,0.006836
15,87,29,0.014160
15,88,31,0.015137
15,89,8,0.003906
15,90,2,0.000977
15,91,18,0.008789
15,92,16,0.007812
15,93,15,0.007324
15,94,13,0.006348
15,95,10,0.004883
15,96,10,0.004883
15,97,6,0.002930
15,98,23,0.011230
15,99,21,0.010254
15,100,20,0.009766
15,101,4,0.001953
15,102,13,0.006348
15,103,16,0.007812
15,104,8,0.003906
15,105,20,0.009766
15,106,23,0.011230
15,107,13,0.006348
15,108,19,0.009277
15,109,37,0.018066
15,110,5,0.002441
15,111,8,0.003906
15,112,14,0.006836
15,113,23,0.011230
15,114,21,0.010254
15,115,25,0.012207
15,116,26,0.012695
15,117,12,0.005859
15,118,20,0.009766
15,119,19,0.009277
15,120,29,0.014160
15,121,20,0.009766
15,122,6,0.002930
15,123,12,0.005859
15,124,13,0.006348
15,125,22,0.010742
15,126,17,0.008301
15,127,2,0.000977
16,0,16,0.007812
16,1,5,0.002441
16,2,29,0.014160
16,3,25,0.012207
16,4,10,0.004883
16,5,24,0.011719
16,6,41,0.020020
16,7,23,0.011230
16,8,6,0.002930
16,9,14,0.006836
16,10,28,0.013672
16,11,30,0.014648
16,12,23,0.011230
16,13,12,0.005859
16,14,12,0.005859
16,15,24,0.011719
16,16,33,0.016113
16,17,6,0.002930
16,18,13,0.006348
16,19,11,0.005371
16,20,18,0.008789
16,21,12,0.005859
16,22,27,0.013184
16,23,23,0.011230
16,24,33,0.016113
16,25,23,0.011230
16,26,2,0.000977
16,27,13,0.006348
16,28,15,0.007324
16,29,32,0.015625
16,30,11,0.005371
16,31,20,0.009766
16,32,16,0.007812
16,33,17,0.008301
16,34,10,0.004883
16,35,5,0.002441
16,36,25,0.012207
16,37,20,0.009766
16,38,11,0.005371
16,39,7,0.003418
16,40,16,0.007812
16,41,23,0.011230
16,42,6,0.002930
16,43,36,0.017578
16,44,16,0.007812
16,45,22,0.010742
16,46,11,0.005371
16,47,25,0.012207
16,48,18,0.008789
16,49,21,0.010254
16,50,11,0.005371
16,51,15,0.007324
16,52,17,0.008301
16,53,36,0.017578
16,54,29,0.014160
16,55,10,0.004883
16,56,27,0.013184
16,57,8,0.003906
16,58,13,0.006348
16,59,19,0.009277
16,60,14,0.006836
16,61,20,0.009766
16,62,15,0.007324
16,63,5,0.002441
16,64,17,0.008301
16,65,3,0.001465
16,66,5,0.002441
16,67,20,0.009766
16,68,17,0.008301
16,69,18,0.008789
16,70,10,0.004883
16,71,6,0.002930
16,72,33,0.016113
16,73,14,0.006836
16,74,11,0.005371
16,75,13,0.006348
16,76,2,0.000977
16,77,9,0.004395
16,78,22,0.010742
16,79,3,0.001465
16,80,16,0.007812
16,81,19,0.009277
16,82,7,0.003418
16,83,7,0.003418
16,84,13,0.006348
16,85,11,0.005371
16,86,15,0.007324
16,87,4,0.001953
16,88,10,0.004883
16,89,7,0.003418
16,90,31,0.015137
16,91,24,0.011719
16,92,12,0.005859
16,93,4,0.001953
16,94,15,0.007324
16,95,14,0.006836
16,96,26,0.012695
16,97,7,0.003418
16,98,16,0.007812
16,99,7,0.003418
16,100,2,0.000977
16,101,12,0.005859
16,102,5,0.002441
16,103,8,0.003906
16,104,18,0.008789
16,105,17,0.008301
16,106,12,0.005859
16,107,13,0.006348
16,108,20,0.009766
16,109,13,0.006348
16,110,17,0.008301
16,111,18,0.008789
16,112,15,0.007324
16,113,11,0.005371
16,114,22,0.010742
16,115,11,0.005371
16,116,16,0.007812
16,117,24,0.011719
16,118,10,0.004883
16,119,11,0.005371
16,120,28,0.013672
16,121,24,0.011719
16,122,5,0.002441
16,123,17,0.008301
16,124,17,0.008301
16,125,22,0.010742
16,126,24,0.011719
16,127,10,0.004883
17,0,5,0.002441
17,1,23,0.011230
17,2,9,0.004395
17,3,10,0.004883
17,4,7,0.003418
17,5,37,0.018066
17,6,23,0.011230
17,7,13,0.006348
17,8,12,0.005859
17,9,19,0.009277
17,10,21,0.010254
17,11,16,0.007812
17,12,15,0.007324
17,13,9,0.004395
17,14,22,0.010742
17,15,31,0.015137
17,16,10,0.004883
17,17,6,0.002930
17,18,14,0.006836
17,19,10,0.004883
17,20,25,0.012207
17,21,21,0.010254
17,22,12,0.005859
17,23,12,0.005859
17,24,23,0.011230
17,25,13,0.006348
17,26,22,0.010742
17,27,13,0.006348
17,28,28,0.013672
17,29,20,0.009766
17,30,36,0.017578
17,31,10,0.004883
17,32,8,0.003906
17,33,10,0.004883
17,34,3,0.001465
17,35,21,0.010254
17,36,20,0.009766
17,37,22,0.010742
17,38,11,0.005371
17,39,21,0.010254
17,40,14,0.006836
17,41,6,0.002930
17,42,12,0.005859
17,43,6,0.002930
17,44,25,0.012207
17,45,14,0.006836
17,46,15,0.007324
17,47,9,0.004395
17,48,12,0.005859
17,49,26,0.012695
17,50,12,0.005859
17,51,35,0.017090
17,52,19,0.009277
17,53,9,0.004395
17,54,12,0.005859
17,55,15,0.007324
17,56,14,0.006836
17,57,39,0.019043
17,58,12,0.005859
17,59,14,0.006836
17,60,15,0.007324
17,61,3,0.001465
17,62,13,0.006348
17,63,10,0.004883
17,64,9,0.004395
17,65,40,0.019531
17,66,22,0.010742
17,67,11,0.005371
17,68,18,0.008789
17,69,11,0.005371
17,70,20,0.009766
17,71,23,0.011230
17,72,5,0.002441
17,73,6,0.002930
17,74,18,0.008789
17,75,22,0.010742
17,76,25,0.012207
17,77,14,0.006836
17,78,7,0.003418
17,79,13,0.006348
17,80,27,0.013184
17,81,6,0.002930
17,82,30,0.014648
17,83,15,0.007324
17,84,19,0.009277
17,85,18,0.008789
17,86,16,0.007812
17,87,3,0.001465
17,88,23,0.011230
17,89,18,0.008789
17,90,14,0.006836
17,91,6,0.002930
17,92,10,0.004883
17,93,17,0.008301
17,94,6,0.002930
17,95,7,0.003418
17,96,2,0.000977
17,97,23,0.011230
17,98,23,0.011230
17,99,22,0.010742
17,100,36,0.017578
17,101,11,0.005371
17,102,7,0.003418
17,103,24,0.011719
17,104,2,0.000977
17,105,4,0.001953
17,106,16,0.007812
17,107,11,0.005371
17,108,31,0.015137
17,109,23,0.011230
17,110,8,0.003906
17,111,19,0.009277
17,112,11,0.005371
17,113,25,0.012207
17,114,16,0.007812
17,115,20,0.009766
17,116,25,0.012207
17,117,32,0.015625
17,118,16,0.007812
17,119,10,0.004883
17,120,16,0.007812
17,121,13,0.006348
17,122,8,0.003906
17,123,19,0.009277
17,124,18,0.008789
17,125,7,0.003418
17,126,18,0.008789
17,127,9,0.004395
18,0,15,0.007324
18,1,11,0.005371
18,2,3,0.001465
18,3,8,0.003906
18,4,10,0.004883
18,5,14,0.006836
18,6,6,0.002930
18,7,19,0.009277
18,8,31,0.015137
18,9,15,0.007324
18,10,13,0.006348
18,11,21,0.010254
18,12,20,0.009766
18,13,13,0.006348
18,14,6,0.002930
18,15,29,0.014160
18,16,9,0.004395
18,17,18,0.008789
18,18,31,0.015137
18,19,11,0.005371
18,20,22,0.010742
18,21,15,0.007324
18,22,16,0.007812
18,23,21,0.010254
18,24,8,0.003906
18,25,16,0.007812
18,26,26,0.012695
18,27,24,0.011719
18,28,22,0.010742
18,29,23,0.011230
18,30,9,0.004395
18,31,5,0.002441
18,32,16,0.007812
18,33,10,0.004883
18,34,24,0.011719
18,35,9,0.004395
18,36,5,0.002441
18,37,19,0.009277
18,38,32,0.015625
18,39,9,0.004395
18,40,11,0.005371
18,41,15,0.007324
18,42,18,0.008789
18,43,9,0.004395
18,44,8,0.003906
18,45,26,0.012695
18,46,17,0.008301
18,47,31,0.015137
18,48,11,0.005371
18,49,11,0.005371
18,50,11,0.005371
18,51,9,0.004395
18,52,26,0.012695
18,53,11,0.005371
18,54,24,0.011719
18,55,16,0.007812
18,56,13,0.006348
18,57,9,0.004395
18,58,8,0.003906
18,59,28,0.013672
18,60,5,0.002441
18,61,5,0.002441
18,62,15,0.007324
18,63,20,0.009766
18,64,6,0.002930
18,65,25,0.012207
18,66,18,0.008789
18,67,5,0.002441
18,68,21,0.010254
18,69,9,0.004395
18,70,22,0.010742
18,71,11,0.005371
18,72,11,0.005371
18,73,22,0.010742
18,74,11,0.005371
18,75,14,0.006836
18,76,23,0.011230
18,77,31,0.015137
18,78,8,0.003906
18,79,22,0.010742
18,80,6,0.002930
18,81,6,0.002930
18,82,22,0.010742
18,83,18,0.008789
18,84,20,0.009766
18,85,14,0.006836
18,86,28,0.013672
18,87,10,0.004883
18,88,15,0.007324
18,89,16,0.007812
18,90,4,0.001953
18,91,22,0.010742
18,92,12,0.005859
18,93,16,0.007812
18,94,6,0.002930
18,95,12,0.005859
18,96,16,0.007812
18,97,27,0.013184
18,98,24,0.011719
18,99,19,0.009277
18,100,41,0.020020
18,101,18,0.008789
18,102,12,0.005859
18,103,39,0.019043
18,104,14,0.006836
18,105,22,0.010742
18,106,17,0.008301
18,107,8,0.003906
18,108,17,0.008301
18,109,24,0.011719
18,110,4,0.001953
18,111,15,0.007324
18,112,20,0.009766
18,113,27,0.013184
18,114,17,0.008301
18,115,11,0.005371
18,116,5,0.002441
18,117,22,0.010742
18,118,25,0.012207
18,119,9,0.004395
18,120,11,0.005371
18,121,6,0.002930
18,122,27,0.013184
18,123,15,0.007324
18,124,25,0.012207
18,125,14,0.006836
18,126,12,0.005859
18,127,8,0.003906
19,0,21,0.010254
19,1,28,0.013672
19,2,21,0.010254
19,3,21,0.010254
19,4,13,0.006348
19,5,15,0.007324
19,6,6,0.002930
19,7,18,0.008789
19,8,17,0.008301
19,9,19,0.009277
19,10,28,0.013672
19,11,9,0.004395
19,12,16,0.007812
19,13,21,0.010254
19,14,26,0.012695
19,15,27,0.013184
19,16,16,0.007812
19,17,17,0.008301
19,18,42,0.020508
19,19,9,0.004395
19,20,17,0.008301
19,21,10,0.004883
19,22,21,0.010254
19,23,14,0.006836
19,24,20,0.009766
19,25,1,0.000488
19,26,11,0.005371
19,27,15,0.007324
19,28,20,0.009766
19,29,14,0.006836
19,30,11,0.005371
19,31,21,0.010254
19,32,11,0.005371
19,33,21,0.010254
19,34,8,0.003906
19,35,21,0.010254
19,36,16,0.007812
19,37,11,0.005371
19,38,14,0.006836
19,39,5,0.002441
19,40,11,0.005371
19,41,12,0.005859
19,42,16,0.007812
19,43,10,0.004883
19,44,5,0.002441
19,45,2,0.000977
19,46,21,0.010254
19,47,12,0.005859
19,48,13,0.006348
19,49,7,0.003418
19,50,11,0.005371
19,51,18,0.008789
19,52,23,0.011230
19,53,5,0.002441
19,54,23,0.011230
19,55,10,0.004883
19,56,10,0.004883
19,57,10,0.004883
19,58,14,0.006836
19,59,12,0.005859
19,60,3,0.001465
19,61,19,0.009277
19,62,17,0.008301
19,63,23,0.011230
19,64,20,0.009766
19,65,12,0.005859
19,66,16,0.007812
19,67,21,0.010254
19,68,11,0.005371
19,69,18,0.008789
19,70,9,0.004395
19,71,12,0.005859
19,72,10,0.004883
19,73,30,0.014648
19,74,6,0.002930
19,75,24,0.011719
19,76,17,0.008301
19,77,12,0.005859
19,78,12,0.005859
19,79,11,0.005371
19,80,20,0.009766
19,81,14,0.006836
19,82,5,0.002441
19,83,9,0.004395
19,84,14,0.006836
19,85,9,0.004395
19,86,14,0.006836
19,87,10,0.004883
19,88,32,0.015625
19,89,11,0.005371
19,90,10,0.004883
19,91,26,0.012695
19,92,33,0.016113
19,93,8,0.003906
19,94,20,0.009766
19,95,13,0.006348
19,96,13,0.006348
19,97,41,0.020020
19,98,11,0.005371
19,99,24,0.011719
19,100,27,0.013184
19,101,37,0.018066
19,102,10,0.004883
19,103,17,0.008301
19,104,28,0.013672
19,105,22,0.010742
19,106,10,0.004883
19,107,9,0.004395
19,108,13,0.006348
19,109,18,0.008789
19,110,12,0.005859
19,111,15,0.007324
19,112,15,0.007324
19,113,24,0.011719
19,114,14,0.006836
19,115,14,0.006836
19,116,34,0.016602
19,117,17,0.008301
19,118,9,0.004395
19,119,14,0.006836
19,120,14,0.006836
19,121,13,0.006348
19,122,23,0.011230
19,123,13,0.006348
19,124,10,0.004883
19,125,23,0.011230
19,126,13,0.006348
19,127,23,0.011230
20,0,16,0.007812
20,1,21,0.010254
20,2,24,0.011719
20,3,13,0.006348
20,4,1,0.000488
20,5,14,0.006836
20,6,16,0.007812
20,7,15,0.007324
20,8,16,0.007812
20,9,29,0.014160
20,10,10,0.004883
20,11,14,0.006836
20,12,10,0.004883
20,13,23,0.011230
20,14,7,0.003418
20,15,7,0.003418
20,16,19,0.009277
20,17,11,0.005371
20,18,14,0.006836
20,19,12,0.005859
20,20,14,0.006836
20,21,12,0.005859
20,22,20,0.009766
20,23,9,0.004395
20,24,18,0.008789
20,25,11,0.005371
20,26,31,0.015137
20,27,19,0.009277
20,28,12,0.005859
20,29,19,0.009277
20,30,11,0.005371
20,31,9,0.004395
20,32,38,0.018555
20,33,26,0.012695
20,34,19,0.009277
20,35,25,0.012207
20,36,4,0.001953
20,37,12,0.005859
20,38,9,0.004395
20,39,37,0.018066
20,40,34,0.016602
20,41,12,0.005859
20,42,14,0.006836
20,43,13,0.006348
20,44,16,0.007812
20,45,13,0.006348
20,46,18,0.008789
20,47,17,0.008301
20,48,17,0.008301
20,49,18,0.008789
20,50,30,0.014648
20,51,18,0.008789
20,52,11,0.005371
20,53,30,0.014648
20,54,7,0.003418
20,55,21,0.010254
20,56,12,0.005859
20,57,29,0.014160
20,58,32,0.015625
20,59,15,0.007324
20,60,12,0.005859
20,61,14,0.006836
20,62,18,0.008789
20,63,17,0.008301
20,64,6,0.002930
20,65,7,0.003418
20,66,21,0.010254
20,67,19,0.009277
20,68,7,0.003418
20,69,19,0.009277
20,70,15,0.007324
20,71,9,0.004395
20,72,11,0.005371
20,73,9,0.004395
20,74,7,0.003418
20,75,16,0.007812
20,76,9,0.004395
20,77,18,0.008789
20,78,11,0.005371
20,79,18,0.008789
20,80,10,0.004883
20,81,19,0.009277
20,82,17,0.008301
20,83,13,0.006348
20,84,24,0.011719
20,85,15,0.007324
20,86,35,0.017090
20,87,19,0.009277
20,88,17,0.008301
20,89,20,0.009766
20,90,27,0.013184
20,91,23,0.011230
20,92,13,0.006348
20,93,7,0.003418
20,94,34,0.016602
20,95,25,0.012207
20,96,24,0.011719
20,97,21,0.010254
20,98,6,0.002930
20,99,19,0.009277
20,100,3,0.001465
20,101,14,0.006836
20,102,21,0.010254
20,103,14,0.006836
20,104,7,0.003418
20,105,15,0.007324
20,106,4,0.001953
20,107,16,0.007812
20,108,10,0.004883
20,109,20,0.009766
20,110,8,0.003906
20,111,11,0.005371
20,112,18,0.008789
20,113,4,0.001953
20,114,10,0.004883
20,115,11,0.005371
20,116,19,0.009277
20,117,5,0.002441
20,118,18,0.008789
20,119,13,0.006348
20,120,12,0.005859
20,121,7,0.003418
20,122,6,0.002930
20,123,24,0.011719
20,124,25,0.012207
20,125,18,0.008789
20,126,10,0.004883
20,127,30,0.014648
21,0,9,0.004395
21,1,19,0.009277
21,2,35,0.017090
21,3,5,0.002441
21,4,19,0.009277
21,5,16,0.007812
21,6,14,0.006836
21,7,2,0.000977
21,8,17,0.008301
21,9,21,0.010254
21,10,27,0.013184
21,11,13,0.006348
21,12,6,0.002930
21,13,18,0.008789
21,14,43,0.020996
21,15,20,0.009766
21,16,30,0.014648
21,17,12,0.005859
21,18,16,0.007812
21,19,19,0.009277
21,20,13,0.006348
21,21,22,0.010742
21,22,20,0.009766
21,23,32,0.015625
21,24,9,0.004395
21,25,11,0.005371
21,26,6,0.002930
21,27,33,0.016113
21,28,16,0.007812
21,29,14,0.006836
21,30,6,0.002930
21,31,12,0.005859
21,32,33,0.016113
21,33,23,0.011230
21,34,3,0.001465
21,35,10,0.004883
21,36,7,0.003418
21,37,18,0.008789
21,38,17,0.008301
21,39,21,0.010254
21,40,11,0.005371
21,41,9,0.004395
21,42,9,0.004395
21,43,22,0.010742
21,44,11,0.005371
21,45,10,0.004883
21,46,10,0.004883
21,47,23,0.011230
21,48,9,0.004395
21,49,15,0.007324
21,50,11,0.005371
21,51,12,0.005859
21,52,4,0.001953
21,53,10,0.004883
21,54,26,0.012695
21,55,17,0.008301
21,56,9,0.004395
21,57,19,0.009277
21,58,36,0.017578
21,59,14,0.006836
21,60,10,0.004883
21,61,18,0.008789
21,62,29,0.014160
21,63,25,0.012207
21,64,14,0.006836
21,65,26,0.012695
21,66,10,0.004883
21,67,17,0.008301
21,68,4,0.001953
21,69,20,0.009766
21,70,15,0.007324
21,71,25,0.012207
21,72,2,0.000977
21,73,17,0.008301
21,74,14,0.006836
21,75,14,0.006836
21,76,30,0.014648
21,77,17,0.008301
21,78,21,0.010254
21,79,7,0.003418
21,80,20,0.009766
21,81,29,0.014160
21,82,13,0.006348
21,83,34,0.016602
21,84,13,0.006348
21,85,8,0.003906
21,86,20,0.009766
21,87,25,0.012207
21,88,17,0.008301
21,89,2,0.000977
21,90,28,0.013672
21,91,19,0.009277
21,92,10,0.004883
21,93,26,0.012695
21,94,19,0.009277
21,95,12,0.005859
21,96,12,0.005859
21,97,16,0.007812
21,98,6,0.002930
21,99,3,0.001465
21,100,12,0.005859
21,101,33,0.016113
21,102,9,0.004395
21,103,10,0.004883
21,104,27,0.013184
21,105,22,0.010742
21,106,13,0.006348
21,107,17,0.008301
21,108,8,0.003906
21,109,9,0.004395
21,110,8,0.003906
21,111,5,0.002441
21,112,23,0.011230
21,113,18,0.008789
21,114,14,0.006836
21,115,16,0.007812
21,116,4,0.001953
21,117,19,0.009277
21,118,18,0.008789
21,119,12,0.005859
21,120,14,0.006836
21,121,4,0.001953
21,122,18,0.008789
21,123,12,0.005859
21,124,14,0.006836
21,125,7,0.003418
21,126,19,0.009277
21,127,22,0.010742
22,0,14,0.006836
22,1,2,0.000977
22,2,9,0.004395
22,3,12,0.005859
22,4,19,0.009277
22,5,16,0.007812
22,6,15,0.007324
22,7,25,0.012207
22,8,8,0.003906
22,9,41,0.020020
22,10,18,0.008789
22,11,12,0.005859
22,12,8,0.003906
22,13,21,0.010254
22,14,19,0.009277
22,15,28,0.013672
22,16,24,0.011719
22,17,7,0.003418
22,18,20,0.009766
22,19,17,0.008301
22,20,20,0.009766
22,21,20,0.009766
22,22,5,0.002441
22,23,14,0.006836
22,24,10,0.004883
22,25,5,0.002441
22,26,10,0.004883
22,27,14,0.006836
22,28,24,0.011719
22,29,10,0.004883
22,30,15,0.007324
22,31,21,0.010254
22,32,15,0.007324
22,33,6,0.002930
22,34,10,0.004883
22,35,24,0.011719
22,36,16,0.007812
22,37,8,0.003906
22,38,13,0.006348
22,39,16,0.007812
22,40,39,0.019043
22,41,13,0.006348
22,42,23,0.011230
22,43,24,0.011719
22,44,20,0.009766
22,45,11,0.005371
22,46,17,0.008301
22,47,18,0.008789
22,48,17,0.008301
22,49,16,0.007812
22,50,5,0.002441
22,51,26,0.012695
22,52,26,0.012695
22,53,19,0.009277
22,54,13,0.006348
22,55,25,0.012207
22,56,20,0.009766
22,57,5,0.002441
22,58,8,0.003906
22,59,27,0.013184
22,60,17,0.008301
22,61,14,0.006836
22,62,18,0.008789
22,63,13,0.006348
22,64,13,0.006348
22,65,18,0.008789
22,66,33,0.016113
22,67,18,0.008789
22,68,27,0.013184
22,69,7,0.003418
22,70,15,0.007324
22,71,5,0.002441
22,72,11,0.005371
22,73,12,0.005859
22,74,11,0.005371
22,75,11,0.005371
22,76,14,0.006836
22,77,5,0.002441
22,78,4,0.001953
22,79,27,0.013184
22,80,26,0.012695
22,81,17,0.008301
22,82,17,0.008301
22,83,16,0.007812
22,84,10,0.004883
22,85,30,0.014648
22,86,19,0.009277
22,87,17,0.008301
22,88,16,0.007812
22,89,11,0.005371
22,90,25,0.012207
22,91,28,0.013672
22,92,7,0.003418
22,93,10,0.004883
22,94,3,0.001465
22,95,34,0.016602
22,96,16,0.007812
22,97,8,0.003906
22,98,11,0.005371
22,99,31,0.015137
22,100,13,0.006348
22,101,14,0.006836
22,102,14,0.006836
22,103,21,0.010254
22,104,15,0.007324
22,105,27,0.013184
22,106,15,0.007324
22,107,20,0.009766
22,108,5,0.002441
22,109,18,0.008789
22,110,32,0.015625
22,111,16,0.007812
22,112,32,0.015625
22,113,16,0.007812
22,114,19,0.009277
22,115,6,0.002930
22,116,8,0.003906
22,117,7,0.003418
22,118,17,0.008301
22,119,9,0.004395
22,120,4,0.001953
22,121,4,0.001953
22,122,14,0.006836
22,123,12,0.005859
22,124,30,0.014648
22,125,13,0.006348
22,126,9,0.004395
22,127,10,0.004883
23,0,20,0.009766
23,1,15,0.007324
23,2,14,0.006836
23,3,24,0.011719
23,4,3,0.001465
23,5,15,0.007324
23,6,9,0.004395
23,7,20,0.009766
23,8,9,0.004395
23,9,21,0.010254
23,10,21,0.010254
23,11,33,0.016113
23,12,13,0.006348
23,13,29,0.014160
23,14,20,0.009766
23,15,14,0.006836
23,16,6,0.002930
23,17,15,0.007324
23,18,18,0.008789
23,19,18,0.008789
23,20,9,0.004395
23,21,8,0.003906
23,22,15,0.007324
23,23,13,0.006348
23,24,22,0.010742
23,25,18,0.008789
23,26,13,0.006348
23,27,4,0.001953
23,28,12,0.005859
23,29,16,0.007812
23,30,9,0.004395
23,31,19,0.009277
23,32,12,0.005859
23,33,24,0.011719
23,34,10,0.004883
23,35,17,0.008301
23,36,39,0.019043
23,37,18,0.008789
23,38,5,0.002441
23,39,13,0.006348
23,40,19,0.009277
23,41,10,0.004883
23,42,21,0.010254
23,43,10,0.004883
23,44,16,0.007812
23,45,7,0.003418
23,46,12,0.005859
23,47,14,0.006836
23,48,10,0.004883
23,49,8,0.003906
23,50,24,0.011719
23,51,18,0.008789
23,52,5,0.002441
23,53,16,0.007812
23,54,24,0.011719
23,55,11,0.005371
23,56,14,0.006836
23,57,10,0.004883
23,58,8,0.003906
23,59,14,0.006836
23,60,21,0.010254
23,61,30,0.014648
23,62,8,0.003906
23,63,26,0.012695
23,64,5,0.002441
23,65,33,0.016113
23,66,19,0.009277
23,67,24,0.011719
23,68,12,0.005859
23,69,23,0.011230
23,70,25,0.012207
23,71,19,0.009277
23,72,15,0.007324
23,73,22,0.010742
23,74,22,0.010742
23,75,40,0.019531
23,76,28,0.013672
23,77,15,0.007324
23,78,19,0.009277
23,79,10,0.004883
23,80,6,0.002930
23,81,13,0.006348
23,82,14,0.006836
23,83,15,0.007324
23,84,13,0.006348
23,85,26,0.012695
23,86,18,0.008789
23,87,5,0.002441
23,88,19,0.009277
23,89,18,0.008789
23,90,9,0.004395
23,91,16,0.007812
23,92,15,0.007324
23,93,11,0.005371
23,94,13,0.006348
23,95,21,0.010254
23,96,27,0.013184
23,97,11,0.005371
23,98,15,0.007324
23,99,18,0.008789
23,100,12,0.005859
23,101,23,0.011230
23,102,11,0.005371
23,103,9,0.004395
23,104,11,0.005371
23,105,18,0.008789
23,106,26,0.012695
23,107,5,0.002441
23,108,12,0.005859
23,109,21,0.010254
23,110,22,0.010742
23,111,23,0.011230
23,112,7,0.003418
23,113,23,0.011230
23,114,8,0.003906
23,115,22,0.010742
23,116,15,0.007324
23,117,18,0.008789
23,118,10,0.004883
23,119,15,0.007324
23,120,11,0.005371
23,121,14,0.006836
23,122,10,0.004883
23,123,2,0.000977
23,124,13,0.006348
23,125,21,0.010254
23,126,33,0.016113
23,127,10,0.004883
24,0,9,0.004395
24,1,11,0.005371
24,2,16,0.007812
24,3,18,0.008789
24,4,22,0.010742
24,5,18,0.008789
24,6,9,0.004395
24,7,27,0.013184
24,8,4,0.001953
24,9,13,0.006348
24,10,35,0.017090
24,11,19,0.009277
24,12,24,0.011719
24,13,37,0.018066
24,14,13,0.006348
24,15,11,0.005371
24,16,12,0.005859
24,17,18,0.008789
24,18,33,0.016113
24,19,23,0.011230
24,20,12,0.005859
24,21,13,0.006348
24,22,12,0.005859
24,23,21,0.010254
24,24,6,0.002930
24,25,8,0.003906
24,26,16,0.007812
24,27,7,0.003418
24,28,7,0.003418
24,29,16,0.007812
24,30,6,0.002930
24,31,19,0.009277
24,32,17,0.008301
24,33,11,0.005371
24,34,18,0.008789
24,35,18,0.008789
24,36,17,0.008301
24,37,16,0.007812
24,38,19,0.009277
24,39,41,0.020020
24,40,16,0.007812
24,41,15,0.007324
24,42,14,0.006836
24,43,6,0.002930
24,44,11,0.005371
24,45,21,0.010254
24,46,27,0.013184
24,47,18,0.008789
24,48,22,0.010742
24,49,5,0.002441
24,50,23,0.011230
24,51,29,0.014160
24,52,12,0.005859
24,53,6,0.002930
24,54,17,0.008301
24,55,4,0.001953
24,56,10,0.004883
24,57,40,0.019531
24,58,13,0.006348
24,59,10,0.004883
24,60,4,0.001953
24,61,16,0.007812
24,62,29,0.014160
24,63,13,0.006348
24,64,15,0.007324
24,65,23,0.011230
24,66,10,0.004883
24,67,27,0.013184
24,68,8,0.003906
24,69,13,0.006348
24,70,10,0.004883
24,71,18,0.008789
24,72,31,0.015137
24,73,16,0.007812
24,74,11,0.005371
24,75,14,0.006836
24,76,10,0.004883
24,77,10,0.004883
24,78,8,0.003906
24,79,12,0.005859
24,80,15,0.007324
24,81,18,0.008789
24,82,20,0.009766
24,83,5,0.002441
24,84,8,0.003906
24,85,29,0.014160
24,86,7,0.003418
24,87,11,0.005371
24,88,30,0.014648
24,89,7,0.003418
24,90,8,0.003906
24,91,28,0.013672
24,92,35,0.017090
24,93,28,0.013672
24,94,5,0.002441
24,95,15,0.007324
24,96,24,0.011719
24,97,24,0.011719
24,98,17,0.008301
24,99,6,0.002930
24,100,23,0.011230
24,101,5,0.002441
24,102,7,0.003418
24,103,14,0.006836
24,104,23,0.011230
24,105,23,0.011230
24,106,25,0.012207
24,107,21,0.010254
24,108,14,0.006836
24,109,5,0.002441
24,110,12,0.005859
24,111,13,0.006348
24,112,30,0.014648
24,113,11,0.005371
24,114,8,0.003906
24,115,26,0.012695
24,116,16,0.007812
24,117,25,0.012207
24,118,10,0.004883
24,119,19,0.009277
24,120,7,0.003418
24,121,16,0.007812
24,122,18,0.008789
24,123,5,0.002441
24,124,15,0.007324
24,125,9,0.004395
24,126,9,0.004395
24,127,10,0.004883
25,0,16,0.007812
25,1,5,0.002441
25,2,20,0.009766
25,3,11,0.005371
25,4,18,0.008789
25,5,9,0.004395
25,6,6,0.002930
25,7,21,0.010254
25,8,11,0.005371
25,9,22,0.010742
25,10,15,0.007324
25,11,15,0.007324
25,12,9,0.004395
25,13,18,0.008789
25,14,22,0.010742
25,15,18,0.008789
25,16,9,0.004395
25,17,8,0.003906
25,18,23,0.011230
25,19,15,0.007324
25,20,25,0.012207
25,21,4,0.001953
25,22,17,0.008301
25,23,22,0.010742
25,24,35,0.017090
25,25,15,0.007324
25,26,10,0.004883
25,27,18,0.008789
25,28,11,0.005371
25,29,12,0.005859
25,30,33,0.016113
25,31,13,0.006348
25,32,15,0.007324
25,33,7,0.003418
25,34,21,0.010254
25,35,9,0.004395
25,36,24,0.011719
25,37,17,0.008301
25,38,12,0.005859
25,39,23,0.011230
25,40,6,0.002930
25,41,20,0.009766
25,42,17,0.008301
25,43,4,0.001953
25,44,17,0.008301
25,45,28,0.013672
25,46,28,0.013672
25,47,14,0.006836
25,48,27,0.013184
25,49,11,0.005371
25,50,13,0.006348
25,51,23,0.011230
25,52,7,0.003418
25,53,15,0.007324
25,54,20,0.009766
25,55,12,0.005859
25,56,22,0.010742
25,57,4,0.001953
25,58,8,0.003906
25,59,10,0.004883
25,60,14,0.006836
25,61,16,0.007812
25,62,7,0.003418
25,63,16,0.007812
25,64,44,0.021484
25,65,8,0.003906
25,66,21,0.010254
25,67,25,0.012207
25,68,15,0.007324
25,69,6,0.002930
25,70,14,0.006836
25,71,14,0.006836
25,72,16,0.007812
25,73,27,0.013184
25,74,14,0.006836
25,75,17,0.008301
25,76,11,0.005371
25,77,8,0.003906
25,78,17,0.008301
25,79,7,0.003418
25,80,29,0.014160
25,81,21,0.010254
25,82,6,0.002930
25,83,21,0.010254
25,84,19,0.009277
25,85,11,0.005371
25,86,19,0.009277
25,87,10,0.004883
25,88,16,0.007812
25,89,10,0.004883
25,90,27,0.013184
25,91,5,0.002441
25,92,23,0.011230
25,93,6,0.002930
25,94,20,0.009766
25,95,7,0.003418
25,96,9,0.004395
25,97,13,0.006348
25,98,2,0.000977
25,99,9,0.004395
25,100,31,0.015137
25,101,18,0.008789
25,102,32,0.015625
25,103,18,0.008789
25,104,15,0.007324
25,105,32,0.015625
25,106,37,0.018066
25,107,8,0.003906
25,108,19,0.009277
25,109,10,0.004883
25,110,16,0.007812
25,111,26,0.012695
25,112,13,0.006348
25,113,23,0.011230
25,114,18,0.008789
25,115,7,0.003418
25,116,32,0.015625
25,117,11,0.005371
25,118,12,0.005859
25,119,18,0.008789
25,120,15,0.007324
25,121,18,0.008789
25,122,6,0.002930
25,123,18,0.008789
25,124,14,0.006836
25,125,21,0.010254
25,126,6,0.002930
25,127,14,0.006836
26,0,2,0.000977
26,1,6,0.002930
26,2,13,0.006348
26,3,13,0.006348
26,4,29,0.014160
26,5,21,0.010254
26,6,14,0.006836
26,7,17,0.008301
26,8,12,0.005859
26,9,14,0.006836
26,10,20,0.009766
26,11,15,0.007324
26,12,19,0.009277
26,13,24,0.011719
26,14,11,0.005371
26,15,12,0.005859
26,16,4,0.001953
26,17,11,0.005371
26,18,8,0.003906
26,19,8,0.003906
26,20,12,0.005859
26,21,9,0.004395
26,22,13,0.006348
26,23,8,0.003906
26,24,13,0.006348
26,25,37,0.018066
26,26,10,0.004883
26,27,12,0.005859
26,28,51,0.024902
26,29,12,0.005859
26,30,32,0.015625
26,31,20,0.009766
26,32,8,0.003906
26,33,25,0.012207
26,34,10,0.004883
26,35,18,0.008789
26,36,20,0.009766
26,37,15,0.007324
26,38,9,0.004395
26,39,5,0.002441
26,40,8,0.003906
26,41,16,0.007812
26,42,12,0.005859
26,43,13,0.006348
26,44,44,0.021484
26,45,10,0.004883
26,46,24,0.011719
26,47,3,0.001465
26,48,7,0.003418
26,49,7,0.003418
26,50,12,0.005859
26,51,17,0.008301
26,52,16,0.007812
26,53,17,0.008301
26,54,16,0.007812
26,55,14,0.006836
26,56,22,0.010742
26,57,39,0.019043
26,58,25,0.012207
26,59,22,0.010742
26,60,28,0.013672
26,61,9,0.004395
26,62,32,0.015625
26,63,11,0.005371
26,64,23,0.011230
26,65,8,0.003906
26,66,32,0.015625
26,67,19,0.009277
26,68,11,0.005371
26,69,24,0.011719
26,70,22,0.010742
26,71,8,0.003906
26,72,13,0.006348
26,73,9,0.004395
26,74,7,0.003418
26,75,11,0.005371
26,76,11,0.005371
26,77,11,0.005371
26,78,31,0.015137
26,79,5,0.002441
26,80,14,0.006836
26,81,18,0.008789
26,82,26,0.012695
26,83,14,0.006836
26,84,13,0.006348
26,85,30,0.014648
26,86,12,0.005859
26,87,11,0.005371
26,88,10,0.004883
26,89,25,0.012207
26,90,19,0.009277
26,91,10,0.004883
26,92,23,0.011230
26,93,8,0.003906
26,94,16,0.007812
26,95,8,0.003906
26,96,24,0.011719
26,97,26,0.012695
26,98,6,0.002930
26,99,14,0.006836
26,100,22,0.010742
26,101,14,0.006836
26,102,14,0.006836
26,103,13,0.006348
26,104,5,0.002441
26,105,13,0.006348
26,106,27,0.013184
26,107,20,0.009766
26,108,11,0.005371
26,109,12,0.005859
26,110,21,0.010254
26,111,14,0.006836
26,112,19,0.009277
26,113,14,0.006836
26,114,25,0.012207
26,115,19,0.009277
26,116,35,0.017090
26,117,8,0.003906
26,118,13,0.006348
26,119,17,0.008301
26,120,11,0.005371
26,121,16,0.007812
26,122,10,0.004883
26,123,19,0.009277
26,124,6,0.002930
26,125,13,0.006348
26,126,9,0.004395
26,127,20,0.009766
27,0,21,0.010254
27,1,21,0.010254
27,2,13,0.006348
27,3,4,0.001953
27,4,19,0.009277
27,5,6,0.002930
27,6,5,0.002441
27,7,8,0.003906
27,8,9,0.004395
27,9,35,0.017090
27,10,19,0.009277
27,11,19,0.009277
27,12,11,0.005371
27,13,17,0.008301
27,14,12,0.005859
27,15,27,0.013184
27,16,16,0.007812
27,17,34,0.016602
27,18,15,0.007324
27,19,13,0.006348
27,20,17,0.008301
27,21,13,0.006348
27,22,21,0.010254
27,23,4,0.001953
27,24,28,0.013672
27,25,17,0.008301
27,26,23,0.011230
27,27,8,0.003906
27,28,31,0.015137
27,29,13,0.006348
27,30,23,0.011230
27,31,2,0.000977
27,32,10,0.004883
27,33,20,0.009766
27,34,11,0.005371
27,35,19,0.009277
27,36,15,0.007324
27,37,8,0.003906
27,38,23,0.011230
27,39,16,0.007812
27,40,7,0.003418
27,41,13,0.006348
27,42,11,0.005371
27,43,11,0.005371
27,44,15,0.007324
27,45,14,0.006836
27,46,16,0.007812
27,47,15,0.007324
27,48,26,0.012695
27,49,20,0.009766
27,50,6,0.002930
27,51,10,0.004883
27,52,13,0.006348
27,53,27,0.013184
27,54,22,0.010742
27,55,7,0.003418
27,56,12,0.005859
27,57,3,0.001465
27,58,19,0.009277
27,59,23,0.011230
27,60,14,0.006836
27,61,7,0.003418
27,62,18,0.008789
27,63,10,0.004883
27,64,12,0.005859
27,65,7,0.003418
27,66,31,0.015137
27,67,24,0.011719
27,68,17,0.008301
27,69,3,0.001465
27,70,25,0.012207
27,71,23,0.011230
27,72,9,0.004395
27,73,24,0.011719
27,74,13,0.006348
27,75,25,0.012207
27,76,33,0.016113
27,77,6,0.002930
27,78,8,0.003906
27,79,13,0.006348
27,80,15,0.007324
27,81,21,0.010254
27,82,10,0.004883
27,83,18,0.008789
27,84,19,0.009277
27,85,13,0.006348
27,86,26,0.012695
27,87,11,0.005371
27,88,8,0.003906
27,89,12,0.005859
27,90,7,0.003418
27,91,16,0.007812
27,92,14,0.006836
27,93,18,0.008789
27,94,20,0.009766
27,95,8,0.003906
27,96,2,0.000977
27,97,17,0.008301
27,98,12,0.005859
27,99,38,0.018555
27,100,27,0.013184
27,101,10,0.004883
27,102,15,0.007324
27,103,16,0.007812
27,104,20,0.009766
27,105,4,0.001953
27,106,20,0.009766
27,107,22,0.010742
27,108,10,0.004883
27,109,21,0.010254
27,110,27,0.013184
27,111,12,0.005859
27,112,27,0.013184
27,113,11,0.005371
27,114,10,0.004883
27,115,5,0.002441
27,116,19,0.009277
27,117,4,0.001953
27,118,24,0.011719
27,119,13,0.006348
27,120,27,0.013184
27,121,14,0.006836
27,122,9,0.004395
27,123,19,0.009277
27,124,20,0.009766
27,125,27,0.013184
27,126,25,0.012207
27,127,27,0.013184
28,0,20,0.009766
28,1,23,0.011230
28,2,3,0.001465
28,3,8,0.003906
28,4,15,0.007324
28,5,32,0.015625
28,6,30,0.014648
28,7,5,0.002441
28,8,5,0.002441
28,9,9,0.004395
28,10,15,0.007324
28,11,23,0.011230
28,12,8,0.003906
28,13,5,0.002441
28,14,10,0.004883
28,15,25,0.012207
28,16,16,0.007812
28,17,5,0.002441
28,18,11,0.005371
28,19,21,0.010254
28,20,14,0.006836
28,21,13,0.006348
28,22,12,0.005859
28,23,9,0.004395
28,24,28,0.013672
28,25,12,0.005859
28,26,16,0.007812
28,27,11,0.005371
28,28,8,0.003906
28,29,18,0.008789
28,30,12,0.005859
28,31,23,0.011230
28,32,30,0.014648
28,33,18,0.008789
28,34,16,0.007812
28,35,28,0.013672
28,36,20,0.009766
28,37,16,0.007812
28,38,17,0.008301
28,39,20,0.009766
28,40,19,0.009277
28,41,15,0.007324
28,42,22,0.010742
28,43,17,0.008301
28,44,9,0.004395
28,45,15,0.007324
28,46,9,0.004395
28,47,27,0.013184
28,48,8,0.003906
28,49,10,0.004883
28,50,31,0.015137
28,51,18,0.008789
28,52,18,0.008789
28,53,14,0.006836
28,54,23,0.011230
28,55,16,0.007812
28,56,14,0.006836
28,57,13,0.006348
28,58,20,0.009766
28,59,4,0.001953
28,60,25,0.012207
28,61,13,0.006348
28,62,27,0.013184
28,63,29,0.014160
28,64,21,0.010254
28,65,20,0.009766
28,66,22,0.010742
28,67,12,0.005859
28,68,7,0.003418
28,69,8,0.003906
28,70,15,0.007324
28,71,14,0.006836
28,72,35,0.017090
28,73,3,0.001465
28,74,15,0.007324
28,75,21,0.010254
28,76,17,0.008301
28,77,26,0.012695
28,78,23,0.011230
28,79,13,0.006348
28,80,5,0.002441
28,81,20,0.009766
28,82,35,0.017090
28,83,20,0.009766
28,84,11,0.005371
28,85,10,0.004883
28,86,26,0.012695
28,87,23,0.011230
28,88,16,0.007812
28,89,12,0.005859
28,90,31,0.015137
28,91,27,0.013184
28,92,16,0.007812
28,93,18,0.008789
28,94,11,0.005371
28,95,15,0.007324
28,96,9,0.004395
28,97,12,0.005859
28,98,6,0.002930
28,99,10,0.004883
28,100,8,0.003906
28,101,7,0.003418
28,102,19,0.009277
28,103,19,0.009277
28,104,6,0.002930
28,105,14,0.006836
28,106,8,0.003906
28,107,17,0.008301
28,108,3,0.001465
28,109,11,0.005371
28,110,7,0.003418
28,111,15,0.007324
28,112,18,0.008789
28,113,15,0.007324
28,114,13,0.006348
28,115,9,0.004395
28,116,12,0.005859
28,117,19,0.009277
28,118,18,0.008789
28,119,21,0.010254
28,120,19,0.009277
28,121,9,0.004395
28,122,29,0.014160
28,123,22,0.010742
28,124,18,0.008789
28,125,16,0.007812
28,126,7,0.003418
28,127,18,0.008789
29,0,3,0.001465
29,1,1,0.000488
29,2,23,0.011230
29,3,8,0.003906
29,4,15,0.007324
29,5,15,0.007324
29,6,18,0.008789
29,7,10,0.004883
29,8,14,0.006836
29,9,23,0.011230
29,10,20,0.009766
29,11,26,0.012695
29,12,14,0.006836
29,13,20,0.009766
29,14,11,0.005371
29,15,11,0.005371
29,16,19,0.009277
29,17,25,0.012207
29,18,13,0.006348
29,19,13,0.006348
29,20,21,0.010254
29,21,27,0.013184
29,22,19,0.009277
29,23,13,0.006348
29,24,8,0.003906
29,25,5,0.002441
29,26,20,0.009766
29,27,15,0.007324
29,28,15,0.007324
29,29,8,0.003906
29,30,10,0.004883
29,31,10,0.004883
29,32,18,0.008789
29,33,14,0.006836
29,34,19,0.009277
29,35,11,0.005371
29,36,3,0.001465
29,37,13,0.006348
29,38,21,0.010254
29,39,14,0.006836
29,40,24,0.011719
29,41,21,0.010254
29,42,7,0.003418
29,43,20,0.009766
29,44,17,0.008301
29,45,17,0.008301
29,46,16,0.007812
29,47,14,0.006836
29,48,3,0.001465
29,49,13,0.006348
29,50,35,0.017090
29,51,29,0.014160
29,52,21,0.010254
29,53,13,0.006348
29,54,16,0.007812
29,55,21,0.010254
29,56,17,0.008301
29,57,18,0.008789
29,58,16,0.007812
29,59,27,0.013184
29,60,20,0.009766
29,61,14,0.006836
29,62,9,0.004395
29,63,17,0.008301
29,64,18,0.008789
29,65,19,0.009277
29,66,12,0.005859
29,67,4,0.001953
29,68,14,0.006836
29,69,27,0.013184
29,70,22,0.010742
29,71,13,0.006348
29,72,27,0.013184
29,73,14,0.006836
29,74,7,0.003418
29,75,16,0.007812
29,76,6,0.002930
29,77,25,0.012207
29,78,6,0.002930
29,79,7,0.003418
29,80,19,0.009277
29,81,20,0.009766
29,82,6,0.002930
29,83,24,0.011719
29,84,15,0.007324
29,85,25,0.012207
29,86,12,0.005859
29,87,19,0.009277
29,88,15,0.007324
29,89,23,0.011230
29,90,14,0.006836
29,91,14,0.006836
29,92,9,0.004395
29,93,11,0.005371
29,94,13,0.006348
29,95,15,0.007324
29,96,22,0.010742
29,97,9,0.004395
29,98,26,0.012695
29,99,28,0.013672
29,100,11,0.005371
29,101,16,0.007812
29,102,21,0.010254
29,103,24,0.011719
29,104,20,0.009766
29,105,6,0.002930
29,106,27,0.013184
29,107,5,0.002441
29,108,5,0.002441
29,109,8,0.003906
29,110,29,0.014160
29,111,17,0.008301
29,112,14,0.006836
29,113,6,0.002930
29,114,15,0.007324
29,115,5,0.002441
29,116,23,0.011230
29,117,25,0.012207
29,118,13,0.006348
29,119,20,0.009766
29,120,19,0.009277
29,121,26,0.012695
29,122,10,0.004883
29,123,14,0.006836
29,124,13,0.006348
29,125,13,0.006348
29,126,23,0.011230
29,127,33,0.016113
30,0,25,0.012207
30,1,11,0.005371
30,2,11,0.005371
30,3,16,0.007812
30,4,8,0.003906
30,5,18,0.008789
30,6,21,0.010254
30,7,18,0.008789
30,8,26,0.012695
30,9,10,0.004883
30,10,8,0.003906
30,11,11,0.005371
30,12,18,0.008789
30,13,31,0.015137
30,14,13,0.006348
30,15,11,0.005371
30,16,26,0.012695
30,17,20,0.009766
30,18,7,0.003418
30,19,11,0.005371
30,20,33,0.016113
30,21,12,0.005859
30,22,32,0.015625
30,23,11,0.005371
30,24,8,0.003906
30,25,11,0.005371
30,26,9,0.004395
30,27,8,0.003906
30,28,18,0.008789
30,29,24,0.011719
30,30,10,0.004883
30,31,7,0.003418
30,32,25,0.012207
30,33,6,0.002930
30,34,15,0.007324
30,35,8,0.003906
30,36,3,0.001465
30,37,17,0.008301
30,38,12,0.005859
30,39,10,0.004883
30,40,6,0.002930
30,41,18,0.008789
30,42,14,0.006836
30,43,29,0.014160
30,44,16,0.007812
30,45,11,0.005371
30,46,10,0.004883
30,47,17,0.008301
30,48,11,0.005371
30,49,5,0.002441
30,50,18,0.008789
30,51,9,0.004395
30,52,16,0.007812
30,53,12,0.005859
30,54,13,0.006348
30,55,12,0.005859
30,56,25,0.012207
30,57,20,0.009766
30,58,6,0.002930
30,59,11,0.005371
30,60,32,0.015625
30,61,8,0.003906
30,62,22,0.010742
30,63,15,0.007324
30,64,21,0.010254
30,65,46,0.022461
30,66,4,0.001953
30,67,5,0.002441
30,68,11,0.005371
30,69,8,0.003906
30,70,14,0.006836
30,71,22,0.010742
30,72,11,0.005371
30,73,14,0.006836
30,74,19,0.009277
30,75,16,0.007812
30,76,12,0.005859
30,77,27,0.013184
30,78,3,0.001465
30,79,9,0.004395
30,80,18,0.008789
30,81,24,0.011719
30,82,12,0.005859
30,83,7,0.003418
30,84,29,0.014160
30,85,16,0.007812
30,86,11,0.005371
30,87,6,0.002930
30,88,39,0.019043
30,89,34,0.016602
30,90,29,0.014160
30,91,21,0.010254
30,92,19,0.009277
30,93,20,0.009766
30,94,13,0.006348
30,95,23,0.011230
30,96,13,0.006348
30,97,22,0.010742
30,98,4,0.001953
30,99,27,0.013184
30,100,5,0.002441
30,101,23,0.011230
30,102,27,0.013184
30,103,17,0.008301
30,104,13,0.006348
30,105,13,0.006348
30,106,16,0.007812
30,107,10,0.004883
30,108,8,0.003906
30,109,16,0.007812
30,110,4,0.001953
30,111,35,0.017090
30,112,5,0.002441
30,113,18,0.008789
30,114,23,0.011230
30,115,28,0.013672
30,116,8,0.003906
30,117,12,0.005859
30,118,28,0.013672
30,119,17,0.008301
30,120,1,0.000488
30,121,21,0.010254
30,122,7,0.003418
30,123,32,0.015625
30,124,10,0.004883
30,125,26,0.012695
30,126,22,0.010742
30,127,19,0.009277
31,0,29,0.014160
31,1,12,0.005859
31,2,12,0.005859
31,3,8,0.003906
31,4,8,0.003906
31,5,3,0.001465
31,6,9,0.004395
31,7,9,0.004395
31,8,15,0.007324
31,9,19,0.009277
31,10,11,0.005371
31,11,30,0.014648
31,12,19,0.009277
31,13,26,0.012695
31,14,27,0.013184
31,15,18,0.008789
31,16,16,0.007812
31,17,19,0.009277
31,18,20,0.009766
31,19,6,0.002930
31,20,13,0.006348
31,21,19,0.009277
31,22,20,0.009766
31,23,7,0.003418
31,24,10,0.004883
31,25,18,0.008789
31,26,18,0.008789
31,27,14,0.006836
31,28,3,0.001465
31,29,13,0.006348
31,30,4,0.001953
31,31,14,0.006836
31,32,16,0.007812
31,33,15,0.007324
31,34,23,0.011230
31,35,21,0.010254
31,36,22,0.010742
31,37,20,0.009766
31,38,11,0.005371
31,39,18,0.008789
31,40,15,0.007324
31,41,15,0.007324
31,42,15,0.007324
31,43,33,0.016113
31,44,17,0.008301
31,45,13,0.006348
31,46,7,0.003418
31,47,11,0.005371
31,48,9,0.004395
31,49,11,0.005371
31,50,23,0.011230
31,51,17,0.008301
31,52,15,0.007324
31,53,4,0.001953
31,54,23,0.011230
31,55,8,0.003906
31,56,10,0.004883
31,57,33,0.016113
31,58,12,0.005859
31,59,30,0.014648
31,60,15,0.007324
31,61,7,0.003418
31,62,15,0.007324
31,63,0,0.000000
31,64,16,0.007812
31,65,10,0.004883
31,66,20,0.009766
31,67,17,0.008301
31,68,28,0.013672
31,69,18,0.008789
31,70,14,0.006836
31,71,28,0.013672
31,72,20,0.009766
31,73,30,0.014648
31,74,18,0.008789
31,75,17,0.008301
31,76,11,0.005371
31,77,3,0.001465
31,78,10,0.004883
31,79,18,0.008789
31,80,14,0.006836
31,81,18,0.008789
31,82,22,0.010742
31,83,15,0.007324
31,84,21,0.010254
31,85,15,0.007324
31,86,15,0.007324
31,87,16,0.007812
31,88,9,0.004395
31,89,14,0.006836
31,90,14,0.006836
31,91,11,0.005371
31,92,16,0.007812
31,93,11,0.005371
31,94,21,0.010254
31,95,29,0.014160
31,96,12,0.005859
31,97,35,0.017090
31,98,27,0.013184
31,99,17,0.008301
31,100,23,0.011230
31,101,18,0.008789
31,102,24,0.011719
31,103,22,0.010742
31,104,35,0.017090
31,105,9,0.004395
31,106,10,0.004883
31,107,5,0.002441
31,108,16,0.007812
31,109,12,0.005859
31,110,12,0.005859
31,111,14,0.006836
31,112,14,0.006836
31,113,7,0.003418
31,114,4,0.001953
31,115,10,0.004883
31,116,13,0.006348
31,117,5,0.002441
31,118,35,0.017090
31,119,15,0.007324
31,120,15,0.007324
31,121,11,0.005371
31,122,45,0.021973
31,123,13,0.006348
31,124,13,0.006348
31,125,16,0.007812
31,126,23,0.011230
31,127,6,0.002930
32,0,6,0.002930
32,1,7,0.003418
32,2,25,0.012207
32,3,26,0.012695
32,4,18,0.008789
32,5,10,0.004883
32,6,9,0.004395
32,7,13,0.006348
32,8,8,0.003906
32,9,22,0.010742
32,10,6,0.002930
32,11,3,0.001465
32,12,19,0.009277
32,13,15,0.007324
32,14,16,0.007812
32,15,17,0.008301
32,16,19,0.009277
32,17,20,0.009766
32,18,13,0.006348
32,19,12,0.005859
32,20,17,0.008301
32,21,12,0.005859
32,22,16,0.007812
32,23,21,0.010254
32,24,29,0.014160
32,25,21,0.010254
32,26,11,0.005371
32,27,6,0.002930
32,28,23,0.011230
32,29,14,0.006836
32,30,12,0.005859
32,31,35,0.017090
32,32,21,0.010254
32,33,18,0.008789
32,34,14,0.006836
32,35,1,0.000488
32,36,26,0.012695
32,37,11,0.005371
32,38,21,0.010254
32,39,27,0.013184
32,40,15,0.007324
32,41,13,0.006348
32,42,6,0.002930
32,43,6,0.002930
32,44,15,0.007324
32,45,19,0.009277
32,46,9,0.004395
32,47,23,0.011230
32,48,11,0.005371
32,49,22,0.010742
32,50,6,0.002930
32,51,10,0.004883
32,52,34,0.016602
32,53,20,0.009766
32,54,3,0.001465
32,55,28,0.013672
32,56,6,0.002930
32,57,17,0.008301
32,58,12,0.005859
32,59,12,0.005859
32,60,18,0.008789
32,61,16,0.007812
32,62,18,0.008789
32,63,13,0.006348
32,64,5,0.002441
32,65,24,0.011719
32,66,27,0.013184
32,67,2,0.000977
32,68,25,0.012207
32,69,7,0.003418
32,70,14,0.006836
32,71,18,0.008789
32,72,7,0.003418
32,73,19,0.009277
32,74,10,0.004883
32,75,29,0.014160
32,76,15,0.007324
32,77,12,0.005859
32,78,14,0.006836
32,79,23,0.011230
32,80,16,0.007812
32,81,33,0.016113
32,82,26,0.012695
32,83,17,0.008301
32,84,13,0.006348
32,85,14,0.006836
32,86,20,0.009766
32,87,14,0.006836
32,88,10,0.004883
32,89,24,0.011719
32,90,24,0.011719
32,91,18,0.008789
32,92,14,0.006836
32,93,13,0.006348
32,94,22,0.010742
32,95,11,0.005371
32,96,27,0.013184
32,97,17,0.008301
32,98,12,0.005859
32,99,11,0.005371
32,100,11,0.005371
32,101,17,0.008301
32,102,9,0.004395
32,103,21,0.010254
32,104,18,0.008789
32,105,11,0.005371
32,106,36,0.017578
32,107,21,0.010254
32,108,22,0.010742
32,109,6,0.002930
32,110,4,0.001953
32,111,23,0.011230
32,112,15,0.007324
32,113,9,0.004395
32,114,12,0.005859
32,115,24,0.011719
32,116,17,0.008301
32,117,15,0.007324
32,118,19,0.009277
32,119,10,0.004883
32,120,29,0.014160
32,121,13,0.006348
32,122,16,0.007812
32,123,2,0.000977
32,124,9,0.004395
32,125,7,0.003418
32,126,25,0.012207
32,127,28,0.013672
33,0,14,0.006836
33,1,20,0.009766
33,2,21,0.010254
33,3,9,0.004395
33,4,8,0.003906
33,5,8,0.003906
33,6,5,0.002441
33,7,5,0.002441
33,8,18,0.008789
33,9,30,0.014648
33,10,20,0.009766
33,11,7,0.003418
33,12,11,0.005371
33,13,14,0.006836
33,14,3,0.001465
33,15,8,0.003906
33,16,19,0.009277
33,17,9,0.004395
33,18,11,0.005371
33,19,2,0.000977
33,20,24,0.011719
33,21,26,0.012695
33,22,46,0.022461
33,23,10,0.004883
33,24,29,0.014160
33,25,28,0.013672
33,26,16,0.007812
33,27,11,0.005371
33,28,22,0.010742
33,29,19,0.009277
33,30,7,0.003418
33,31,28,0.013672
33,32,17,0.008301
33,33,12,0.005859
33,34,15,0.007324
33,35,15,0.007324
33,36,17,0.008301
33,37,25,0.012207
33,38,7,0.003418
33,39,15,0.007324
33,40,11,0.005371
33,41,14,0.006836
33,42,23,0.011230
33,43,10,0.004883
33,44,10,0.004883
33,45,10,0.004883
33,46,13,0.006348
33,47,19,0.009277
33,48,8,0.003906
33,49,9,0.004395
33,50,6,0.002930
33,51,14,0.006836
33,52,18,0.008789
33,53,3,0.001465
33,54,23,0.011230
33,55,23,0.011230
33,56,9,0.004395
33,57,11,0.005371
33,58,37,0.018066
33,59,17,0.008301
33,60,21,0.010254
33,61,7,0.003418
33,62,27,0.013184
33,63,4,0.001953
33,64,14,0.006836
33,65,10,0.004883
33,66,16,0.007812
33,67,17,0.008301
33,68,25,0.012207
33,69,10,0.004883
33,70,9,0.004395
33,71,21,0.010254
33,72,16,0.007812
33,73,5,0.002441
33,74,28,0.013672
33,75,11,0.005371
33,76,18,0.008789
33,77,6,0.002930
33,78,14,0.006836
33,79,18,0.008789
33,80,19,0.009277
33,81,11,0.005371
33,82,39,0.019043
33,83,25,0.012207
33,84,24,0.011719
33,85,33,0.016113
33,86,10,0.004883
33,87,20,0.009766
33,88,3,0.001465
33,89,7,0.003418
33,90,12,0.005859
33,91,15,0.007324
33,92,14,0.006836
33,93,15,0.007324
33,94,22,0.010742
33,95,17,0.008301
33,96,12,0.005859
33,97,12,0.005859
33,98,20,0.009766
33,99,20,0.009766
33,100,10,0.004883
33,101,12,0.005859
33,102,12,0.005859
33,103,37,0.018066
33,104,11,0.005371
33,105,16,0.007812
33,106,14,0.006836
33,107,15,0.007324
33,108,8,0.003906
33,109,33,0.016113
33,110,19,0.009277
33,111,16,0.007812
33,112,23,0.011230
33,113,14,0.006836
33,114,8,0.003906
33,115,15,0.007324
33,116,6,0.002930
33,117,20,0.009766
33,118,12,0.005859
33,119,10,0.004883
33,120,11,0.005371
33,121,21,0.010254
33,122,20,0.009766
33,123,35,0.017090
33,124,16,0.007812
33,125,32,0.015625
33,126,23,0.011230
33,127,13,0.006348
34,0,24,0.011719
34,1,14,0.006836
34,2,17,0.008301
34,3,2,0.000977
34,4,22,0.010742
34,5,17,0.008301
34,6,20,0.009766
34,7,7,0.003418
34,8,27,0.013184
34,9,14,0.006836
34,10,10,0.004883
34,11,4,0.001953
34,12,21,0.010254
34,13,25,0.012207
34,14,21,0.010254
34,15,7,0.003418
34,16,26,0.012695
34,17,17,0.008301
34,18,17,0.008301
34,19,12,0.005859
34,20,18,0.008789
34,21,22,0.010742
34,22,15,0.007324
34,23,16,0.007812
34,24,20,0.009766
34,25,17,0.008301
34,26,20,0.009766
34,27,10,0.004883
34,28,25,0.012207
34,29,13,0.006348
34,30,9,0.004395
34,31,7,0.003418
34,32,18,0.008789
34,33,12,0.005859
34,34,10,0.004883
34,35,20,0.009766
34,36,11,0.005371
34,37,3,0.001465
34,38,12,0.005859
34,39,10,0.004883
34,40,16,0.007812
34,41,12,0.005859
34,42,56,0.027344
34,43,17,0.008301
34,44,9,0.004395
34,45,27,0.013184
34,46,24,0.011719
34,47,33,0.016113
34,48,26,0.012695
34,49,13,0.006348
34,50,11,0.005371
34,51,18,0.008789
34,52,9,0.004395
34,53,32,0.015625
34,54,12,0.005859
34,55,46,0.022461
34,56,14,0.006836
34,57,25,0.012207
34,58,6,0.002930
34,59,13,0.006348
34,60,9,0.004395
34,61,12,0.005859
34,62,14,0.006836
34,63,4,0.001953
34,64,24,0.011719
34,65,14,0.006836
34,66,9,0.004395
34,67,19,0.009277
34,68,16,0.007812
34,69,44,0.021484
34,70,8,0.003906
34,71,16,0.007812
34,72,4,0.001953
34,73,20,0.009766
34,74,13,0.006348
34,75,13,0.006348
34,76,3,0.001465
34,77,26,0.012695
34,78,26,0.012695
34,79,11,0.005371
34,80,26,0.012695
34,81,18,0.008789
34,82,17,0.008301
34,83,16,0.007812
34,84,5,0.002441
34,85,7,0.003418
34,86,25,0.012207
34,87,27,0.013184
34,88,23,0.011230
34,89,32,0.015625
34,90,13,0.006348
34,91,7,0.003418
34,92,19,0.009277
34,93,6,0.002930
34,94,11,0.005371
34,95,4,0.001953
34,96,9,0.004395
34,97,14,0.006836
34,98,11,0.005371
34,99,17,0.008301
34,100,22,0.010742
34,101,19,0.009277
34,102,10,0.004883
34,103,10,0.004883
34,104,24,0.011719
34,105,12,0.005859
34,106,12,0.005859
34,107,9,0.004395
34,108,7,0.003418
34,109,24,0.011719
34,110,17,0.008301
34,111,10,0.004883
34,112,13,0.006348
34,113,18,0.008789
34,114,14,0.006836
34,115,25,0.012207
34,116,13,0.006348
34,117,8,0.003906
34,118,13,0.006348
34,119,28,0.013672
34,120,8,0.003906
34,121,12,0.005859
34,122,9,0.004395
34,123,26,0.012695
34,124,11,0.005371
34,125,12,0.005859
34,126,8,0.003906
34,127,11,0.005371
35,0,17,0.008301
35,1,12,0.005859
35,2,18,0.008789
35,3,18,0.008789
35,4,32,0.015625
35,5,24,0.011719
35,6,12,0.005859
35,7,15,0.007324
35,8,5,0.002441
35,9,6,0.002930
35,10,23,0.011230
35,11,12,0.005859
35,12,21,0.010254
35,13,14,0.006836
35,14,18,0.008789
35,15,27,0.013184
35,16,24,0.011719
35,17,19,0.009277
35,18,26,0.012695
35,19,11,0.005371
35,20,15,0.007324
35,21,18,0.008789
35,22,20,0.009766
35,23,23,0.011230
35,24,7,0.003418
35,25,6,0.002930
35,26,12,0.005859
35,27,24,0.011719
35,28,13,0.006348
35,29,28,0.013672
35,30,30,0.014648
35,31,13,0.006348
35,32,14,0.006836
35,33,5,0.002441
35,34,7,0.003418
35,35,12,0.005859
35,36,15,0.007324
35,37,33,0.016113
35,38,9,0.004395
35,39,15,0.007324
35,40,7,0.003418
35,41,14,0.006836
35,42,25,0.012207
35,43,6,0.002930
35,44,25,0.012207
35,45,29,0.014160
35,46,24,0.011719
35,47,9,0.004395
35,48,11,0.005371
35,49,20,0.009766
35,50,16,0.007812
35,51,16,0.007812
35,52,8,0.003906
35,53,13,0.006348
35,54,14,0.006836
35,55,16,0.007812
35,56,6,0.002930
35,57,5,0.002441
35,58,12,0.005859
35,59,4,0.001953
35,60,10,0.004883
35,61,18,0.008789
35,62,12,0.005859
35,63,17,0.008301
35,64,12,0.005859
35,65,10,0.004883
35,66,10,0.004883
35,67,10,0.004883
35,68,35,0.017090
35,69,23,0.011230
35,70,17,0.008301
35,71,36,0.017578
35,72,13,0.006348
35,73,28,0.013672
35,74,15,0.007324
35,75,11,0.005371
35,76,3,0.001465
35,77,12,0.005859
35,78,9,0.004395
35,79,16,0.007812
35,80,18,0.008789
35,81,23,0.011230
35,82,15,0.007324
35,83,16,0.007812
35,84,18,0.008789
35,85,9,0.004395
35,86,19,0.009277
35,87,12,0.005859
35,88,5,0.002441
35,89,12,0.005859
35,90,17,0.008301
35,91,12,0.005859
35,92,8,0.003906
35,93,32,0.015625
35,94,17,0.008301
35,95,10,0.004883
35,96,16,0.007812
35,97,15,0.007324
35,98,22,0.010742
35,99,8,0.003906
35,100,12,0.005859
35,101,25,0.012207
35,102,15,0.007324
35,103,16,0.007812
35,104,12,0.005859
35,105,10,0.004883
35,106,15,0.007324
35,107,23,0.011230
35,108,10,0.004883
35,109,21,0.010254
35,110,40,0.019531
35,111,16,0.007812
35,112,16,0.007812
35,113,12,0.005859
35,114,26,0.012695
35,115,21,0.010254
35,116,21,0.010254
35,117,12,0.005859
35,118,23,0.011230
35,119,11,0.005371
35,120,12,0.005859
35,121,17,0.008301
35,122,20,0.009766
35,123,13,0.006348
35,124,15,0.007324
35,125,17,0.008301
35,126,11,0.005371
35,127,12,0.005859
36,0,17,0.008301
36,1,14,0.006836
36,2,23,0.011230
36,3,11,0.005371
36,4,4,0.001953
36,5,26,0.012695
36,6,17,0.008301
36,7,7,0.003418
36,8,20,0.009766
36,9,18,0.008789
36,10,14,0.006836
36,11,21,0.010254
36,12,21,0.010254
36,13,21,0.010254
36,14,11,0.005371
36,15,29,0.014160
36,16,4,0.001953
36,17,11,0.005371
36,18,25,0.012207
36,19,12,0.005859
36,20,8,0.003906
36,21,17,0.008301
36,22,27,0.013184
36,23,18,0.008789
36,24,12,0.005859
36,25,8,0.003906
36,26,8,0.003906
36,27,15,0.007324
36,28,14,0.006836
36,29,28,0.013672
36,30,9,0.004395
36,31,21,0.010254
36,32,2,0.000977
36,33,9,0.004395
36,34,18,0.008789
36,35,11,0.005371
36,36,17,0.008301
36,37,4,0.001953
36,38,13,0.006348
36,39,15,0.007324
36,40,16,0.007812
36,41,18,0.008789
36,42,22,0.010742
36,43,15,0.007324
36,44,14,0.006836
36,45,9,0.004395
36,46,19,0.009277
36,47,9,0.004395
36,48,19,0.009277
36,49,12,0.005859
36,50,24,0.011719
36,51,41,0.020020
36,52,16,0.007812
36,53,47,0.022949
36,54,15,0.007324
36,55,15,0.007324
36,56,19,0.009277
36,57,14,0.006836
36,58,27,0.013184
36,59,14,0.006836
36,60,27,0.013184
36,61,34,0.016602
36,62,11,0.005371
36,63,14,0.006836
36,64,6,0.002930
36,65,15,0.007324
36,66,15,0.007324
36,67,7,0.003418
36,68,11,0.005371
36,69,11,0.005371
36,70,22,0.010742
36,71,10,0.004883
36,72,22,0.010742
36,73,16,0.007812
36,74,12,0.005859
36,75,17,0.008301
36,76,15,0.007324
36,77,18,0.008789
36,78,9,0.004395
36,79,13,0.006348
36,80,7,0.003418
36,81,19,0.009277
36,82,19,0.009277
36,83,7,0.003418
36,84,11,0.005371
36,85,5,0.002441
36,86,25,0.012207
36,87,8,0.003906
36,88,11,0.005371
36,89,42,0.020508
36,90,33,0.016113
36,91,23,0.011230
36,92,19,0.009277
36,93,6,0.002930
36,94,11,0.005371
36,95,13,0.006348
36,96,8,0.003906
36,97,10,0.004883
36,98,16,0.007812
36,99,5,0.002441
36,100,35,0.017090
36,101,10,0.004883
36,102,19,0.009277
36,103,3,0.001465
36,104,6,0.002930
36,105,20,0.009766
36,106,15,0.007324
36,107,7,0.003418
36,108,12,0.005859
36,109,27,0.013184
36,110,19,0.009277
36,111,11,0.005371
36,112,33,0.016113
36,113,22,0.010742
36,114,31,0.015137
36,115,6,0.002930
36,116,8,0.003906
36,117,22,0.010742
36,118,16,0.007812
36,119,16,0.007812
36,120,19,0.009277
36,121,16,0.007812
36,122,16,0.007812
36,123,15,0.007324
36,124,25,0.012207
36,125,8,0.003906
36,126,14,0.006836
36,127,9,0.004395
37,0,11,0.005371
37,1,26,0.012695
37,2,4,0.001953
37,3,9,0.004395
37,4,27,0.013184
37,5,11,0.005371
37,6,13,0.006348
37,7,18,0.008789
37,8,21,0.010254
37,9,21,0.010254
37,10,20,0.009766
37,11,18,0.008789
37,12,9,0.004395
37,13,20,0.009766
37,14,19,0.009277
37,15,3,0.001465
37,16,7,0.003418
37,17,22,0.010742
37,18,7,0.003418
37,19,10,0.004883
37,20,23,0.011230
37,21,33,0.016113
37,22,13,0.006348
37,23,14,0.006836
37,24,28,0.013672
37,25,6,0.002930
37,26,6,0.002930
37,27,29,0.014160
37,28,6,0.002930
37,29,7,0.003418
37,30,3,0.001465
37,31,18,0.008789
37,32,22,0.010742
37,33,19,0.009277
37,34,24,0.011719
37,35,6,0.002930
37,36,16,0.007812
37,37,8,0.003906
37,38,15,0.007324
37,39,19,0.009277
37,40,10,0.004883
37,41,18,0.008789
37,42,15,0.007324
37,43,14,0.006836
37,44,13,0.006348
37,45,17,0.008301
37,46,11,0.005371
37,47,6,0.002930
37,48,21,0.010254
37,49,23,0.011230
37,50,11,0.005371
37,51,12,0.005859
37,52,17,0.008301
37,53,20,0.009766
37,54,19,0.009277
37,55,11,0.005371
37,56,11,0.005371
37,57,4,0.001953
37,58,17,0.008301
37,59,13,0.006348
37,60,37,0.018066
37,61,34,0.016602
37,62,25,0.012207
37,63,16,0.007812
37,64,32,0.015625
37,65,7,0.003418
37,66,25,0.012207
37,67,9,0.004395
37,68,20,0.009766
37,69,10,0.004883
37,70,11,0.005371
37,71,29,0.014160
37,72,18,0.008789
37,73,21,0.010254
37,74,35,0.017090
37,75,12,0.005859
37,76,18,0.008789
37,77,18,0.008789
37,78,15,0.007324
37,79,12,0.005859
37,80,15,0.007324
37,81,14,0.006836
37,82,8,0.003906
37,83,8,0.003906
37,84,34,0.016602
37,85,10,0.004883
37,86,13,0.006348
37,87,10,0.004883
37,88,13,0.006348
37,89,4,0.001953
37,90,18,0.008789
37,91,9,0.004395
37,92,27,0.013184
37,93,14,0.006836
37,94,15,0.007324
37,95,35,0.017090
37,96,5,0.002441
37,97,10,0.004883
37,98,24,0.011719
37,99,24,0.011719
37,100,20,0.009766
37,101,9,0.004395
37,102,9,0.004395
37,103,18,0.008789
37,104,27,0.013184
37,105,9,0.004395
37,106,28,0.013672
37,107,11,0.005371
37,108,18,0.008789
37,109,16,0.007812
37,110,11,0.005371
37,111,20,0.009766
37,112,7,0.003418
37,113,15,0.007324
37,114,8,0.003906
37,115,13,0.006348
37,116,21,0.010254
37,117,27,0.013184
37,118,22,0.010742
37,119,23,0.011230
37,120,22,0.010742
37,121,12,0.005859
37,122,24,0.011719
37,123,9,0.004395
37,124,6,0.002930
37,125,21,0.010254
37,126,12,0.005859
37,127,2,0.000977
38,0,16,0.007812
38,1,28,0.013672
38,2,5,0.002441
38,3,24,0.011719
38,4,21,0.010254
38,5,14,0.006836
38,6,18,0.008789
38,7,8,0.003906
38,8,11,0.005371
38,9,15,0.007324
38,10,19,0.009277
38,11,5,0.002441
38,12,10,0.004883
38,13,19,0.009277
38,14,17,0.008301
38,15,20,0.009766
38,16,6,0.002930
38,17,24,0.011719
38,18,10,0.004883
38,19,24,0.011719
38,20,19,0.009277
38,21,18,0.008789
38,22,8,0.003906
38,23,21,0.010254
38,24,19,0.009277
38,25,11,0.005371
38,26,2,0.000977
38,27,7,0.003418
38,28,28,0.013672
38,29,20,0.009766
38,30,13,0.006348
38,31,21,0.010254
38,32,19,0.009277
38,33,31,0.015137
38,34,17,0.008301
38,35,25,0.012207
38,36,18,0.008789
38,37,23,0.011230
38,38,14,0.006836
38,39,19,0.009277
38,40,12,0.005859
38,41,7,0.003418
38,42,12,0.005859
38,43,13,0.006348
38,44,5,0.002441
38,45,16,0.007812
38,46,12,0.005859
38,47,37,0.018066
38,48,13,0.006348
38,49,24,0.011719
38,50,30,0.014648
38,51,7,0.003418
38,52,26,0.012695
38,53,31,0.015137
38,54,16,0.007812
38,55,9,0.004395
38,56,8,0.003906
38,57,13,0.006348
38,58,6,0.002930
38,59,34,0.016602
38,60,22,0.010742
38,61,2,0.000977
38,62,12,0.005859
38,63,21,0.010254
38,64,22,0.010742
38,65,11,0.005371
38,66,9,0.004395
38,67,9,0.004395
38,68,7,0.003418
38,69,17,0.008301
38,70,16,0.007812
38,71,19,0.009277
38,72,22,0.010742
38,73,20,0.009766
38,74,16,0.007812
38,75,8,0.003906
38,76,9,0.004395
38,77,12,0.005859
38,78,2,0.000977
38,79,37,0.018066
38,80,11,0.005371
38,81,21,0.010254
38,82,11,0.005371
38,83,14,0.006836
38,84,14,0.006836
38,85,40,0.019531
38,86,16,0.007812
38,87,27,0.013184
38,88,17,0.008301
38,89,23,0.011230
38,90,22,0.010742
38,91,9,0.004395
38,92,19,0.009277
38,93,19,0.009277
38,94,6,0.002930
38,95,11,0.005371
38,96,22,0.010742
38,97,15,0.007324
38,98,17,0.008301
38,99,11,0.005371
38,100,18,0.008789
38,101,12,0.005859
38,102,12,0.005859
38,103,9,0.004395
38,104,21,0.010254
38,105,12,0.005859
38,106,9,0.004395
38,107,19,0.009277
38,108,15,0.007324
38,109,8,0.003906
38,110,17,0.008301
38,111,13,0.006348
38,112,15,0.007324
38,113,18,0.008789
38,114,28,0.013672
38,115,19,0.009277
38,116,12,0.005859
38,117,18,0.008789
38,118,9,0.004395
38,119,14,0.006836
38,120,18,0.008789
38,121,15,0.007324
38,122,19,0.009277
38,123,8,0.003906
38,124,14,0.006836
38,125,17,0.008301
38,126,15,0.007324
38,127,8,0.003906
39,0,26,0.012695
39,1,30,0.014648
39,2,8,0.003906
39,3,25,0.012207
39,4,21,0.010254
39,5,23,0.011230
39,6,8,0.003906
39,7,21,0.010254
39,8,10,0.004883
39,9,12,0.005859
39,10,19,0.009277
39,11,30,0.014648
39,12,32,0.015625
39,13,13,0.006348
39,14,9,0.004395
39,15,15,0.007324
39,16,18,0.008789
39,17,16,0.007812
39,18,2,0.000977
39,19,13,0.006348
39,20,12,0.005859
39,21,20,0.009766
39,22,10,0.004883
39,23,25,0.012207
39,24,4,0.001953
39,25,19,0.009277
39,26,8,0.003906
39,27,22,0.010742
39,28,13,0.006348
39,29,11,0.005371
39,30,21,0.010254
39,31,10,0.004883
39,32,22,0.010742
39,33,11,0.005371
39,34,17,0.008301
39,35,30,0.014648
39,36,24,0.011719
39,37,11,0.005371
39,38,21,0.010254
39,39,22,0.010742
39,40,24,0.011719
39,41,11,0.005371
39,42,37,0.018066
39,43,12,0.005859
39,44,9,0.004395
39,45,16,0.007812
39,46,22,0.010742
39,47,31,0.015137
39,48,7,0.003418
39,49,14,0.006836
39,50,11,0.005371
39,51,17,0.008301
39,52,13,0.006348
39,53,28,0.013672
39,54,13,0.006348
39,55,14,0.006836
39,56,10,0.004883
39,57,18,0.008789
39,58,21,0.010254
39,59,5,0.002441
39,60,24,0.011719
39,61,8,0.003906
39,62,10,0.004883
39,63,24,0.011719
39,64,14,0.006836
39,65,15,0.007324
39,66,11,0.005371
39,67,19,0.009277
39,68,25,0.012207
39,69,6,0.002930
39,70,6,0.002930
39,71,13,0.006348
39,72,10,0.004883
39,73,7,0.003418
39,74,17,0.008301
39,75,17,0.008301
39,76,6,0.002930
39,77,12,0.005859
39,78,6,0.002930
39,79,19,0.009277
39,80,5,0.002441
39,81,11,0.005371
39,82,22,0.010742
39,83,22,0.010742
39,84,7,0.003418
39,85,20,0.009766
39,86,13,0.006348
39,87,11,0.005371
39,88,21,0.010254
39,89,17,0.008301
39,90,17,0.008301
39,91,19,0.009277
39,92,25,0.012207
39,93,10,0.004883
39,94,28,0.013672
39,95,26,0.012695
39,96,11,0.005371
39,97,9,0.004395
39,98,7,0.003418
39,99,19,0.009277
39,100,7,0.003418
39,101,9,0.004395
39,102,7,0.003418
39,103,13,0.006348
39,104,9,0.004395
39,105,19,0.009277
39,106,8,0.003906
39,107,29,0.014160
39,108,18,0.008789
39,109,10,0.004883
39,110,28,0.013672
39,111,18,0.008789
39,112,8,0.003906
39,113,22,0.010742
39,114,10,0.004883
39,115,13,0.006348
39,116,17,0.008301
39,117,9,0.004395
39,118,12,0.005859
39,119,15,0.007324
39,120,16,0.007812
39,121,19,0.009277
39,122,28,0.013672
39,123,17,0.008301
39,124,12,0.005859
39,125,21,0.010254
39,126,30,0.014648
39,127,18,0.008789
40,0,18,0.008789
40,1,23,0.011230
40,2,13,0.006348
40,3,6,0.002930
40,4,19,0.009277
40,5,15,0.007324
40,6,17,0.008301
40,7,12,0.005859
40,8,21,0.010254
40,9,15,0.007324
40,10,12,0.005859
40,11,4,0.001953
40,12,10,0.004883
40,13,21,0.010254
40,14,34,0.016602
40,15,15,0.007324
40,16,15,0.007324
40,17,13,0.006348
40,18,3,0.001465
40,19,13,0.006348
40,20,23,0.011230
40,21,13,0.006348
40,22,19,0.009277
40,23,20,0.009766
40,24,26,0.012695
40,25,20,0.009766
40,26,13,0.006348
40,27,21,0.010254
40,28,29,0.014160
40,29,25,0.012207
40,30,7,0.003418
40,31,9,0.004395
40,32,14,0.006836
40,33,33,0.016113
40,34,14,0.006836
40,35,9,0.004395
40,36,11,0.005371
40,37,27,0.013184
40,38,3,0.001465
40,39,18,0.008789
40,40,12,0.005859
40,41,10,0.004883
40,42,31,0.015137
40,43,11,0.005371
40,44,11,0.005371
40,45,21,0.010254
40,46,5,0.002441
40,47,15,0.007324
40,48,11,0.005371
40,49,10,0.004883
40,50,13,0.006348
40,51,14,0.006836
40,52,17,0.008301
40,53,14,0.006836
40,54,13,0.006348
40,55,18,0.008789
40,56,15,0.007324
40,57,8,0.003906
40,58,6,0.002930
40,59,11,0.005371
40,60,8,0.003906
40,61,35,0.017090
40,62,25,0.012207
40,63,7,0.003418
40,64,12,0.005859
40,65,23,0.011230
40,66,15,0.007324
40,67,25,0.012207
40,68,34,0.016602
40,69,14,0.006836
40,70,17,0.008301
40,71,6,0.002930
40,72,18,0.008789
40,73,14,0.006836
40,74,12,0.005859
40,75,14,0.006836
40,76,11,0.005371
40,77,6,0.002930
40,78,24,0.011719
40,79,9,0.004395
40,80,7,0.003418
40,81,28,0.013672
40,82,9,0.004395
40,83,26,0.012695
40,84,26,0.012695
40,85,11,0.005371
40,86,11,0.005371
40,87,7,0.003418
40,88,23,0.011230
40,89,28,0.013672
40,90,27,0.013184
40,91,5,0.002441
40,92,35,0.017090
40,93,15,0.007324
40,94,24,0.011719
40,95,17,0.008301
40,96,19,0.009277
40,97,34,0.016602
40,98,31,0.015137
40,99,22,0.010742
40,100,18,0.008789
40,101,4,0.001953
40,102,17,0.008301
40,103,18,0.008789
40,104,8,0.003906
40,105,19,0.009277
40,106,10,0.004883
40,107,9,0.004395
40,108,12,0.005859
40,109,14,0.006836
40,110,4,0.001953
40,111,14,0.006836
40,112,6,0.002930
40,113,31,0.015137
40,114,19,0.009277
40,115,20,0.009766
40,116,13,0.006348
40,117,9,0.004395
40,118,22,0.010742
40,119,14,0.006836
40,120,24,0.011719
40,121,16,0.007812
40,122,24,0.011719
40,123,12,0.005859
40,124,3,0.001465
40,125,10,0.004883
40,126,17,0.008301
40,127,8,0.003906
41,0,12,0.005859
41,1,17,0.008301
41,2,20,0.009766
41,3,13,0.006348
41,4,28,0.013672
41,5,19,0.009277
41,6,7,0.003418
41,7,17,0.008301
41,8,7,0.003418
41,9,16,0.007812
41,10,29,0.014160
41,11,11,0.005371
41,12,24,0.011719
41,13,22,0.010742
41,14,7,0.003418
41,15,17,0.008301
41,16,24,0.011719
41,17,22,0.010742
41,18,15,0.007324
41,19,21,0.010254
41,20,8,0.003906
41,21,8,0.003906
41,22,17,0.008301
41,23,13,0.006348
41,24,21,0.010254
41,25,37,0.018066
41,26,17,0.008301
41,27,18,0.008789
41,28,19,0.009277
41,29,16,0.007812
41,30,11,0.005371
41,31,8,0.003906
41,32,11,0.005371
41,33,15,0.007324
41,34,25,0.012207
41,35,1,0.000488
41,36,12,0.005859
41,37,32,0.015625
41,38,17,0.008301
41,39,12,0.005859
41,40,15,0.007324
41,41,8,0.003906
41,42,25,0.012207
41,43,19,0.009277
41,44,21,0.010254
41,45,17,0.008301
41,46,19,0.009277
41,47,16,0.007812
41,48,9,0.004395
41,49,10,0.004883
41,50,5,0.002441
41,51,12,0.005859
41,52,6,0.002930
41,53,7,0.003418
41,54,15,0.007324
41,55,22,0.010742
41,56,22,0.010742
41,57,9,0.004395
41,58,6,0.002930
41,59,12,0.005859
41,60,17,0.008301
41,61,7,0.003418
41,62,22,0.010742
41,63,8,0.003906
41,64,10,0.004883
41,65,25,0.012207
41,66,24,0.011719
41,67,25,0.012207
41,68,8,0.003906
41,69,6,0.002930
41,70,32,0.015625
41,71,6,0.002930
41,72,14,0.006836
41,73,13,0.006348
41,74,15,0.007324
41,75,14,0.006836
41,76,6,0.002930
41,77,18,0.008789
41,78,26,0.012695
41,79,39,0.019043
41,80,27,0.013184
41,81,1,0.000488
41,82,17,0.008301
41,83,18,0.008789
41,84,19,0.009277
41,85,13,0.006348
41,86,14,0.006836
41,87,10,0.004883
41,88,28,0.013672
41,89,8,0.003906
41,90,27,0.013184
41,91,38,0.018555
41,92,14,0.006836
41,93,10,0.004883
41,94,20,0.009766
41,95,28,0.013672
41,96,17,0.008301
41,97,9,0.004395
41,98,17,0.008301
41,99,33,0.016113
41,100,11,0.005371
41,101,23,0.011230
41,102,8,0.003906
41,103,7,0.003418
41,104,5,0.002441
41,105,14,0.006836
41,106,14,0.006836
41,107,16,0.007812
41,108,26,0.012695
41,109,7,0.003418
41,110,15,0.007324
41,111,12,0.005859
41,112,5,0.002441
41,113,19,0.009277
41,114,20,0.009766
41,115,3,0.001465
41,116,10,0.004883
41,117,18,0.008789
41,118,20,0.009766
41,119,12,0.005859
41,120,33,0.016113
41,121,18,0.008789
41,122,14,0.006836
41,123,13,0.006348
41,124,19,0.009277
41,125,22,0.010742
41,126,15,0.007324
41,127,5,0.002441
42,0,24,0.011719
42,1,14,0.006836
42,2,15,0.007324
42,3,15,0.007324
42,4,14,0.006836
42,5,13,0.006348
42,6,15,0.007324
42,7,19,0.009277
42,8,13,0.006348
42,9,12,0.005859
42,10,17,0.008301
42,11,9,0.004395
42,12,12,0.005859
42,13,6,0.002930
42,14,20,0.009766
42,15,21,0.010254
42,16,4,0.001953
42,17,13,0.006348
42,18,18,0.008789
42,19,26,0.012695
42,20,14,0.006836
42,21,14,0.006836
42,22,23,0.011230
42,23,14,0.006836
42,24,15,0.007324
42,25,10,0.004883
42,26,15,0.007324
42,27,16,0.007812
42,28,14,0.006836
42,29,18,0.008789
42,30,8,0.003906
42,31,25,0.012207
42,32,13,0.006348
42,33,12,0.005859
42,34,30,0.014648
42,35,22,0.010742
42,36,23,0.011230
42,37,17,0.008301
42,38,3,0.001465
42,39,6,0.002930
42,40,9,0.004395
42,41,14,0.006836
42,42,16,0.007812
42,43,19,0.009277
42,44,13,0.006348
42,45,12,0.005859
42,46,16,0.007812
42,47,11,0.005371
42,48,19,0.009277
42,49,14,0.006836
42,50,30,0.014648
42,51,15,0.007324
42,52,21,0.010254
42,53,13,0.006348
42,54,22,0.010742
42,55,5,0.002441
42,56,11,0.005371
42,57,27,0.013184
42,58,17,0.008301
42,59,19,0.009277
42,60,7,0.003418
42,61,14,0.006836
42,62,17,0.008301
42,63,20,0.009766
42,64,1,0.000488
42,65,29,0.014160
42,66,9,0.004395
42,67,14,0.006836
42,68,20,0.009766
42,69,11,0.005371
42,70,16,0.007812
42,71,10,0.004883
42,72,17,0.008301
42,73,19,0.009277
42,74,17,0.008301
42,75,30,0.014648
42,76,16,0.007812
42,77,11,0.005371
42,78,24,0.011719
42,79,14,0.006836
42,80,10,0.004883
42,81,15,0.007324
42,82,18,0.008789
42,83,32,0.015625
42,84,32,0.015625
42,85,22,0.010742
42,86,16,0.007812
42,87,30,0.014648
42,88,11,0.005371
42,89,11,0.005371
42,90,29,0.014160
42,91,21,0.010254
42,92,6,0.002930
42,93,21,0.010254
42,94,19,0.009277
42,95,20,0.009766
42,96,13,0.006348
42,97,23,0.011230
42,98,7,0.003418
42,99,20,0.009766
42,100,15,0.007324
42,101,19,0.009277
42,102,15,0.007324
42,103,11,0.005371
42,104,12,0.005859
42,105,24,0.011719
42,106,15,0.007324
42,107,15,0.007324
42,108,26,0.012695
42,109,13,0.006348
42,110,9,0.004395
42,111,13,0.006348
42,112,24,0.011719
42,113,7,0.003418
42,114,10,0.004883
42,115,10,0.004883
42,116,13,0.006348
42,117,14,0.006836
42,118,13,0.006348
42,119,20,0.009766
42,120,18,0.008789
42,121,8,0.003906
42,122,17,0.008301
42,123,23,0.011230
42,124,10,0.004883
42,125,17,0.008301
42,126,6,0.002930
42,127,24,0.011719
43,0,25,0.012207
43,1,8,0.003906
43,2,7,0.003418
43,3,18,0.008789
43,4,15,0.007324
43,5,15,0.007324
43,6,21,0.010254
43,7,10,0.004883
43,8,21,0.010254
43,9,33,0.016113
43,10,8,0.003906
43,11,24,0.011719
43,12,27,0.013184
43,13,5,0.002441
43,14,20,0.009766
43,15,11,0.005371
43,16,14,0.006836
43,17,30,0.014648
43,18,15,0.007324
43,19,14,0.006836
43,20,11,0.005371
43,21,12,0.005859
43,22,15,0.007324
43,23,17,0.008301
43,24,24,0.011719
43,25,5,0.002441
43,26,19,0.009277
43,27,10,0.004883
43,28,10,0.004883
43,29,34,0.016602
43,30,7,0.003418
43,31,13,0.006348
43,32,29,0.014160
43,33,8,0.003906
43,34,25,0.012207
43,35,14,0.006836
43,36,8,0.003906
43,37,21,0.010254
43,38,8,0.003906
43,39,15,0.007324
43,40,22,0.010742
43,41,22,0.010742
43,42,23,0.011230
43,43,17,0.008301
43,44,3,0.001465
43,45,12,0.005859
43,46,15,0.007324
43,47,14,0.006836
43,48,12,0.005859
43,49,35,0.017090
43,50,15,0.007324
43,51,12,0.005859
43,52,2,0.000977
43,53,31,0.015137
43,54,19,0.009277
43,55,14,0.006836
43,56,18,0.008789
43,57,13,0.006348
43,58,12,0.005859
43,59,24,0.011719
43,60,22,0.010742
43,61,20,0.009766
43,62,4,0.001953
43,63,29,0.014160
43,64,12,0.005859
43,65,13,0.006348
43,66,14,0.006836
43,67,13,0.006348
43,68,7,0.003418
43,69,27,0.013184
43,70,4,0.001953
43,71,10,0.004883
43,72,17,0.008301
43,73,14,0.006836
43,74,8,0.003906
43,75,22,0.010742
43,76,11,0.005371
43,77,16,0.007812
43,78,13,0.006348
43,79,10,0.004883
43,80,24,0.011719
43,81,26,0.012695
43,82,10,0.004883
43,83,24,0.011719
43,84,26,0.012695
43,85,11,0.005371
43,86,14,0.006836
43,87,23,0.011230
43,88,32,0.015625
43,89,7,0.003418
43,90,21,0.010254
43,91,18,0.008789
43,92,15,0.007324
43,93,14,0.006836
43,94,10,0.004883
43,95,10,0.004883
43,96,15,0.007324
43,97,4,0.001953
43,98,12,0.005859
43,99,6,0.002930
43,100,18,0.008789
43,101,10,0.004883
43,102,16,0.007812
43,103,17,0.008301
43,104,14,0.006836
43,105,10,0.004883
43,106,7,0.003418
43,107,15,0.007324
43,108,18,0.008789
43,109,25,0.012207
43,110,22,0.010742
43,111,22,0.010742
43,112,22,0.010742
43,113,10,0.004883
43,114,41,0.020020
43,115,26,0.012695
43,116,12,0.005859
43,117,5,0.002441
43,118,10,0.004883
43,119,7,0.003418
43,120,17,0.008301
43,121,28,0.013672
43,122,12,0.005859
43,123,15,0.007324
43,124,2,0.000977
43,125,19,0.009277
43,126,27,0.013184
43,127,12,0.005859
44,0,23,0.011230
44,1,11,0.005371
44,2,16,0.007812
44,3,16,0.007812
44,4,7,0.003418
44,5,15,0.007324
44,6,10,0.004883
44,7,10,0.004883
44,8,11,0.005371
44,9,27,0.013184
44,10,12,0.005859
44,11,8,0.003906
44,12,20,0.009766
44,13,11,0.005371
44,14,16,0.007812
44,15,25,0.012207
44,16,17,0.008301
44,17,22,0.010742
44,18,27,0.013184
44,19,20,0.009766
44,20,16,0.007812
44,21,26,0.012695
44,22,14,0.006836
44,23,11,0.005371
44,24,10,0.004883
44,25,14,0.006836
44,26,23,0.011230
44,27,13,0.006348
44,28,11,0.005371
44,29,22,0.010742
44,30,13,0.006348
44,31,15,0.007324
44,32,12,0.005859
44,33,19,0.009277
44,34,5,0.002441
44,35,9,0.004395
44,36,9,0.004395
44,37,6,0.002930
44,38,7,0.003418
44,39,10,0.004883
44,40,10,0.004883
44,41,4,0.001953
44,42,13,0.006348
44,43,31,0.015137
44,44,14,0.006836
44,45,5,0.002441
44,46,16,0.007812
44,47,15,0.007324
44,48,10,0.004883
44,49,9,0.004395
44,50,25,0.012207
44,51,16,0.007812
44,52,7,0.003418
44,53,10,0.004883
44,54,11,0.005371
44,55,22,0.010742
44,56,33,0.016113
44,57,30,0.014648
44,58,14,0.006836
44,59,10,0.004883
44,60,6,0.002930
44,61,12,0.005859
44,62,11,0.005371
44,63,21,0.010254
44,64,8,0.003906
44,65,8,0.003906
44,66,19,0.009277
44,67,18,0.008789
44,68,14,0.006836
44,69,9,0.004395
44,70,15,0.007324
44,71,25,0.012207
44,72,17,0.008301
44,73,7,0.003418
44,74,8,0.003906
44,75,13,0.006348
44,76,18,0.008789
44,77,5,0.002441
44,78,8,0.003906
44,79,17,0.008301
44,80,30,0.014648
44,81,29,0.014160
44,82,5,0.002441
44,83,15,0.007324
44,84,12,0.005859
44,85,19,0.009277
44,86,38,0.018555
44,87,16,0.007812
44,88,9,0.004395
44,89,36,0.017578
44,90,17,0.008301
44,91,28,0.013672
44,92,21,0.010254
44,93,14,0.006836
44,94,24,0.011719
44,95,9,0.004395
44,96,25,0.012207
44,97,17,0.008301
44,98,7,0.003418
44,99,38,0.018555
44,100,36,0.017578
44,101,18,0.008789
44,102,21,0.010254
44,103,22,0.010742
44,104,10,0.004883
44,105,5,0.002441
44,106,6,0.002930
44,107,19,0.009277
44,108,11,0.005371
44,109,18,0.008789
44,110,14,0.006836
44,111,13,0.006348
44,112,11,0.005371
44,113,18,0.008789
44,114,16,0.007812
44,115,17,0.008301
44,116,20,0.009766
44,117,14,0.006836
44,118,25,0.012207
44,119,23,0.011230
44,120,15,0.007324
44,121,12,0.005859
44,122,10,0.004883
44,123,22,0.010742
44,124,34,0.016602
44,125,17,0.008301
44,126,7,0.003418
44,127,32,0.015625
45,0,6,0.002930
45,1,12,0.005859
45,2,20,0.009766
45,3,17,0.008301
45,4,9,0.004395
45,5,11,0.005371
45,6,17,0.008301
45,7,17,0.008301
45,8,25,0.012207
45,9,16,0.007812
45,10,12,0.005859
45,11,11,0.005371
45,12,14,0.006836
45,13,18,0.008789
45,14,19,0.009277
45,15,13,0.006348
45,16,18,0.008789
45,17,15,0.007324
45,18,11,0.005371
45,19,21,0.010254
45,20,6,0.002930
45,21,8,0.003906
45,22,17,0.008301
45,23,14,0.006836
45,24,23,0.011230
45,25,22,0.010742
45,26,16,0.007812
45,27,25,0.012207
45,28,11,0.005371
45,29,14,0.006836
45,30,13,0.006348
45,31,26,0.012695
45,32,26,0.012695
45,33,39,0.019043
45,34,44,0.021484
45,35,20,0.009766
45,36,16,0.007812
45,37,13,0.006348
45,38,23,0.011230
45,39,11,0.005371
45,40,8,0.003906
45,41,13,0.006348
45,42,16,0.007812
45,43,6,0.002930
45,44,25,0.012207
45,45,9,0.004395
45,46,37,0.018066
45,47,29,0.014160
45,48,10,0.004883
45,49,13,0.006348
45,50,30,0.014648
45,51,3,0.001465
45,52,21,0.010254
45,53,26,0.012695
45,54,22,0.010742
45,55,22,0.010742
45,56,13,0.006348
45,57,9,0.004395
45,58,16,0.007812
45,59,7,0.003418
45,60,19,0.009277
45,61,20,0.009766
45,62,20,0.009766
45,63,14,0.006836
45,64,17,0.008301
45,65,19,0.009277
45,66,17,0.008301
45,67,16,0.007812
45,68,3,0.001465
45,69,4,0.001953
45,70,8,0.003906
45,71,15,0.007324
45,72,7,0.003418
45,73,10,0.004883
45,74,7,0.003418
45,75,12,0.005859
45,76,10,0.004883
45,77,19,0.009277
45,78,20,0.009766
45,79,22,0.010742
45,80,18,0.008789
45,81,8,0.003906
45,82,18,0.008789
45,83,16,0.007812
45,84,26,0.012695
45,85,10,0.004883
45,86,14,0.006836
45,87,9,0.004395
45,88,26,0.012695
45,89,37,0.018066
45,90,9,0.004395
45,91,10,0.004883
45,92,10,0.004883
45,93,24,0.011719
45,94,9,0.004395
45,95,19,0.009277
45,96,17,0.008301
45,97,10,0.004883
45,98,6,0.002930
45,99,19,0.009277
45,100,15,0.007324
45,101,27,0.013184
45,102,14,0.006836
45,103,6,0.002930
45,104,15,0.007324
45,105,11,0.005371
45,106,19,0.009277
45,107,11,0.005371
45,108,14,0.006836
45,109,23,0.011230
45,110,12,0.005859
45,111,5,0.002441
45,112,16,0.007812
45,113,21,0.010254
45,114,15,0.007324
45,115,23,0.011230
45,116,23,0.011230
45,117,17,0.008301
45,118,8,0.003906
45,119,15,0.007324
45,120,7,0.003418
45,121,7,0.003418
45,122,24,0.011719
45,123,11,0.005371
45,124,13,0.006348
45,125,18,0.008789
45,126,12,0.005859
45,127,28,0.013672
46,0,6,0.002930
46,1,7,0.003418
46,2,16,0.007812
46,3,17,0.008301
46,4,13,0.006348
46,5,31,0.015137
46,6,18,0.008789
46,7,26,0.012695
46,8,27,0.013184
46,9,15,0.007324
46,10,24,0.011719
46,11,12,0.005859
46,12,10,0.004883
46,13,10,0.004883
46,14,19,0.009277
46,15,24,0.011719
46,16,18,0.008789
46,17,22,0.010742
46,18,19,0.009277
46,19,13,0.006348
46,20,24,0.011719
46,21,31,0.015137
46,22,18,0.008789
46,23,13,0.006348
46,24,13,0.006348
46,25,10,0.004883
46,26,39,0.019043
46,27,14,0.006836
46,28,16,0.007812
46,29,17,0.008301
46,30,9,0.004395
46,31,14,0.006836
46,32,1,0.000488
46,33,20,0.009766
46,34,12,0.005859
46,35,18,0.008789
46,36,32,0.015625
46,37,4,0.001953
46,38,32,0.015625
46,39,19,0.009277
46,40,10,0.004883
46,41,30,0.014648
46,42,17,0.008301
46,43,5,0.002441
46,44,12,0.005859
46,45,6,0.002930
46,46,14,0.006836
46,47,17,0.008301
46,48,28,0.013672
46,49,16,0.007812
46,50,12,0.005859
46,51,2,0.000977
46,52,38,0.018555
46,53,17,0.008301
46,54,22,0.010742
46,55,19,0.009277
46,56,22,0.010742
46,57,14,0.006836
46,58,8,0.003906
46,59,12,0.005859
46,60,21,0.010254
46,61,25,0.012207
46,62,35,0.017090
46,63,25,0.012207
46,64,18,0.008789
46,65,6,0.002930
46,66,7,0.003418
46,67,16,0.007812
46,68,13,0.006348
46,69,19,0.009277
46,70,7,0.003418
46,71,19,0.009277
46,72,4,0.001953
46,73,7,0.003418
46,74,15,0.007324
46,75,36,0.017578
46,76,8,0.003906
46,77,7,0.003418
46,78,7,0.003418
46,79,11,0.005371
46,80,5,0.002441
46,81,34,0.016602
46,82,12,0.005859
46,83,28,0.013672
46,84,9,0.004395
46,85,24,0.011719
46,86,15,0.007324
46,87,7,0.003418
46,88,12,0.005859
46,89,13,0.006348
46,90,42,0.020508
46,91,12,0.005859
46,92,6,0.002930
46,93,17,0.008301
46,94,6,0.002930
46,95,20,0.009766
46,96,15,0.007324
46,97,12,0.005859
46,98,10,0.004883
46,99,28,0.013672
46,100,4,0.001953
46,101,19,0.009277
46,102,8,0.003906
46,103,6,0.002930
46,104,5,0.002441
46,105,14,0.006836
46,106,15,0.007324
46,107,28,0.013672
46,108,18,0.008789
46,109,12,0.005859
46,110,13,0.006348
46,111,17,0.008301
46,112,14,0.006836
46,113,10,0.004883
46,114,15,0.007324
46,115,11,0.005371
46,116,5,0.002441
46,117,12,0.005859
46,118,10,0.004883
46,119,9,0.004395
46,120,24,0.011719
46,121,30,0.014648
46,122,11,0.005371
46,123,20,0.009766
46,124,23,0.011230
46,125,7,0.003418
46,126,27,0.013184
46,127,4,0.001953
47,0,4,0.001953
47,1,12,0.005859
47,2,14,0.006836
47,3,19,0.009277
47,4,11,0.005371
47,5,7,0.003418
47,6,14,0.006836
47,7,7,0.003418
47,8,8,0.003906
47,9,17,0.008301
47,10,13,0.006348
47,11,23,0.011230
47,12,14,0.006836
47,13,29,0.014160
47,14,8,0.003906
47,15,12,0.005859
47,16,12,0.005859
47,17,15,0.007324
47,18,32,0.015625
47,19,25,0.012207
47,20,3,0.001465
47,21,16,0.007812
47,22,5,0.002441
47,23,10,0.004883
47,24,13,0.006348
47,25,32,0.015625
47,26,20,0.009766
47,27,31,0.015137
47,28,19,0.009277
47,29,20,0.009766
47,30,15,0.007324
47,31,16,0.007812
47,32,15,0.007324
47,33,19,0.009277
47,34,13,0.006348
47,35,12,0.005859
47,36,19,0.009277
47,37,16,0.007812
47,38,9,0.004395
47,39,13,0.006348
47,40,22,0.010742
47,41,20,0.009766
47,42,17,0.008301
47,43,26,0.012695
47,44,13,0.006348
47,45,22,0.010742
47,46,14,0.006836
47,47,16,0.007812
47,48,13,0.006348
47,49,34,0.016602
47,50,6,0.002930
47,51,22,0.010742
47,52,19,0.009277
47,53,21,0.010254
47,54,8,0.003906
47,55,15,0.007324
47,56,26,0.012695
47,57,3,0.001465
47,58,21,0.010254
47,59,19,0.009277
47,60,22,0.010742
47,61,25,0.012207
47,62,20,0.009766
47,63,4,0.001953
47,64,13,0.006348
47,65,17,0.008301
47,66,6,0.002930
47,67,18,0.008789
47,68,40,0.019531
47,69,20,0.009766
47,70,17,0.008301
47,71,4,0.001953
47,72,22,0.010742
47,73,20,0.009766
47,74,14,0.006836
47,75,11,0.005371
47,76,13,0.006348
47,77,6,0.002930
47,78,37,0.018066
47,79,13,0.006348
47,80,12,0.005859
47,81,24,0.011719
47,82,20,0.009766
47,83,16,0.007812
47,84,5,0.002441
47,85,19,0.009277
47,86,20,0.009766
47,87,22,0.010742
47,88,11,0.005371
47,89,17,0.008301
47,90,9,0.004395
47,91,18,0.008789
47,92,18,0.008789
47,93,13,0.006348
47,94,16,0.007812
47,95,5,0.002441
47,96,6,0.002930
47,97,18,0.008789
47,98,15,0.007324
47,99,2,0.000977
47,100,4,0.001953
47,101,1,0.000488
47,102,7,0.003418
47,103,14,0.006836
47,104,10,0.004883
47,105,19,0.009277
47,106,27,0.013184
47,107,3,0.001465
47,108,17,0.008301
47,109,14,0.006836
47,110,17,0.008301
47,111,23,0.011230
47,112,20,0.009766
47,113,23,0.011230
47,114,23,0.011230
47,115,33,0.016113
47,116,19,0.009277
47,117,19,0.009277
47,118,17,0.008301
47,119,12,0.005859
47,120,28,0.013672
47,121,20,0.009766
47,122,6,0.002930
47,123,9,0.004395
47,124,20,0.009766
47,125,17,0.008301
47,126,24,0.011719
47,127,5,0.002441
