layer,expert,activation_count,share_of_layer_topk_picks
0,0,511,0.007797
0,1,478,0.007294
0,2,429,0.006546
0,3,499,0.007614
0,4,432,0.006592
0,5,676,0.010315
0,6,552,0.008423
0,7,553,0.008438
0,8,263,0.004013
0,9,168,0.002563
0,10,284,0.004333
0,11,550,0.008392
0,12,525,0.008011
0,13,217,0.003311
0,14,550,0.008392
0,15,362,0.005524
0,16,374,0.005707
0,17,732,0.011169
0,18,481,0.007339
0,19,543,0.008286
0,20,574,0.008759
0,21,243,0.003708
0,22,516,0.007874
0,23,1166,0.017792
0,24,270,0.004120
0,25,681,0.010391
0,26,711,0.010849
0,27,676,0.010315
0,28,358,0.005463
0,29,423,0.006454
0,30,292,0.004456
0,31,508,0.007751
0,32,822,0.012543
0,33,368,0.005615
0,34,170,0.002594
0,35,527,0.008041
0,36,726,0.011078
0,37,464,0.007080
0,38,938,0.014313
0,39,443,0.006760
0,40,509,0.007767
0,41,301,0.004593
0,42,400,0.006104
0,43,679,0.010361
0,44,721,0.011002
0,45,849,0.012955
0,46,696,0.010620
0,47,601,0.009171
0,48,179,0.002731
0,49,343,0.005234
0,50,1249,0.019058
0,51,405,0.006180
0,52,647,0.009872
0,53,483,0.007370
0,54,616,0.009399
0,55,493,0.007523
0,56,297,0.004532
0,57,345,0.005264
0,58,581,0.008865
0,59,404,0.006165
0,60,164,0.002502
0,61,640,0.009766
0,62,728,0.011108
0,63,731,0.011154
0,64,716,0.010925
0,65,245,0.003738
0,66,934,0.014252
0,67,480,0.007324
0,68,323,0.004929
0,69,408,0.006226
0,70,359,0.005478
0,71,302,0.004608
0,72,504,0.007690
0,73,529,0.008072
0,74,455,0.006943
0,75,539,0.008224
0,76,446,0.006805
0,77,335,0.005112
0,78,404,0.006165
0,79,616,0.009399
0,80,236,0.003601
0,81,364,0.005554
0,82,729,0.011124
0,83,586,0.008942
0,84,626,0.009552
0,85,488,0.007446
0,86,316,0.004822
0,87,394,0.006012
0,88,558,0.008514
0,89,418,0.006378
0,90,480,0.007324
0,91,550,0.008392
0,92,683,0.010422
0,93,406,0.006195
0,94,745,0.011368
0,95,481,0.007339
0,96,719,0.010971
0,97,771,0.011765
0,98,916,0.013977
0,99,725,0.011063
0,100,733,0.011185
0,101,980,0.014954
0,102,233,0.003555
0,103,368,0.005615
0,104,728,0.011108
0,105,166,0.002533
0,106,534,0.008148
0,107,524,0.007996
0,108,243,0.003708
0,109,322,0.004913
0,110,687,0.010483
0,111,597,0.009109
0,112,367,0.005600
0,113,316,0.004822
0,114,337,0.005142
0,115,576,0.008789
0,116,263,0.004013
0,117,538,0.008209
0,118,264,0.004028
0,119,705,0.010757
0,120,536,0.008179
0,121,824,0.012573
0,122,147,0.002243
0,123,189,0.002884
0,124,365,0.005569
0,125,912,0.013916
0,126,283,0.004318
0,127,897,0.013687
1,0,497,0.007584
1,1,539,0.008224
1,2,717,0.010941
1,3,326,0.004974
1,4,424,0.006470
1,5,291,0.004440
1,6,565,0.008621
1,7,1026,0.015656
1,8,444,0.006775
1,9,627,0.009567
1,10,618,0.009430
1,11,545,0.008316
1,12,493,0.007523
1,13,863,0.013168
1,14,547,0.008347
1,15,425,0.006485
1,16,765,0.011673
1,17,719,0.010971
1,18,610,0.009308
1,19,478,0.007294
1,20,944,0.014404
1,21,534,0.008148
1,22,413,0.006302
1,23,671,0.010239
1,24,496,0.007568
1,25,549,0.008377
1,26,484,0.007385
1,27,478,0.007294
1,28,223,0.003403
1,29,331,0.005051
1,30,376,0.005737
1,31,299,0.004562
1,32,551,0.008408
1,33,589,0.008987
1,34,339,0.005173
1,35,1247,0.019028
1,36,496,0.007568
1,37,635,0.009689
1,38,301,0.004593
1,39,377,0.005753
1,40,988,0.015076
1,41,693,0.010574
1,42,494,0.007538
1,43,291,0.004440
1,44,983,0.014999
1,45,372,0.005676
1,46,404,0.006165
1,47,505,0.007706
1,48,669,0.010208
1,49,475,0.007248
1,50,544,0.008301
1,51,1152,0.017578
1,52,570,0.008698
1,53,635,0.009689
1,54,277,0.004227
1,55,716,0.010925
1,56,211,0.003220
1,57,396,0.006042
1,58,1253,0.019119
1,59,351,0.005356
1,60,492,0.007507
1,61,336,0.005127
1,62,294,0.004486
1,63,829,0.012650
1,64,450,0.006866
1,65,517,0.007889
1,66,484,0.007385
1,67,246,0.003754
1,68,524,0.007996
1,69,823,0.012558
1,70,387,0.005905
1,71,648,0.009888
1,72,810,0.012360
1,73,296,0.004517
1,74,741,0.011307
1,75,208,0.003174
1,76,701,0.010696
1,77,475,0.007248
1,78,318,0.004852
1,79,481,0.007339
1,80,384,0.005859
1,81,217,0.003311
1,82,826,0.012604
1,83,835,0.012741
1,84,330,0.005035
1,85,468,0.007141
1,86,408,0.006226
1,87,493,0.007523
1,88,288,0.004395
1,89,743,0.011337
1,90,556,0.008484
1,91,328,0.005005
1,92,411,0.006271
1,93,391,0.005966
1,94,519,0.007919
1,95,692,0.010559
1,96,719,0.010971
1,97,273,0.004166
1,98,585,0.008926
1,99,351,0.005356
1,100,235,0.003586
1,101,301,0.004593
1,102,561,0.008560
1,103,249,0.003799
1,104,387,0.005905
1,105,695,0.010605
1,106,390,0.005951
1,107,386,0.005890
1,108,331,0.005051
1,109,190,0.002899
1,110,503,0.007675
1,111,562,0.008575
1,112,518,0.007904
1,113,321,0.004898
1,114,340,0.005188
1,115,744,0.011353
1,116,344,0.005249
1,117,470,0.007172
1,118,107,0.001633
1,119,308,0.004700
1,120,326,0.004974
1,121,259,0.003952
1,122,991,0.015121
1,123,481,0.007339
1,124,213,0.003250
1,125,544,0.008301
1,126,545,0.008316
1,127,527,0.008041
2,0,842,0.012848
2,1,491,0.007492
2,2,466,0.007111
2,3,386,0.005890
2,4,283,0.004318
2,5,447,0.006821
2,6,447,0.006821
2,7,316,0.004822
2,8,393,0.005997
2,9,466,0.007111
2,10,527,0.008041
2,11,361,0.005508
2,12,162,0.002472
2,13,514,0.007843
2,14,397,0.006058
2,15,295,0.004501
2,16,374,0.005707
2,17,249,0.003799
2,18,524,0.007996
2,19,426,0.006500
2,20,188,0.002869
2,21,520,0.007935
2,22,602,0.009186
2,23,446,0.006805
2,24,599,0.009140
2,25,230,0.003510
2,26,843,0.012863
2,27,521,0.007950
2,28,718,0.010956
2,29,215,0.003281
2,30,363,0.005539
2,31,408,0.006226
2,32,1041,0.015884
2,33,491,0.007492
2,34,259,0.003952
2,35,579,0.008835
2,36,507,0.007736
2,37,344,0.005249
2,38,677,0.010330
2,39,811,0.012375
2,40,416,0.006348
2,41,271,0.004135
2,42,651,0.009933
2,43,580,0.008850
2,44,389,0.005936
2,45,321,0.004898
2,46,411,0.006271
2,47,612,0.009338
2,48,514,0.007843
2,49,111,0.001694
2,50,602,0.009186
2,51,927,0.014145
2,52,549,0.008377
2,53,672,0.010254
2,54,491,0.007492
2,55,1073,0.016373
2,56,500,0.007629
2,57,833,0.012711
2,58,925,0.014114
2,59,447,0.006821
2,60,695,0.010605
2,61,230,0.003510
2,62,581,0.008865
2,63,217,0.003311
2,64,594,0.009064
2,65,441,0.006729
2,66,444,0.006775
2,67,341,0.005203
2,68,567,0.008652
2,69,657,0.010025
2,70,343,0.005234
2,71,403,0.006149
2,72,531,0.008102
2,73,382,0.005829
2,74,817,0.012466
2,75,1099,0.016769
2,76,507,0.007736
2,77,460,0.007019
2,78,501,0.007645
2,79,309,0.004715
2,80,240,0.003662
2,81,332,0.005066
2,82,541,0.008255
2,83,399,0.006088
2,84,361,0.005508
2,85,307,0.004684
2,86,538,0.008209
2,87,428,0.006531
2,88,648,0.009888
2,89,293,0.004471
2,90,1212,0.018494
2,91,471,0.007187
2,92,1092,0.016663
2,93,427,0.006516
2,94,579,0.008835
2,95,357,0.005447
2,96,985,0.015030
2,97,702,0.010712
2,98,377,0.005753
2,99,478,0.007294
2,100,659,0.010056
2,101,179,0.002731
2,102,350,0.005341
2,103,351,0.005356
2,104,125,0.001907
2,105,560,0.008545
2,106,1052,0.016052
2,107,192,0.002930
2,108,257,0.003922
2,109,510,0.007782
2,110,628,0.009583
2,111,545,0.008316
2,112,429,0.006546
2,113,368,0.005615
2,114,196,0.002991
2,115,1001,0.015274
2,116,874,0.013336
2,117,374,0.005707
2,118,526,0.008026
2,119,430,0.006561
2,120,453,0.006912
2,121,297,0.004532
2,122,1171,0.017868
2,123,461,0.007034
2,124,639,0.009750
2,125,444,0.006775
2,126,600,0.009155
2,127,956,0.014587
3,0,511,0.007797
3,1,849,0.012955
3,2,336,0.005127
3,3,659,0.010056
3,4,869,0.013260
3,5,668,0.010193
3,6,337,0.005142
3,7,346,0.005280
3,8,391,0.005966
3,9,370,0.005646
3,10,560,0.008545
3,11,446,0.006805
3,12,321,0.004898
3,13,262,0.003998
3,14,339,0.005173
3,15,434,0.006622
3,16,593,0.009048
3,17,555,0.008469
3,18,635,0.009689
3,19,782,0.011932
3,20,557,0.008499
3,21,221,0.003372
3,22,455,0.006943
3,23,218,0.003326
3,24,494,0.007538
3,25,185,0.002823
3,26,438,0.006683
3,27,502,0.007660
3,28,614,0.009369
3,29,455,0.006943
3,30,1218,0.018585
3,31,395,0.006027
3,32,635,0.009689
3,33,385,0.005875
3,34,323,0.004929
3,35,387,0.005905
3,36,234,0.003571
3,37,514,0.007843
3,38,182,0.002777
3,39,672,0.010254
3,40,481,0.007339
3,41,653,0.009964
3,42,254,0.003876
3,43,821,0.012527
3,44,775,0.011826
3,45,712,0.010864
3,46,449,0.006851
3,47,645,0.009842
3,48,467,0.007126
3,49,789,0.012039
3,50,179,0.002731
3,51,471,0.007187
3,52,810,0.012360
3,53,678,0.010345
3,54,669,0.010208
3,55,673,0.010269
3,56,480,0.007324
3,57,304,0.004639
3,58,594,0.009064
3,59,401,0.006119
3,60,388,0.005920
3,61,468,0.007141
3,62,455,0.006943
3,63,285,0.004349
3,64,650,0.009918
3,65,497,0.007584
3,66,723,0.011032
3,67,1024,0.015625
3,68,674,0.010284
3,69,498,0.007599
3,70,189,0.002884
3,71,433,0.006607
3,72,530,0.008087
3,73,544,0.008301
3,74,485,0.007401
3,75,376,0.005737
3,76,716,0.010925
3,77,535,0.008163
3,78,697,0.010635
3,79,376,0.005737
3,80,520,0.007935
3,81,752,0.011475
3,82,818,0.012482
3,83,270,0.004120
3,84,486,0.007416
3,85,411,0.006271
3,86,749,0.011429
3,87,558,0.008514
3,88,369,0.005630
3,89,457,0.006973
3,90,372,0.005676
3,91,475,0.007248
3,92,404,0.006165
3,93,566,0.008636
3,94,843,0.012863
3,95,1132,0.017273
3,96,699,0.010666
3,97,1000,0.015259
3,98,186,0.002838
3,99,637,0.009720
3,100,665,0.010147
3,101,600,0.009155
3,102,466,0.007111
3,103,134,0.002045
3,104,297,0.004532
3,105,405,0.006180
3,106,542,0.008270
3,107,281,0.004288
3,108,449,0.006851
3,109,380,0.005798
3,110,489,0.007462
3,111,445,0.006790
3,112,631,0.009628
3,113,377,0.005753
3,114,460,0.007019
3,115,294,0.004486
3,116,385,0.005875
3,117,336,0.005127
3,118,577,0.008804
3,119,968,0.014771
3,120,934,0.014252
3,121,349,0.005325
3,122,605,0.009232
3,123,499,0.007614
3,124,176,0.002686
3,125,150,0.002289
3,126,330,0.005035
3,127,413,0.006302
4,0,250,0.003815
4,1,291,0.004440
4,2,330,0.005035
4,3,281,0.004288
4,4,243,0.003708
4,5,401,0.006119
4,6,625,0.009537
4,7,564,0.008606
4,8,297,0.004532
4,9,446,0.006805
4,10,537,0.008194
4,11,175,0.002670
4,12,716,0.010925
4,13,369,0.005630
4,14,245,0.003738
4,15,1254,0.019135
4,16,303,0.004623
4,17,415,0.006332
4,18,350,0.005341
4,19,743,0.011337
4,20,402,0.006134
4,21,246,0.003754
4,22,138,0.002106
4,23,402,0.006134
4,24,1032,0.015747
4,25,291,0.004440
4,26,814,0.012421
4,27,328,0.005005
4,28,225,0.003433
4,29,156,0.002380
4,30,454,0.006927
4,31,529,0.008072
4,32,456,0.006958
4,33,156,0.002380
4,34,365,0.005569
4,35,582,0.008881
4,36,363,0.005539
4,37,582,0.008881
4,38,237,0.003616
4,39,1305,0.019913
4,40,299,0.004562
4,41,451,0.006882
4,42,486,0.007416
4,43,736,0.011230
4,44,410,0.006256
4,45,500,0.007629
4,46,450,0.006866
4,47,579,0.008835
4,48,604,0.009216
4,49,487,0.007431
4,50,669,0.010208
4,51,878,0.013397
4,52,375,0.005722
4,53,339,0.005173
4,54,344,0.005249
4,55,359,0.005478
4,56,359,0.005478
4,57,460,0.007019
4,58,681,0.010391
4,59,363,0.005539
4,60,579,0.008835
4,61,396,0.006042
4,62,1283,0.019577
4,63,560,0.008545
4,64,699,0.010666
4,65,283,0.004318
4,66,320,0.004883
4,67,528,0.008057
4,68,319,0.004868
4,69,489,0.007462
4,70,791,0.012070
4,71,342,0.005219
4,72,310,0.004730
4,73,488,0.007446
4,74,444,0.006775
4,75,576,0.008789
4,76,471,0.007187
4,77,299,0.004562
4,78,138,0.002106
4,79,590,0.009003
4,80,318,0.004852
4,81,516,0.007874
4,82,177,0.002701
4,83,329,0.005020
4,84,582,0.008881
4,85,733,0.011185
4,86,779,0.011887
4,87,858,0.013092
4,88,459,0.007004
4,89,763,0.011642
4,90,574,0.008759
4,91,438,0.006683
4,92,359,0.005478
4,93,327,0.004990
4,94,755,0.011520
4,95,481,0.007339
4,96,337,0.005142
4,97,440,0.006714
4,98,1054,0.016083
4,99,241,0.003677
4,100,287,0.004379
4,101,835,0.012741
4,102,251,0.003830
4,103,862,0.013153
4,104,389,0.005936
4,105,604,0.009216
4,106,841,0.012833
4,107,822,0.012543
4,108,685,0.010452
4,109,462,0.007050
4,110,440,0.006714
4,111,438,0.006683
4,112,896,0.013672
4,113,563,0.008591
4,114,784,0.011963
4,115,130,0.001984
4,116,427,0.006516
4,117,559,0.008530
4,118,400,0.006104
4,119,1106,0.016876
4,120,289,0.004410
4,121,615,0.009384
4,122,720,0.010986
4,123,312,0.004761
4,124,766,0.011688
4,125,591,0.009018
4,126,1427,0.021774
4,127,883,0.013474
5,0,419,0.006393
5,1,655,0.009995
5,2,579,0.008835
5,3,346,0.005280
5,4,604,0.009216
5,5,573,0.008743
5,6,828,0.012634
5,7,211,0.003220
5,8,230,0.003510
5,9,307,0.004684
5,10,611,0.009323
5,11,713,0.010880
5,12,430,0.006561
5,13,496,0.007568
5,14,471,0.007187
5,15,207,0.003159
5,16,304,0.004639
5,17,681,0.010391
5,18,672,0.010254
5,19,788,0.012024
5,20,623,0.009506
5,21,124,0.001892
5,22,534,0.008148
5,23,581,0.008865
5,24,240,0.003662
5,25,986,0.015045
5,26,415,0.006332
5,27,670,0.010223
5,28,632,0.009644
5,29,629,0.009598
5,30,817,0.012466
5,31,443,0.006760
5,32,695,0.010605
5,33,557,0.008499
5,34,248,0.003784
5,35,348,0.005310
5,36,238,0.003632
5,37,207,0.003159
5,38,571,0.008713
5,39,226,0.003448
5,40,707,0.010788
5,41,393,0.005997
5,42,414,0.006317
5,43,240,0.003662
5,44,556,0.008484
5,45,272,0.004150
5,46,601,0.009171
5,47,640,0.009766
5,48,186,0.002838
5,49,541,0.008255
5,50,146,0.002228
5,51,701,0.010696
5,52,152,0.002319
5,53,253,0.003860
5,54,797,0.012161
5,55,526,0.008026
5,56,661,0.010086
5,57,117,0.001785
5,58,672,0.010254
5,59,319,0.004868
5,60,901,0.013748
5,61,487,0.007431
5,62,439,0.006699
5,63,180,0.002747
5,64,293,0.004471
5,65,458,0.006989
5,66,769,0.011734
5,67,813,0.012405
5,68,432,0.006592
5,69,252,0.003845
5,70,250,0.003815
5,71,897,0.013687
5,72,536,0.008179
5,73,263,0.004013
5,74,834,0.012726
5,75,629,0.009598
5,76,651,0.009933
5,77,653,0.009964
5,78,525,0.008011
5,79,374,0.005707
5,80,180,0.002747
5,81,231,0.003525
5,82,311,0.004745
5,83,613,0.009354
5,84,342,0.005219
5,85,651,0.009933
5,86,677,0.010330
5,87,830,0.012665
5,88,903,0.013779
5,89,868,0.013245
5,90,507,0.007736
5,91,456,0.006958
5,92,375,0.005722
5,93,499,0.007614
5,94,516,0.007874
5,95,375,0.005722
5,96,185,0.002823
5,97,833,0.012711
5,98,579,0.008835
5,99,261,0.003983
5,100,353,0.005386
5,101,654,0.009979
5,102,347,0.005295
5,103,524,0.007996
5,104,718,0.010956
5,105,670,0.010223
5,106,446,0.006805
5,107,300,0.004578
5,108,406,0.006195
5,109,629,0.009598
5,110,455,0.006943
5,111,892,0.013611
5,112,975,0.014877
5,113,827,0.012619
5,114,679,0.010361
5,115,265,0.004044
5,116,916,0.013977
5,117,647,0.009872
5,118,339,0.005173
5,119,325,0.004959
5,120,353,0.005386
5,121,538,0.008209
5,122,269,0.004105
5,123,708,0.010803
5,124,426,0.006500
5,125,651,0.009933
5,126,190,0.002899
5,127,1403,0.021408
6,0,789,0.012039
6,1,459,0.007004
6,2,290,0.004425
6,3,913,0.013931
6,4,413,0.006302
6,5,423,0.006454
6,6,306,0.004669
6,7,259,0.003952
6,8,472,0.007202
6,9,524,0.007996
6,10,394,0.006012
6,11,272,0.004150
6,12,920,0.014038
6,13,993,0.015152
6,14,328,0.005005
6,15,863,0.013168
6,16,531,0.008102
6,17,473,0.007217
6,18,1073,0.016373
6,19,1069,0.016312
6,20,378,0.005768
6,21,648,0.009888
6,22,362,0.005524
6,23,189,0.002884
6,24,724,0.011047
6,25,557,0.008499
6,26,672,0.010254
6,27,1137,0.017349
6,28,414,0.006317
6,29,617,0.009415
6,30,530,0.008087
6,31,163,0.002487
6,32,453,0.006912
6,33,196,0.002991
6,34,508,0.007751
6,35,295,0.004501
6,36,264,0.004028
6,37,851,0.012985
6,38,340,0.005188
6,39,451,0.006882
6,40,521,0.007950
6,41,135,0.002060
6,42,291,0.004440
6,43,315,0.004807
6,44,563,0.008591
6,45,561,0.008560
6,46,371,0.005661
6,47,954,0.014557
6,48,361,0.005508
6,49,322,0.004913
6,50,527,0.008041
6,51,361,0.005508
6,52,767,0.011703
6,53,524,0.007996
6,54,309,0.004715
6,55,1145,0.017471
6,56,407,0.006210
6,57,475,0.007248
6,58,561,0.008560
6,59,563,0.008591
6,60,563,0.008591
6,61,232,0.003540
6,62,538,0.008209
6,63,135,0.002060
6,64,439,0.006699
6,65,462,0.007050
6,66,583,0.008896
6,67,330,0.005035
6,68,522,0.007965
6,69,401,0.006119
6,70,514,0.007843
6,71,285,0.004349
6,72,738,0.011261
6,73,734,0.011200
6,74,225,0.003433
6,75,429,0.006546
6,76,379,0.005783
6,77,147,0.002243
6,78,237,0.003616
6,79,418,0.006378
6,80,253,0.003860
6,81,483,0.007370
6,82,662,0.010101
6,83,343,0.005234
6,84,614,0.009369
6,85,811,0.012375
6,86,371,0.005661
6,87,801,0.012222
6,88,815,0.012436
6,89,855,0.013046
6,90,490,0.007477
6,91,547,0.008347
6,92,316,0.004822
6,93,776,0.011841
6,94,624,0.009521
6,95,567,0.008652
6,96,510,0.007782
6,97,330,0.005035
6,98,116,0.001770
6,99,381,0.005814
6,100,189,0.002884
6,101,425,0.006485
6,102,334,0.005096
6,103,1173,0.017899
6,104,363,0.005539
6,105,318,0.004852
6,106,1022,0.015594
6,107,174,0.002655
6,108,834,0.012726
6,109,842,0.012848
6,110,478,0.007294
6,111,272,0.004150
6,112,352,0.005371
6,113,559,0.008530
6,114,711,0.010849
6,115,654,0.009979
6,116,596,0.009094
6,117,414,0.006317
6,118,796,0.012146
6,119,328,0.005005
6,120,362,0.005524
6,121,550,0.008392
6,122,712,0.010864
6,123,654,0.009979
6,124,594,0.009064
6,125,426,0.006500
6,126,743,0.011337
6,127,139,0.002121
7,0,348,0.005310
7,1,240,0.003662
7,2,248,0.003784
7,3,566,0.008636
7,4,674,0.010284
7,5,249,0.003799
7,6,465,0.007095
7,7,1009,0.015396
7,8,531,0.008102
7,9,872,0.013306
7,10,700,0.010681
7,11,766,0.011688
7,12,409,0.006241
7,13,559,0.008530
7,14,1143,0.017441
7,15,342,0.005219
7,16,299,0.004562
7,17,776,0.011841
7,18,342,0.005219
7,19,476,0.007263
7,20,585,0.008926
7,21,369,0.005630
7,22,417,0.006363
7,23,255,0.003891
7,24,462,0.007050
7,25,250,0.003815
7,26,551,0.008408
7,27,518,0.007904
7,28,747,0.011398
7,29,425,0.006485
7,30,688,0.010498
7,31,771,0.011765
7,32,848,0.012939
7,33,641,0.009781
7,34,560,0.008545
7,35,515,0.007858
7,36,379,0.005783
7,37,445,0.006790
7,38,427,0.006516
7,39,1086,0.016571
7,40,245,0.003738
7,41,406,0.006195
7,42,526,0.008026
7,43,296,0.004517
7,44,614,0.009369
7,45,388,0.005920
7,46,511,0.007797
7,47,485,0.007401
7,48,125,0.001907
7,49,651,0.009933
7,50,242,0.003693
7,51,547,0.008347
7,52,827,0.012619
7,53,709,0.010818
7,54,488,0.007446
7,55,479,0.007309
7,56,549,0.008377
7,57,410,0.006256
7,58,302,0.004608
7,59,444,0.006775
7,60,456,0.006958
7,61,1085,0.016556
7,62,617,0.009415
7,63,1122,0.017120
7,64,459,0.007004
7,65,571,0.008713
7,66,478,0.007294
7,67,331,0.005051
7,68,292,0.004456
7,69,398,0.006073
7,70,740,0.011292
7,71,306,0.004669
7,72,225,0.003433
7,73,475,0.007248
7,74,385,0.005875
7,75,368,0.005615
7,76,880,0.013428
7,77,487,0.007431
7,78,574,0.008759
7,79,444,0.006775
7,80,657,0.010025
7,81,472,0.007202
7,82,409,0.006241
7,83,617,0.009415
7,84,418,0.006378
7,85,783,0.011948
7,86,323,0.004929
7,87,827,0.012619
7,88,294,0.004486
7,89,414,0.006317
7,90,484,0.007385
7,91,259,0.003952
7,92,370,0.005646
7,93,656,0.010010
7,94,431,0.006577
7,95,341,0.005203
7,96,633,0.009659
7,97,467,0.007126
7,98,608,0.009277
7,99,840,0.012817
7,100,460,0.007019
7,101,513,0.007828
7,102,1342,0.020477
7,103,152,0.002319
7,104,502,0.007660
7,105,329,0.005020
7,106,553,0.008438
7,107,310,0.004730
7,108,419,0.006393
7,109,205,0.003128
7,110,602,0.009186
7,111,474,0.007233
7,112,409,0.006241
7,113,293,0.004471
7,114,701,0.010696
7,115,193,0.002945
7,116,762,0.011627
7,117,519,0.007919
7,118,372,0.005676
7,119,469,0.007156
7,120,224,0.003418
7,121,852,0.013000
7,122,260,0.003967
7,123,333,0.005081
7,124,692,0.010559
7,125,410,0.006256
7,126,482,0.007355
7,127,511,0.007797
8,0,336,0.005127
8,1,363,0.005539
8,2,962,0.014679
8,3,659,0.010056
8,4,585,0.008926
8,5,472,0.007202
8,6,282,0.004303
8,7,238,0.003632
8,8,612,0.009338
8,9,344,0.005249
8,10,406,0.006195
8,11,250,0.003815
8,12,207,0.003159
8,13,501,0.007645
8,14,259,0.003952
8,15,982,0.014984
8,16,930,0.014191
8,17,377,0.005753
8,18,747,0.011398
8,19,315,0.004807
8,20,800,0.012207
8,21,1052,0.016052
8,22,608,0.009277
8,23,1075,0.016403
8,24,125,0.001907
8,25,449,0.006851
8,26,442,0.006744
8,27,630,0.009613
8,28,472,0.007202
8,29,576,0.008789
8,30,491,0.007492
8,31,339,0.005173
8,32,241,0.003677
8,33,685,0.010452
8,34,273,0.004166
8,35,619,0.009445
8,36,543,0.008286
8,37,353,0.005386
8,38,224,0.003418
8,39,512,0.007812
8,40,747,0.011398
8,41,80,0.001221
8,42,197,0.003006
8,43,1241,0.018936
8,44,480,0.007324
8,45,583,0.008896
8,46,834,0.012726
8,47,889,0.013565
8,48,540,0.008240
8,49,634,0.009674
8,50,352,0.005371
8,51,474,0.007233
8,52,226,0.003448
8,53,646,0.009857
8,54,549,0.008377
8,55,604,0.009216
8,56,606,0.009247
8,57,175,0.002670
8,58,451,0.006882
8,59,283,0.004318
8,60,384,0.005859
8,61,628,0.009583
8,62,866,0.013214
8,63,437,0.006668
8,64,339,0.005173
8,65,386,0.005890
8,66,428,0.006531
8,67,407,0.006210
8,68,519,0.007919
8,69,655,0.009995
8,70,229,0.003494
8,71,198,0.003021
8,72,335,0.005112
8,73,381,0.005814
8,74,854,0.013031
8,75,383,0.005844
8,76,659,0.010056
8,77,248,0.003784
8,78,209,0.003189
8,79,1315,0.020065
8,80,706,0.010773
8,81,252,0.003845
8,82,441,0.006729
8,83,1010,0.015411
8,84,573,0.008743
8,85,371,0.005661
8,86,701,0.010696
8,87,566,0.008636
8,88,165,0.002518
8,89,1116,0.017029
8,90,756,0.011536
8,91,410,0.006256
8,92,387,0.005905
8,93,314,0.004791
8,94,175,0.002670
8,95,471,0.007187
8,96,326,0.004974
8,97,255,0.003891
8,98,323,0.004929
8,99,1054,0.016083
8,100,322,0.004913
8,101,728,0.011108
8,102,810,0.012360
8,103,484,0.007385
8,104,686,0.010468
8,105,298,0.004547
8,106,393,0.005997
8,107,514,0.007843
8,108,294,0.004486
8,109,305,0.004654
8,110,1032,0.015747
8,111,771,0.011765
8,112,483,0.007370
8,113,291,0.004440
8,114,500,0.007629
8,115,313,0.004776
8,116,434,0.006622
8,117,465,0.007095
8,118,493,0.007523
8,119,332,0.005066
8,120,651,0.009933
8,121,831,0.012680
8,122,421,0.006424
8,123,486,0.007416
8,124,359,0.005478
8,125,505,0.007706
8,126,810,0.012360
8,127,366,0.005585
9,0,346,0.005280
9,1,420,0.006409
9,2,395,0.006027
9,3,499,0.007614
9,4,460,0.007019
9,5,183,0.002792
9,6,758,0.011566
9,7,400,0.006104
9,8,458,0.006989
9,9,398,0.006073
9,10,753,0.011490
9,11,669,0.010208
9,12,510,0.007782
9,13,517,0.007889
9,14,494,0.007538
9,15,314,0.004791
9,16,396,0.006042
9,17,829,0.012650
9,18,621,0.009476
9,19,1102,0.016815
9,20,576,0.008789
9,21,187,0.002853
9,22,551,0.008408
9,23,405,0.006180
9,24,235,0.003586
9,25,189,0.002884
9,26,748,0.011414
9,27,689,0.010513
9,28,289,0.004410
9,29,387,0.005905
9,30,429,0.006546
9,31,620,0.009460
9,32,520,0.007935
9,33,857,0.013077
9,34,383,0.005844
9,35,880,0.013428
9,36,684,0.010437
9,37,490,0.007477
9,38,461,0.007034
9,39,561,0.008560
9,40,711,0.010849
9,41,420,0.006409
9,42,371,0.005661
9,43,397,0.006058
9,44,396,0.006042
9,45,678,0.010345
9,46,619,0.009445
9,47,182,0.002777
9,48,316,0.004822
9,49,243,0.003708
9,50,414,0.006317
9,51,395,0.006027
9,52,323,0.004929
9,53,635,0.009689
9,54,409,0.006241
9,55,537,0.008194
9,56,391,0.005966
9,57,611,0.009323
9,58,559,0.008530
9,59,428,0.006531
9,60,633,0.009659
9,61,471,0.007187
9,62,784,0.011963
9,63,303,0.004623
9,64,490,0.007477
9,65,449,0.006851
9,66,420,0.006409
9,67,1013,0.015457
9,68,564,0.008606
9,69,707,0.010788
9,70,738,0.011261
9,71,564,0.008606
9,72,546,0.008331
9,73,314,0.004791
9,74,362,0.005524
9,75,472,0.007202
9,76,196,0.002991
9,77,606,0.009247
9,78,930,0.014191
9,79,257,0.003922
9,80,579,0.008835
9,81,710,0.010834
9,82,344,0.005249
9,83,351,0.005356
9,84,237,0.003616
9,85,600,0.009155
9,86,422,0.006439
9,87,547,0.008347
9,88,321,0.004898
9,89,478,0.007294
9,90,707,0.010788
9,91,487,0.007431
9,92,630,0.009613
9,93,723,0.011032
9,94,530,0.008087
9,95,585,0.008926
9,96,678,0.010345
9,97,711,0.010849
9,98,726,0.011078
9,99,477,0.007278
9,100,412,0.006287
9,101,1039,0.015854
9,102,475,0.007248
9,103,601,0.009171
9,104,939,0.014328
9,105,116,0.001770
9,106,406,0.006195
9,107,146,0.002228
9,108,766,0.011688
9,109,1173,0.017899
9,110,422,0.006439
9,111,607,0.009262
9,112,683,0.010422
9,113,195,0.002975
9,114,413,0.006302
9,115,525,0.008011
9,116,223,0.003403
9,117,364,0.005554
9,118,792,0.012085
9,119,572,0.008728
9,120,279,0.004257
9,121,331,0.005051
9,122,573,0.008743
9,123,226,0.003448
9,124,344,0.005249
9,125,465,0.007095
9,126,711,0.010849
9,127,378,0.005768
10,0,420,0.006409
10,1,527,0.008041
10,2,404,0.006165
10,3,441,0.006729
10,4,933,0.014236
10,5,871,0.013290
10,6,565,0.008621
10,7,600,0.009155
10,8,513,0.007828
10,9,876,0.013367
10,10,455,0.006943
10,11,758,0.011566
10,12,656,0.010010
10,13,964,0.014709
10,14,720,0.010986
10,15,431,0.006577
10,16,638,0.009735
10,17,549,0.008377
10,18,332,0.005066
10,19,441,0.006729
10,20,278,0.004242
10,21,214,0.003265
10,22,643,0.009811
10,23,273,0.004166
10,24,550,0.008392
10,25,355,0.005417
10,26,744,0.011353
10,27,595,0.009079
10,28,613,0.009354
10,29,688,0.010498
10,30,488,0.007446
10,31,292,0.004456
10,32,517,0.007889
10,33,544,0.008301
10,34,466,0.007111
10,35,562,0.008575
10,36,285,0.004349
10,37,507,0.007736
10,38,1090,0.016632
10,39,290,0.004425
10,40,328,0.005005
10,41,1264,0.019287
10,42,642,0.009796
10,43,927,0.014145
10,44,797,0.012161
10,45,227,0.003464
10,46,922,0.014069
10,47,527,0.008041
10,48,368,0.005615
10,49,626,0.009552
10,50,602,0.009186
10,51,591,0.009018
10,52,288,0.004395
10,53,1126,0.017181
10,54,461,0.007034
10,55,723,0.011032
10,56,220,0.003357
10,57,255,0.003891
10,58,616,0.009399
10,59,685,0.010452
10,60,346,0.005280
10,61,666,0.010162
10,62,365,0.005569
10,63,380,0.005798
10,64,384,0.005859
10,65,297,0.004532
10,66,220,0.003357
10,67,508,0.007751
10,68,753,0.011490
10,69,629,0.009598
10,70,1151,0.017563
10,71,429,0.006546
10,72,571,0.008713
10,73,331,0.005051
10,74,534,0.008148
10,75,716,0.010925
10,76,573,0.008743
10,77,334,0.005096
10,78,278,0.004242
10,79,344,0.005249
10,80,283,0.004318
10,81,290,0.004425
10,82,511,0.007797
10,83,278,0.004242
10,84,356,0.005432
10,85,607,0.009262
10,86,198,0.003021
10,87,604,0.009216
10,88,296,0.004517
10,89,254,0.003876
10,90,435,0.006638
10,91,377,0.005753
10,92,447,0.006821
10,93,862,0.013153
10,94,489,0.007462
10,95,230,0.003510
10,96,416,0.006348
10,97,598,0.009125
10,98,508,0.007751
10,99,314,0.004791
10,100,419,0.006393
10,101,363,0.005539
10,102,281,0.004288
10,103,484,0.007385
10,104,364,0.005554
10,105,436,0.006653
10,106,499,0.007614
10,107,376,0.005737
10,108,844,0.012878
10,109,505,0.007706
10,110,439,0.006699
10,111,519,0.007919
10,112,871,0.013290
10,113,288,0.004395
10,114,611,0.009323
10,115,296,0.004517
10,116,616,0.009399
10,117,273,0.004166
10,118,437,0.006668
10,119,323,0.004929
10,120,430,0.006561
10,121,697,0.010635
10,122,686,0.010468
10,123,482,0.007355
10,124,333,0.005081
10,125,713,0.010880
10,126,279,0.004257
10,127,227,0.003464
11,0,465,0.007095
11,1,441,0.006729
11,2,508,0.007751
11,3,476,0.007263
11,4,1283,0.019577
11,5,312,0.004761
11,6,400,0.006104
11,7,312,0.004761
11,8,713,0.010880
11,9,335,0.005112
11,10,281,0.004288
11,11,468,0.007141
11,12,347,0.005295
11,13,544,0.008301
11,14,146,0.002228
11,15,656,0.010010
11,16,553,0.008438
11,17,393,0.005997
11,18,360,0.005493
11,19,611,0.009323
11,20,427,0.006516
11,21,600,0.009155
11,22,904,0.013794
11,23,515,0.007858
11,24,740,0.011292
11,25,627,0.009567
11,26,324,0.004944
11,27,834,0.012726
11,28,675,0.010300
11,29,293,0.004471
11,30,549,0.008377
11,31,961,0.014664
11,32,723,0.011032
11,33,651,0.009933
11,34,371,0.005661
11,35,479,0.007309
11,36,557,0.008499
11,37,334,0.005096
11,38,211,0.003220
11,39,950,0.014496
11,40,359,0.005478
11,41,957,0.014603
11,42,440,0.006714
11,43,298,0.004547
11,44,276,0.004211
11,45,744,0.011353
11,46,417,0.006363
11,47,254,0.003876
11,48,543,0.008286
11,49,451,0.006882
11,50,310,0.004730
11,51,307,0.004684
11,52,342,0.005219
11,53,484,0.007385
11,54,357,0.005447
11,55,271,0.004135
11,56,695,0.010605
11,57,836,0.012756
11,58,459,0.007004
11,59,504,0.007690
11,60,743,0.011337
11,61,363,0.005539
11,62,548,0.008362
11,63,784,0.011963
11,64,450,0.006866
11,65,164,0.002502
11,66,266,0.004059
11,67,327,0.004990
11,68,426,0.006500
11,69,194,0.002960
11,70,225,0.003433
11,71,586,0.008942
11,72,1032,0.015747
11,73,656,0.010010
11,74,438,0.006683
11,75,720,0.010986
11,76,798,0.012177
11,77,754,0.011505
11,78,264,0.004028
11,79,972,0.014832
11,80,237,0.003616
11,81,409,0.006241
11,82,133,0.002029
11,83,505,0.007706
11,84,429,0.006546
11,85,613,0.009354
11,86,394,0.006012
11,87,274,0.004181
11,88,473,0.007217
11,89,222,0.003387
11,90,1038,0.015839
11,91,191,0.002914
11,92,619,0.009445
11,93,271,0.004135
11,94,356,0.005432
11,95,364,0.005554
11,96,644,0.009827
11,97,482,0.007355
11,98,500,0.007629
11,99,252,0.003845
11,100,643,0.009811
11,101,421,0.006424
11,102,393,0.005997
11,103,870,0.013275
11,104,665,0.010147
11,105,515,0.007858
11,106,648,0.009888
11,107,252,0.003845
11,108,438,0.006683
11,109,481,0.007339
11,110,406,0.006195
11,111,348,0.005310
11,112,466,0.007111
11,113,259,0.003952
11,114,489,0.007462
11,115,745,0.011368
11,116,567,0.008652
11,117,579,0.008835
11,118,356,0.005432
11,119,1046,0.015961
11,120,463,0.007065
11,121,292,0.004456
11,122,1116,0.017029
11,123,1072,0.016357
11,124,498,0.007599
11,125,650,0.009918
11,126,595,0.009079
11,127,514,0.007843
12,0,677,0.010330
12,1,370,0.005646
12,2,342,0.005219
12,3,307,0.004684
12,4,565,0.008621
12,5,447,0.006821
12,6,410,0.006256
12,7,702,0.010712
12,8,372,0.005676
12,9,391,0.005966
12,10,564,0.008606
12,11,1024,0.015625
12,12,926,0.014130
12,13,661,0.010086
12,14,473,0.007217
12,15,625,0.009537
12,16,611,0.009323
12,17,719,0.010971
12,18,454,0.006927
12,19,218,0.003326
12,20,614,0.009369
12,21,406,0.006195
12,22,505,0.007706
12,23,349,0.005325
12,24,501,0.007645
12,25,234,0.003571
12,26,407,0.006210
12,27,689,0.010513
12,28,417,0.006363
12,29,404,0.006165
12,30,794,0.012115
12,31,1227,0.018723
12,32,451,0.006882
12,33,414,0.006317
12,34,311,0.004745
12,35,519,0.007919
12,36,679,0.010361
12,37,529,0.008072
12,38,371,0.005661
12,39,630,0.009613
12,40,485,0.007401
12,41,409,0.006241
12,42,269,0.004105
12,43,562,0.008575
12,44,505,0.007706
12,45,797,0.012161
12,46,363,0.005539
12,47,479,0.007309
12,48,541,0.008255
12,49,370,0.005646
12,50,380,0.005798
12,51,434,0.006622
12,52,549,0.008377
12,53,908,0.013855
12,54,573,0.008743
12,55,231,0.003525
12,56,302,0.004608
12,57,487,0.007431
12,58,656,0.010010
12,59,498,0.007599
12,60,622,0.009491
12,61,330,0.005035
12,62,1247,0.019028
12,63,406,0.006195
12,64,209,0.003189
12,65,495,0.007553
12,66,958,0.014618
12,67,299,0.004562
12,68,637,0.009720
12,69,565,0.008621
12,70,952,0.014526
12,71,536,0.008179
12,72,658,0.010040
12,73,504,0.007690
12,74,556,0.008484
12,75,298,0.004547
12,76,242,0.003693
12,77,490,0.007477
12,78,469,0.007156
12,79,519,0.007919
12,80,780,0.011902
12,81,243,0.003708
12,82,453,0.006912
12,83,721,0.011002
12,84,245,0.003738
12,85,284,0.004333
12,86,200,0.003052
12,87,612,0.009338
12,88,604,0.009216
12,89,212,0.003235
12,90,792,0.012085
12,91,367,0.005600
12,92,386,0.005890
12,93,583,0.008896
12,94,633,0.009659
12,95,293,0.004471
12,96,500,0.007629
12,97,449,0.006851
12,98,808,0.012329
12,99,350,0.005341
12,100,799,0.012192
12,101,191,0.002914
12,102,649,0.009903
12,103,889,0.013565
12,104,587,0.008957
12,105,822,0.012543
12,106,761,0.011612
12,107,222,0.003387
12,108,345,0.005264
12,109,784,0.011963
12,110,497,0.007584
12,111,452,0.006897
12,112,830,0.012665
12,113,625,0.009537
12,114,170,0.002594
12,115,271,0.004135
12,116,478,0.007294
12,117,414,0.006317
12,118,335,0.005112
12,119,397,0.006058
12,120,352,0.005371
12,121,444,0.006775
12,122,472,0.007202
12,123,411,0.006271
12,124,379,0.005783
12,125,481,0.007339
12,126,392,0.005981
12,127,473,0.007217
13,0,501,0.007645
13,1,301,0.004593
13,2,520,0.007935
13,3,288,0.004395
13,4,603,0.009201
13,5,974,0.014862
13,6,489,0.007462
13,7,528,0.008057
13,8,1101,0.016800
13,9,481,0.007339
13,10,295,0.004501
13,11,568,0.008667
13,12,314,0.004791
13,13,676,0.010315
13,14,277,0.004227
13,15,547,0.008347
13,16,578,0.008820
13,17,814,0.012421
13,18,597,0.009109
13,19,322,0.004913
13,20,591,0.009018
13,21,560,0.008545
13,22,984,0.015015
13,23,398,0.006073
13,24,485,0.007401
13,25,605,0.009232
13,26,457,0.006973
13,27,280,0.004272
13,28,381,0.005814
13,29,539,0.008224
13,30,471,0.007187
13,31,338,0.005157
13,32,457,0.006973
13,33,533,0.008133
13,34,158,0.002411
13,35,228,0.003479
13,36,167,0.002548
13,37,229,0.003494
13,38,564,0.008606
13,39,536,0.008179
13,40,204,0.003113
13,41,679,0.010361
13,42,731,0.011154
13,43,531,0.008102
13,44,593,0.009048
13,45,610,0.009308
13,46,408,0.006226
13,47,985,0.015030
13,48,312,0.004761
13,49,408,0.006226
13,50,134,0.002045
13,51,729,0.011124
13,52,365,0.005569
13,53,944,0.014404
13,54,223,0.003403
13,55,960,0.014648
13,56,149,0.002274
13,57,435,0.006638
13,58,501,0.007645
13,59,383,0.005844
13,60,936,0.014282
13,61,325,0.004959
13,62,385,0.005875
13,63,500,0.007629
13,64,492,0.007507
13,65,473,0.007217
13,66,599,0.009140
13,67,444,0.006775
13,68,840,0.012817
13,69,347,0.005295
13,70,462,0.007050
13,71,612,0.009338
13,72,634,0.009674
13,73,874,0.013336
13,74,410,0.006256
13,75,773,0.011795
13,76,451,0.006882
13,77,204,0.003113
13,78,759,0.011581
13,79,289,0.004410
13,80,412,0.006287
13,81,603,0.009201
13,82,365,0.005569
13,83,300,0.004578
13,84,619,0.009445
13,85,755,0.011520
13,86,367,0.005600
13,87,426,0.006500
13,88,578,0.008820
13,89,522,0.007965
13,90,421,0.006424
13,91,1042,0.015900
13,92,395,0.006027
13,93,345,0.005264
13,94,398,0.006073
13,95,509,0.007767
13,96,331,0.005051
13,97,318,0.004852
13,98,223,0.003403
13,99,1066,0.016266
13,100,636,0.009705
13,101,267,0.004074
13,102,648,0.009888
13,103,600,0.009155
13,104,790,0.012054
13,105,320,0.004883
13,106,772,0.011780
13,107,687,0.010483
13,108,277,0.004227
13,109,528,0.008057
13,110,572,0.008728
13,111,581,0.008865
13,112,176,0.002686
13,113,528,0.008057
13,114,425,0.006485
13,115,681,0.010391
13,116,551,0.008408
13,117,367,0.005600
13,118,296,0.004517
13,119,487,0.007431
13,120,531,0.008102
13,121,476,0.007263
13,122,246,0.003754
13,123,918,0.014008
13,124,715,0.010910
13,125,492,0.007507
13,126,551,0.008408
13,127,595,0.009079
14,0,499,0.007614
14,1,457,0.006973
14,2,791,0.012070
14,3,421,0.006424
14,4,405,0.006180
14,5,519,0.007919
14,6,454,0.006927
14,7,479,0.007309
14,8,1527,0.023300
14,9,404,0.006165
14,10,632,0.009644
14,11,699,0.010666
14,12,245,0.003738
14,13,446,0.006805
14,14,235,0.003586
14,15,377,0.005753
14,16,251,0.003830
14,17,527,0.008041
14,18,349,0.005325
14,19,781,0.011917
14,20,443,0.006760
14,21,401,0.006119
14,22,385,0.005875
14,23,364,0.005554
14,24,704,0.010742
14,25,231,0.003525
14,26,799,0.012192
14,27,447,0.006821
14,28,275,0.004196
14,29,536,0.008179
14,30,396,0.006042
14,31,374,0.005707
14,32,783,0.011948
14,33,640,0.009766
14,34,121,0.001846
14,35,408,0.006226
14,36,425,0.006485
14,37,369,0.005630
14,38,863,0.013168
14,39,331,0.005051
14,40,327,0.004990
14,41,527,0.008041
14,42,785,0.011978
14,43,254,0.003876
14,44,442,0.006744
14,45,447,0.006821
14,46,709,0.010818
14,47,1081,0.016495
14,48,675,0.010300
14,49,353,0.005386
14,50,308,0.004700
14,51,100,0.001526
14,52,495,0.007553
14,53,722,0.011017
14,54,624,0.009521
14,55,390,0.005951
14,56,940,0.014343
14,57,310,0.004730
14,58,786,0.011993
14,59,631,0.009628
14,60,355,0.005417
14,61,787,0.012009
14,62,287,0.004379
14,63,364,0.005554
14,64,561,0.008560
14,65,988,0.015076
14,66,714,0.010895
14,67,339,0.005173
14,68,846,0.012909
14,69,1238,0.018890
14,70,574,0.008759
14,71,487,0.007431
14,72,313,0.004776
14,73,292,0.004456
14,74,233,0.003555
14,75,301,0.004593
14,76,230,0.003510
14,77,445,0.006790
14,78,349,0.005325
14,79,445,0.006790
14,80,605,0.009232
14,81,292,0.004456
14,82,343,0.005234
14,83,487,0.007431
14,84,1234,0.018829
14,85,683,0.010422
14,86,163,0.002487
14,87,623,0.009506
14,88,583,0.008896
14,89,413,0.006302
14,90,79,0.001205
14,91,338,0.005157
14,92,561,0.008560
14,93,992,0.015137
14,94,704,0.010742
14,95,414,0.006317
14,96,411,0.006271
14,97,643,0.009811
14,98,612,0.009338
14,99,875,0.013351
14,100,114,0.001740
14,101,459,0.007004
14,102,452,0.006897
14,103,347,0.005295
14,104,414,0.006317
14,105,390,0.005951
14,106,380,0.005798
14,107,201,0.003067
14,108,370,0.005646
14,109,615,0.009384
14,110,703,0.010727
14,111,462,0.007050
14,112,995,0.015182
14,113,875,0.013351
14,114,169,0.002579
14,115,516,0.007874
14,116,508,0.007751
14,117,632,0.009644
14,118,744,0.011353
14,119,429,0.006546
14,120,767,0.011703
14,121,214,0.003265
14,122,628,0.009583
14,123,269,0.004105
14,124,259,0.003952
14,125,750,0.011444
14,126,306,0.004669
14,127,666,0.010162
15,0,398,0.006073
15,1,488,0.007446
15,2,373,0.005692
15,3,171,0.002609
15,4,739,0.011276
15,5,824,0.012573
15,6,472,0.007202
15,7,413,0.006302
15,8,320,0.004883
15,9,288,0.004395
15,10,262,0.003998
15,11,243,0.003708
15,12,394,0.006012
15,13,713,0.010880
15,14,385,0.005875
15,15,559,0.008530
15,16,550,0.008392
15,17,346,0.005280
15,18,577,0.008804
15,19,465,0.007095
15,20,797,0.012161
15,21,843,0.012863
15,22,408,0.006226
15,23,428,0.006531
15,24,871,0.013290
15,25,294,0.004486
15,26,983,0.014999
15,27,769,0.011734
15,28,382,0.005829
15,29,435,0.006638
15,30,652,0.009949
15,31,300,0.004578
15,32,293,0.004471
15,33,657,0.010025
15,34,572,0.008728
15,35,567,0.008652
15,36,1215,0.018539
15,37,531,0.008102
15,38,393,0.005997
15,39,728,0.011108
15,40,604,0.009216
15,41,369,0.005630
15,42,287,0.004379
15,43,544,0.008301
15,44,345,0.005264
15,45,311,0.004745
15,46,349,0.005325
15,47,812,0.012390
15,48,398,0.006073
15,49,511,0.007797
15,50,226,0.003448
15,51,249,0.003799
15,52,205,0.003128
15,53,460,0.007019
15,54,357,0.005447
15,55,146,0.002228
15,56,1219,0.018600
15,57,478,0.007294
15,58,295,0.004501
15,59,725,0.011063
15,60,591,0.009018
15,61,558,0.008514
15,62,878,0.013397
15,63,434,0.006622
15,64,684,0.010437
15,65,310,0.004730
15,66,267,0.004074
15,67,277,0.004227
15,68,521,0.007950
15,69,508,0.007751
15,70,348,0.005310
15,71,558,0.008514
15,72,764,0.011658
15,73,204,0.003113
15,74,624,0.009521
15,75,697,0.010635
15,76,529,0.008072
15,77,631,0.009628
15,78,429,0.006546
15,79,257,0.003922
15,80,705,0.010757
15,81,324,0.004944
15,82,592,0.009033
15,83,822,0.012543
15,84,725,0.011063
15,85,508,0.007751
15,86,493,0.007523
15,87,738,0.011261
15,88,732,0.011169
15,89,259,0.003952
15,90,221,0.003372
15,91,515,0.007858
15,92,584,0.008911
15,93,494,0.007538
15,94,498,0.007599
15,95,384,0.005859
15,96,549,0.008377
15,97,211,0.003220
15,98,608,0.009277
15,99,687,0.010483
15,100,629,0.009598
15,101,298,0.004547
15,102,408,0.006226
15,103,530,0.008087
15,104,438,0.006683
15,105,495,0.007553
15,106,542,0.008270
15,107,297,0.004532
15,108,528,0.008057
15,109,1098,0.016754
15,110,378,0.005768
15,111,346,0.005280
15,112,476,0.007263
15,113,522,0.007965
15,114,706,0.010773
15,115,573,0.008743
15,116,722,0.011017
15,117,385,0.005875
15,118,672,0.010254
15,119,619,0.009445
15,120,778,0.011871
15,121,814,0.012421
15,122,320,0.004883
15,123,301,0.004593
15,124,380,0.005798
15,125,808,0.012329
15,126,526,0.008026
15,127,241,0.003677
16,0,424,0.006470
16,1,206,0.003143
16,2,1066,0.016266
16,3,611,0.009323
16,4,247,0.003769
16,5,544,0.008301
16,6,1280,0.019531
16,7,590,0.009003
16,8,235,0.003586
16,9,420,0.006409
16,10,632,0.009644
16,11,960,0.014648
16,12,661,0.010086
16,13,589,0.008987
16,14,272,0.004150
16,15,630,0.009613
16,16,959,0.014633
16,17,350,0.005341
16,18,316,0.004822
16,19,312,0.004761
16,20,566,0.008636
16,21,462,0.007050
16,22,937,0.014297
16,23,829,0.012650
16,24,648,0.009888
16,25,606,0.009247
16,26,210,0.003204
16,27,434,0.006622
16,28,498,0.007599
16,29,906,0.013824
16,30,482,0.007355
16,31,780,0.011902
16,32,588,0.008972
16,33,620,0.009460
16,34,386,0.005890
16,35,221,0.003372
16,36,681,0.010391
16,37,762,0.011627
16,38,210,0.003204
16,39,412,0.006287
16,40,475,0.007248
16,41,686,0.010468
16,42,236,0.003601
16,43,1038,0.015839
16,44,429,0.006546
16,45,562,0.008575
16,46,472,0.007202
16,47,810,0.012360
16,48,662,0.010101
16,49,729,0.011124
16,50,441,0.006729
16,51,536,0.008179
16,52,653,0.009964
16,53,1119,0.017075
16,54,714,0.010895
16,55,495,0.007553
16,56,918,0.014008
16,57,348,0.005310
16,58,578,0.008820
16,59,548,0.008362
16,60,406,0.006195
16,61,428,0.006531
16,62,592,0.009033
16,63,201,0.003067
16,64,499,0.007614
16,65,151,0.002304
16,66,157,0.002396
16,67,719,0.010971
16,68,471,0.007187
16,69,646,0.009857
16,70,520,0.007935
16,71,119,0.001816
16,72,828,0.012634
16,73,487,0.007431
16,74,415,0.006332
16,75,421,0.006424
16,76,60,0.000916
16,77,159,0.002426
16,78,658,0.010040
16,79,184,0.002808
16,80,540,0.008240
16,81,625,0.009537
16,82,254,0.003876
16,83,272,0.004150
16,84,224,0.003418
16,85,310,0.004730
16,86,412,0.006287
16,87,312,0.004761
16,88,351,0.005356
16,89,293,0.004471
16,90,989,0.015091
16,91,486,0.007416
16,92,325,0.004959
16,93,308,0.004700
16,94,615,0.009384
16,95,490,0.007477
16,96,697,0.010635
16,97,457,0.006973
16,98,606,0.009247
16,99,329,0.005020
16,100,179,0.002731
16,101,344,0.005249
16,102,280,0.004272
16,103,286,0.004364
16,104,662,0.010101
16,105,534,0.008148
16,106,479,0.007309
16,107,374,0.005707
16,108,597,0.009109
16,109,430,0.006561
16,110,501,0.007645
16,111,624,0.009521
16,112,432,0.006592
16,113,398,0.006073
16,114,771,0.011765
16,115,411,0.006271
16,116,421,0.006424
16,117,784,0.011963
16,118,405,0.006180
16,119,394,0.006012
16,120,944,0.014404
16,121,596,0.009094
16,122,323,0.004929
16,123,505,0.007706
16,124,387,0.005905
16,125,444,0.006775
16,126,835,0.012741
16,127,189,0.002884
17,0,173,0.002640
17,1,598,0.009125
17,2,350,0.005341
17,3,341,0.005203
17,4,226,0.003448
17,5,852,0.013000
17,6,780,0.011902
17,7,453,0.006912
17,8,384,0.005859
17,9,592,0.009033
17,10,743,0.011337
17,11,545,0.008316
17,12,461,0.007034
17,13,281,0.004288
17,14,533,0.008133
17,15,1077,0.016434
17,16,309,0.004715
17,17,204,0.003113
17,18,220,0.003357
17,19,462,0.007050
17,20,702,0.010712
17,21,775,0.011826
17,22,373,0.005692
17,23,381,0.005814
17,24,872,0.013306
17,25,531,0.008102
17,26,685,0.010452
17,27,493,0.007523
17,28,665,0.010147
17,29,507,0.007736
17,30,860,0.013123
17,31,328,0.005005
17,32,248,0.003784
17,33,601,0.009171
17,34,197,0.003006
17,35,565,0.008621
17,36,753,0.011490
17,37,600,0.009155
17,38,483,0.007370
17,39,690,0.010529
17,40,512,0.007812
17,41,222,0.003387
17,42,457,0.006973
17,43,308,0.004700
17,44,904,0.013794
17,45,671,0.010239
17,46,425,0.006485
17,47,610,0.009308
17,48,427,0.006516
17,49,873,0.013321
17,50,331,0.005051
17,51,1098,0.016754
17,52,774,0.011810
17,53,292,0.004456
17,54,395,0.006027
17,55,591,0.009018
17,56,627,0.009567
17,57,724,0.011047
17,58,378,0.005768
17,59,324,0.004944
17,60,496,0.007568
17,61,150,0.002289
17,62,336,0.005127
17,63,392,0.005981
17,64,283,0.004318
17,65,1167,0.017807
17,66,657,0.010025
17,67,462,0.007050
17,68,683,0.010422
17,69,517,0.007889
17,70,358,0.005463
17,71,604,0.009216
17,72,252,0.003845
17,73,306,0.004669
17,74,730,0.011139
17,75,547,0.008347
17,76,672,0.010254
17,77,594,0.009064
17,78,277,0.004227
17,79,436,0.006653
17,80,767,0.011703
17,81,470,0.007172
17,82,712,0.010864
17,83,498,0.007599
17,84,301,0.004593
17,85,755,0.011520
17,86,413,0.006302
17,87,198,0.003021
17,88,939,0.014328
17,89,469,0.007156
17,90,378,0.005768
17,91,126,0.001923
17,92,383,0.005844
17,93,514,0.007843
17,94,162,0.002472
17,95,389,0.005936
17,96,126,0.001923
17,97,722,0.011017
17,98,522,0.007965
17,99,729,0.011124
17,100,952,0.014526
17,101,384,0.005859
17,102,115,0.001755
17,103,707,0.010788
17,104,316,0.004822
17,105,156,0.002380
17,106,599,0.009140
17,107,288,0.004395
17,108,1017,0.015518
17,109,633,0.009659
17,110,148,0.002258
17,111,486,0.007416
17,112,338,0.005157
17,113,686,0.010468
17,114,447,0.006821
17,115,842,0.012848
17,116,601,0.009171
17,117,1138,0.017365
17,118,630,0.009613
17,119,375,0.005722
17,120,429,0.006546
17,121,328,0.005005
17,122,283,0.004318
17,123,544,0.008301
17,124,584,0.008911
17,125,410,0.006256
17,126,487,0.007431
17,127,285,0.004349
18,0,344,0.005249
18,1,382,0.005829
18,2,174,0.002655
18,3,400,0.006104
18,4,259,0.003952
18,5,390,0.005951
18,6,169,0.002579
18,7,603,0.009201
18,8,854,0.013031
18,9,449,0.006851
18,10,582,0.008881
18,11,494,0.007538
18,12,723,0.011032
18,13,516,0.007874
18,14,258,0.003937
18,15,987,0.015060
18,16,209,0.003189
18,17,635,0.009689
18,18,731,0.011154
18,19,246,0.003754
18,20,397,0.006058
18,21,436,0.006653
18,22,519,0.007919
18,23,711,0.010849
18,24,260,0.003967
18,25,465,0.007095
18,26,769,0.011734
18,27,743,0.011337
18,28,719,0.010971
18,29,675,0.010300
18,30,448,0.006836
18,31,326,0.004974
18,32,773,0.011795
18,33,478,0.007294
18,34,712,0.010864
18,35,311,0.004745
18,36,229,0.003494
18,37,550,0.008392
18,38,892,0.013611
18,39,415,0.006332
18,40,257,0.003922
18,41,624,0.009521
18,42,595,0.009079
18,43,369,0.005630
18,44,231,0.003525
18,45,960,0.014648
18,46,368,0.005615
18,47,852,0.013000
18,48,264,0.004028
18,49,554,0.008453
18,50,335,0.005112
18,51,446,0.006805
18,52,595,0.009079
18,53,434,0.006622
18,54,671,0.010239
18,55,558,0.008514
18,56,335,0.005112
18,57,255,0.003891
18,58,306,0.004669
18,59,665,0.010147
18,60,302,0.004608
18,61,146,0.002228
18,62,733,0.011185
18,63,769,0.011734
18,64,270,0.004120
18,65,609,0.009293
18,66,353,0.005386
18,67,265,0.004044
18,68,619,0.009445
18,69,312,0.004761
18,70,643,0.009811
18,71,471,0.007187
18,72,277,0.004227
18,73,736,0.011230
18,74,331,0.005051
18,75,406,0.006195
18,76,611,0.009323
18,77,852,0.013000
18,78,388,0.005920
18,79,517,0.007889
18,80,310,0.004730
18,81,239,0.003647
18,82,577,0.008804
18,83,632,0.009644
18,84,829,0.012650
18,85,481,0.007339
18,86,1105,0.016861
18,87,342,0.005219
18,88,351,0.005356
18,89,551,0.008408
18,90,194,0.002960
18,91,651,0.009933
18,92,483,0.007370
18,93,497,0.007584
18,94,215,0.003281
18,95,425,0.006485
18,96,625,0.009537
18,97,588,0.008972
18,98,535,0.008163
18,99,641,0.009781
18,100,1213,0.018509
18,101,460,0.007019
18,102,286,0.004364
18,103,1124,0.017151
18,104,348,0.005310
18,105,827,0.012619
18,106,620,0.009460
18,107,342,0.005219
18,108,691,0.010544
18,109,1087,0.016586
18,110,125,0.001907
18,111,587,0.008957
18,112,534,0.008148
18,113,931,0.014206
18,114,684,0.010437
18,115,287,0.004379
18,116,126,0.001923
18,117,598,0.009125
18,118,681,0.010391
18,119,416,0.006348
18,120,446,0.006805
18,121,282,0.004303
18,122,679,0.010361
18,123,544,0.008301
18,124,669,0.010208
18,125,423,0.006454
18,126,362,0.005524
18,127,376,0.005737
19,0,906,0.013824
19,1,719,0.010971
19,2,682,0.010406
19,3,759,0.011581
19,4,408,0.006226
19,5,442,0.006744
19,6,223,0.003403
19,7,606,0.009247
19,8,744,0.011353
19,9,367,0.005600
19,10,943,0.014389
19,11,287,0.004379
19,12,419,0.006393
19,13,490,0.007477
19,14,688,0.010498
19,15,757,0.011551
19,16,303,0.004623
19,17,675,0.010300
19,18,1370,0.020905
19,19,361,0.005508
19,20,603,0.009201
19,21,426,0.006500
19,22,658,0.010040
19,23,426,0.006500
19,24,651,0.009933
19,25,64,0.000977
19,26,311,0.004745
19,27,542,0.008270
19,28,621,0.009476
19,29,498,0.007599
19,30,348,0.005310
19,31,908,0.013855
19,32,393,0.005997
19,33,747,0.011398
19,34,434,0.006622
19,35,533,0.008133
19,36,505,0.007706
19,37,418,0.006378
19,38,471,0.007187
19,39,232,0.003540
19,40,429,0.006546
19,41,427,0.006516
19,42,468,0.007141
19,43,320,0.004883
19,44,344,0.005249
19,45,174,0.002655
19,46,699,0.010666
19,47,336,0.005127
19,48,269,0.004105
19,49,134,0.002045
19,50,331,0.005051
19,51,695,0.010605
19,52,894,0.013641
19,53,160,0.002441
19,54,851,0.012985
19,55,336,0.005127
19,56,251,0.003830
19,57,489,0.007462
19,58,437,0.006668
19,59,719,0.010971
19,60,401,0.006119
19,61,429,0.006546
19,62,475,0.007248
19,63,588,0.008972
19,64,776,0.011841
19,65,468,0.007141
19,66,533,0.008133
19,67,664,0.010132
19,68,624,0.009521
19,69,467,0.007126
19,70,319,0.004868
19,71,389,0.005936
19,72,310,0.004730
19,73,837,0.012772
19,74,204,0.003113
19,75,727,0.011093
19,76,712,0.010864
19,77,529,0.008072
19,78,364,0.005554
19,79,462,0.007050
19,80,529,0.008072
19,81,430,0.006561
19,82,190,0.002899
19,83,351,0.005356
19,84,383,0.005844
19,85,328,0.005005
19,86,488,0.007446
19,87,483,0.007370
19,88,925,0.014114
19,89,385,0.005875
19,90,443,0.006760
19,91,837,0.012772
19,92,662,0.010101
19,93,281,0.004288
19,94,593,0.009048
19,95,290,0.004425
19,96,572,0.008728
19,97,1111,0.016953
19,98,393,0.005997
19,99,659,0.010056
19,100,604,0.009216
19,101,812,0.012390
19,102,372,0.005676
19,103,481,0.007339
19,104,581,0.008865
19,105,393,0.005997
19,106,364,0.005554
19,107,555,0.008469
19,108,639,0.009750
19,109,586,0.008942
19,110,325,0.004959
19,111,505,0.007706
19,112,533,0.008133
19,113,804,0.012268
19,114,362,0.005524
19,115,405,0.006180
19,116,850,0.012970
19,117,417,0.006363
19,118,283,0.004318
19,119,398,0.006073
19,120,380,0.005798
19,121,377,0.005753
19,122,817,0.012466
19,123,308,0.004700
19,124,228,0.003479
19,125,790,0.012054
19,126,464,0.007080
19,127,591,0.009018
20,0,551,0.008408
20,1,627,0.009567
20,2,655,0.009995
20,3,570,0.008698
20,4,252,0.003845
20,5,480,0.007324
20,6,297,0.004532
20,7,568,0.008667
20,8,520,0.007935
20,9,890,0.013580
20,10,358,0.005463
20,11,308,0.004700
20,12,300,0.004578
20,13,646,0.009857
20,14,277,0.004227
20,15,326,0.004974
20,16,659,0.010056
20,17,275,0.004196
20,18,222,0.003387
20,19,300,0.004578
20,20,486,0.007416
20,21,265,0.004044
20,22,489,0.007462
20,23,349,0.005325
20,24,705,0.010757
20,25,451,0.006882
20,26,929,0.014175
20,27,472,0.007202
20,28,326,0.004974
20,29,539,0.008224
20,30,458,0.006989
20,31,389,0.005936
20,32,1161,0.017715
20,33,818,0.012482
20,34,764,0.011658
20,35,762,0.011627
20,36,317,0.004837
20,37,372,0.005676
20,38,245,0.003738
20,39,748,0.011414
20,40,966,0.014740
20,41,410,0.006256
20,42,481,0.007339
20,43,383,0.005844
20,44,565,0.008621
20,45,521,0.007950
20,46,559,0.008530
20,47,559,0.008530
20,48,531,0.008102
20,49,448,0.006836
20,50,802,0.012238
20,51,591,0.009018
20,52,368,0.005615
20,53,825,0.012589
20,54,522,0.007965
20,55,682,0.010406
20,56,507,0.007736
20,57,894,0.013641
20,58,890,0.013580
20,59,498,0.007599
20,60,429,0.006546
20,61,417,0.006363
20,62,587,0.008957
20,63,612,0.009338
20,64,164,0.002502
20,65,316,0.004822
20,66,851,0.012985
20,67,553,0.008438
20,68,179,0.002731
20,69,465,0.007095
20,70,338,0.005157
20,71,411,0.006271
20,72,326,0.004974
20,73,399,0.006088
20,74,283,0.004318
20,75,368,0.005615
20,76,330,0.005035
20,77,693,0.010574
20,78,423,0.006454
20,79,533,0.008133
20,80,372,0.005676
20,81,637,0.009720
20,82,549,0.008377
20,83,390,0.005951
20,84,738,0.011261
20,85,476,0.007263
20,86,1192,0.018188
20,87,573,0.008743
20,88,505,0.007706
20,89,510,0.007782
20,90,822,0.012543
20,91,514,0.007843
20,92,375,0.005722
20,93,290,0.004425
20,94,931,0.014206
20,95,796,0.012146
20,96,887,0.013535
20,97,500,0.007629
20,98,303,0.004623
20,99,547,0.008347
20,100,341,0.005203
20,101,366,0.005585
20,102,814,0.012421
20,103,349,0.005325
20,104,256,0.003906
20,105,513,0.007828
20,106,208,0.003174
20,107,582,0.008881
20,108,289,0.004410
20,109,842,0.012848
20,110,233,0.003555
20,111,264,0.004028
20,112,392,0.005981
20,113,109,0.001663
20,114,253,0.003860
20,115,487,0.007431
20,116,606,0.009247
20,117,426,0.006500
20,118,593,0.009048
20,119,561,0.008560
20,120,477,0.007278
20,121,321,0.004898
20,122,466,0.007111
20,123,723,0.011032
20,124,670,0.010223
20,125,577,0.008804
20,126,341,0.005203
20,127,765,0.011673
21,0,319,0.004868
21,1,490,0.007477
21,2,988,0.015076
21,3,199,0.003036
21,4,439,0.006699
21,5,698,0.010651
21,6,423,0.006454
21,7,206,0.003143
21,8,698,0.010651
21,9,820,0.012512
21,10,918,0.014008
21,11,293,0.004471
21,12,238,0.003632
21,13,528,0.008057
21,14,1026,0.015656
21,15,459,0.007004
21,16,766,0.011688
21,17,368,0.005615
21,18,609,0.009293
21,19,722,0.011017
21,20,421,0.006424
21,21,948,0.014465
21,22,488,0.007446
21,23,985,0.015030
21,24,392,0.005981
21,25,277,0.004227
21,26,205,0.003128
21,27,763,0.011642
21,28,562,0.008575
21,29,409,0.006241
21,30,347,0.005295
21,31,403,0.006149
21,32,848,0.012939
21,33,652,0.009949
21,34,141,0.002151
21,35,239,0.003647
21,36,251,0.003830
21,37,554,0.008453
21,38,519,0.007919
21,39,654,0.009979
21,40,369,0.005630
21,41,419,0.006393
21,42,395,0.006027
21,43,672,0.010254
21,44,251,0.003830
21,45,373,0.005692
21,46,159,0.002426
21,47,715,0.010910
21,48,251,0.003830
21,49,353,0.005386
21,50,417,0.006363
21,51,386,0.005890
21,52,147,0.002243
21,53,619,0.009445
21,54,696,0.010620
21,55,502,0.007660
21,56,429,0.006546
21,57,460,0.007019
21,58,1093,0.016678
21,59,313,0.004776
21,60,311,0.004745
21,61,643,0.009811
21,62,939,0.014328
21,63,797,0.012161
21,64,506,0.007721
21,65,927,0.014145
21,66,376,0.005737
21,67,657,0.010025
21,68,190,0.002899
21,69,751,0.011459
21,70,501,0.007645
21,71,791,0.012070
21,72,102,0.001556
21,73,579,0.008835
21,74,491,0.007492
21,75,420,0.006409
21,76,558,0.008514
21,77,444,0.006775
21,78,699,0.010666
21,79,261,0.003983
21,80,582,0.008881
21,81,818,0.012482
21,82,285,0.004349
21,83,1019,0.015549
21,84,454,0.006927
21,85,351,0.005356
21,86,662,0.010101
21,87,647,0.009872
21,88,540,0.008240
21,89,228,0.003479
21,90,671,0.010239
21,91,686,0.010468
21,92,328,0.005005
21,93,996,0.015198
21,94,471,0.007187
21,95,602,0.009186
21,96,227,0.003464
21,97,603,0.009201
21,98,260,0.003967
21,99,253,0.003860
21,100,522,0.007965
21,101,865,0.013199
21,102,358,0.005463
21,103,291,0.004440
21,104,773,0.011795
21,105,777,0.011856
21,106,511,0.007797
21,107,553,0.008438
21,108,312,0.004761
21,109,262,0.003998
21,110,254,0.003876
21,111,432,0.006592
21,112,673,0.010269
21,113,408,0.006226
21,114,517,0.007889
21,115,672,0.010254
21,116,146,0.002228
21,117,753,0.011490
21,118,561,0.008560
21,119,279,0.004257
21,120,456,0.006958
21,121,222,0.003387
21,122,630,0.009613
21,123,506,0.007721
21,124,451,0.006882
21,125,275,0.004196
21,126,587,0.008957
21,127,580,0.008850
22,0,565,0.008621
22,1,202,0.003082
22,2,377,0.005753
22,3,364,0.005554
22,4,707,0.010788
22,5,637,0.009720
22,6,567,0.008652
22,7,631,0.009628
22,8,504,0.007690
22,9,1224,0.018677
22,10,462,0.007050
22,11,451,0.006882
22,12,264,0.004028
22,13,487,0.007431
22,14,539,0.008224
22,15,774,0.011810
22,16,580,0.008850
22,17,282,0.004303
22,18,487,0.007431
22,19,472,0.007202
22,20,583,0.008896
22,21,507,0.007736
22,22,356,0.005432
22,23,514,0.007843
22,24,498,0.007599
22,25,277,0.004227
22,26,306,0.004669
22,27,509,0.007767
22,28,728,0.011108
22,29,501,0.007645
22,30,459,0.007004
22,31,606,0.009247
22,32,480,0.007324
22,33,198,0.003021
22,34,372,0.005676
22,35,735,0.011215
22,36,505,0.007706
22,37,262,0.003998
22,38,501,0.007645
22,39,450,0.006866
22,40,1092,0.016663
22,41,330,0.005035
22,42,623,0.009506
22,43,785,0.011978
22,44,630,0.009613
22,45,272,0.004150
22,46,499,0.007614
22,47,314,0.004791
22,48,388,0.005920
22,49,636,0.009705
22,50,212,0.003235
22,51,784,0.011963
22,52,905,0.013809
22,53,621,0.009476
22,54,409,0.006241
22,55,911,0.013901
22,56,571,0.008713
22,57,209,0.003189
22,58,322,0.004913
22,59,534,0.008148
22,60,489,0.007462
22,61,569,0.008682
22,62,569,0.008682
22,63,340,0.005188
22,64,377,0.005753
22,65,568,0.008667
22,66,1027,0.015671
22,67,779,0.011887
22,68,878,0.013397
22,69,653,0.009964
22,70,395,0.006027
22,71,338,0.005157
22,72,254,0.003876
22,73,462,0.007050
22,74,532,0.008118
22,75,381,0.005814
22,76,183,0.002792
22,77,161,0.002457
22,78,155,0.002365
22,79,838,0.012787
22,80,884,0.013489
22,81,632,0.009644
22,82,596,0.009094
22,83,587,0.008957
22,84,245,0.003738
22,85,1145,0.017471
22,86,444,0.006775
22,87,485,0.007401
22,88,406,0.006195
22,89,246,0.003754
22,90,549,0.008377
22,91,719,0.010971
22,92,616,0.009399
22,93,259,0.003952
22,94,138,0.002106
22,95,948,0.014465
22,96,744,0.011353
22,97,235,0.003586
22,98,404,0.006165
22,99,1006,0.015350
22,100,427,0.006516
22,101,390,0.005951
22,102,507,0.007736
22,103,554,0.008453
22,104,443,0.006760
22,105,660,0.010071
22,106,421,0.006424
22,107,365,0.005569
22,108,175,0.002670
22,109,509,0.007767
22,110,1060,0.016174
22,111,646,0.009857
22,112,787,0.012009
22,113,558,0.008514
22,114,546,0.008331
22,115,156,0.002380
22,116,340,0.005188
22,117,418,0.006378
22,118,626,0.009552
22,119,426,0.006500
22,120,209,0.003189
22,121,181,0.002762
22,122,409,0.006241
22,123,432,0.006592
22,124,1108,0.016907
22,125,280,0.004272
22,126,344,0.005249
22,127,353,0.005386
23,0,888,0.013550
23,1,414,0.006317
23,2,416,0.006348
23,3,570,0.008698
23,4,61,0.000931
23,5,696,0.010620
23,6,475,0.007248
23,7,548,0.008362
23,8,159,0.002426
23,9,654,0.009979
23,10,646,0.009857
23,11,1156,0.017639
23,12,431,0.006577
23,13,759,0.011581
23,14,655,0.009995
23,15,441,0.006729
23,16,177,0.002701
23,17,666,0.010162
23,18,409,0.006241
23,19,825,0.012589
23,20,493,0.007523
23,21,199,0.003036
23,22,469,0.007156
23,23,483,0.007370
23,24,539,0.008224
23,25,571,0.008713
23,26,446,0.006805
23,27,183,0.002792
23,28,213,0.003250
23,29,461,0.007034
23,30,456,0.006958
23,31,666,0.010162
23,32,488,0.007446
23,33,699,0.010666
23,34,514,0.007843
23,35,397,0.006058
23,36,921,0.014053
23,37,414,0.006317
23,38,401,0.006119
23,39,498,0.007599
23,40,638,0.009735
23,41,388,0.005920
23,42,465,0.007095
23,43,332,0.005066
23,44,565,0.008621
23,45,138,0.002106
23,46,333,0.005081
23,47,323,0.004929
23,48,424,0.006470
23,49,351,0.005356
23,50,683,0.010422
23,51,580,0.008850
23,52,267,0.004074
23,53,518,0.007904
23,54,764,0.011658
23,55,352,0.005371
23,56,381,0.005814
23,57,581,0.008865
23,58,207,0.003159
23,59,458,0.006989
23,60,728,0.011108
23,61,856,0.013062
23,62,286,0.004364
23,63,766,0.011688
23,64,287,0.004379
23,65,1023,0.015610
23,66,543,0.008286
23,67,451,0.006882
23,68,377,0.005753
23,69,570,0.008698
23,70,820,0.012512
23,71,584,0.008911
23,72,703,0.010727
23,73,655,0.009995
23,74,678,0.010345
23,75,1042,0.015900
23,76,701,0.010696
23,77,469,0.007156
23,78,578,0.008820
23,79,236,0.003601
23,80,208,0.003174
23,81,436,0.006653
23,82,477,0.007278
23,83,364,0.005554
23,84,451,0.006882
23,85,783,0.011948
23,86,538,0.008209
23,87,180,0.002747
23,88,672,0.010254
23,89,644,0.009827
23,90,454,0.006927
23,91,519,0.007919
23,92,364,0.005554
23,93,588,0.008972
23,94,368,0.005615
23,95,416,0.006348
23,96,664,0.010132
23,97,482,0.007355
23,98,486,0.007416
23,99,858,0.013092
23,100,425,0.006485
23,101,677,0.010330
23,102,537,0.008194
23,103,375,0.005722
23,104,385,0.005875
23,105,560,0.008545
23,106,958,0.014618
23,107,317,0.004837
23,108,276,0.004211
23,109,842,0.012848
23,110,679,0.010361
23,111,543,0.008286
23,112,221,0.003372
23,113,756,0.011536
23,114,210,0.003204
23,115,680,0.010376
23,116,424,0.006470
23,117,517,0.007889
23,118,407,0.006210
23,119,309,0.004715
23,120,397,0.006058
23,121,636,0.009705
23,122,176,0.002686
23,123,229,0.003494
23,124,622,0.009491
23,125,517,0.007889
23,126,979,0.014938
23,127,272,0.004150
24,0,366,0.005585
24,1,508,0.007751
24,2,518,0.007904
24,3,611,0.009323
24,4,571,0.008713
24,5,709,0.010818
24,6,196,0.002991
24,7,615,0.009384
24,8,380,0.005798
24,9,414,0.006317
24,10,1034,0.015778
24,11,426,0.006500
24,12,899,0.013718
24,13,1365,0.020828
24,14,442,0.006744
24,15,526,0.008026
24,16,518,0.007904
24,17,561,0.008560
24,18,906,0.013824
24,19,738,0.011261
24,20,554,0.008453
24,21,547,0.008347
24,22,372,0.005676
24,23,619,0.009445
24,24,276,0.004211
24,25,374,0.005707
24,26,537,0.008194
24,27,344,0.005249
24,28,268,0.004089
24,29,499,0.007614
24,30,302,0.004608
24,31,675,0.010300
24,32,606,0.009247
24,33,284,0.004333
24,34,610,0.009308
24,35,709,0.010818
24,36,566,0.008636
24,37,497,0.007584
24,38,444,0.006775
24,39,1060,0.016174
24,40,604,0.009216
24,41,612,0.009338
24,42,439,0.006699
24,43,287,0.004379
24,44,395,0.006027
24,45,648,0.009888
24,46,587,0.008957
24,47,577,0.008804
24,48,571,0.008713
24,49,370,0.005646
24,50,520,0.007935
24,51,776,0.011841
24,52,527,0.008041
24,53,132,0.002014
24,54,337,0.005142
24,55,191,0.002914
24,56,344,0.005249
24,57,1178,0.017975
24,58,440,0.006714
24,59,328,0.005005
24,60,215,0.003281
24,61,439,0.006699
24,62,846,0.012909
24,63,349,0.005325
24,64,624,0.009521
24,65,571,0.008713
24,66,387,0.005905
24,67,721,0.011002
24,68,408,0.006226
24,69,402,0.006134
24,70,393,0.005997
24,71,594,0.009064
24,72,1083,0.016525
24,73,742,0.011322
24,74,372,0.005676
24,75,537,0.008194
24,76,360,0.005493
24,77,348,0.005310
24,78,183,0.002792
24,79,620,0.009460
24,80,373,0.005692
24,81,475,0.007248
24,82,565,0.008621
24,83,231,0.003525
24,84,315,0.004807
24,85,628,0.009583
24,86,314,0.004791
24,87,327,0.004990
24,88,772,0.011780
24,89,141,0.002151
24,90,492,0.007507
24,91,881,0.013443
24,92,1073,0.016373
24,93,857,0.013077
24,94,251,0.003830
24,95,560,0.008545
24,96,793,0.012100
24,97,579,0.008835
24,98,404,0.006165
24,99,279,0.004257
24,100,682,0.010406
24,101,253,0.003860
24,102,231,0.003525
24,103,303,0.004623
24,104,554,0.008453
24,105,916,0.013977
24,106,452,0.006897
24,107,747,0.011398
24,108,316,0.004822
24,109,434,0.006622
24,110,435,0.006638
24,111,349,0.005325
24,112,803,0.012253
24,113,230,0.003510
24,114,224,0.003418
24,115,790,0.012054
24,116,585,0.008926
24,117,675,0.010300
24,118,316,0.004822
24,119,665,0.010147
24,120,203,0.003098
24,121,482,0.007355
24,122,571,0.008713
24,123,166,0.002533
24,124,361,0.005508
24,125,245,0.003738
24,126,318,0.004852
24,127,417,0.006363
25,0,398,0.006073
25,1,187,0.002853
25,2,636,0.009705
25,3,268,0.004089
25,4,540,0.008240
25,5,376,0.005737
25,6,208,0.003174
25,7,735,0.011215
25,8,476,0.007263
25,9,628,0.009583
25,10,595,0.009079
25,11,592,0.009033
25,12,363,0.005539
25,13,597,0.009109
25,14,683,0.010422
25,15,364,0.005554
25,16,312,0.004761
25,17,393,0.005997
25,18,761,0.011612
25,19,476,0.007263
25,20,920,0.014038
25,21,394,0.006012
25,22,516,0.007874
25,23,914,0.013947
25,24,1010,0.015411
25,25,693,0.010574
25,26,284,0.004333
25,27,496,0.007568
25,28,487,0.007431
25,29,307,0.004684
25,30,856,0.013062
25,31,633,0.009659
25,32,334,0.005096
25,33,301,0.004593
25,34,563,0.008591
25,35,218,0.003326
25,36,798,0.012177
25,37,422,0.006439
25,38,275,0.004196
25,39,644,0.009827
25,40,358,0.005463
25,41,439,0.006699
25,42,539,0.008224
25,43,362,0.005524
25,44,575,0.008774
25,45,824,0.012573
25,46,772,0.011780
25,47,505,0.007706
25,48,700,0.010681
25,49,301,0.004593
25,50,501,0.007645
25,51,768,0.011719
25,52,303,0.004623
25,53,519,0.007919
25,54,705,0.010757
25,55,560,0.008545
25,56,990,0.015106
25,57,410,0.006256
25,58,384,0.005859
25,59,270,0.004120
25,60,550,0.008392
25,61,516,0.007874
25,62,342,0.005219
25,63,601,0.009171
25,64,980,0.014954
25,65,430,0.006561
25,66,859,0.013107
25,67,652,0.009949
25,68,531,0.008102
25,69,159,0.002426
25,70,219,0.003342
25,71,462,0.007050
25,72,351,0.005356
25,73,602,0.009186
25,74,394,0.006012
25,75,447,0.006821
25,76,362,0.005524
25,77,419,0.006393
25,78,591,0.009018
25,79,173,0.002640
25,80,810,0.012360
25,81,679,0.010361
25,82,171,0.002609
25,83,571,0.008713
25,84,422,0.006439
25,85,362,0.005524
25,86,448,0.006836
25,87,480,0.007324
25,88,327,0.004990
25,89,422,0.006439
25,90,806,0.012299
25,91,201,0.003067
25,92,728,0.011108
25,93,343,0.005234
25,94,624,0.009521
25,95,247,0.003769
25,96,318,0.004852
25,97,447,0.006821
25,98,164,0.002502
25,99,293,0.004471
25,100,920,0.014038
25,101,713,0.010880
25,102,686,0.010468
25,103,720,0.010986
25,104,417,0.006363
25,105,1052,0.016052
25,106,1203,0.018356
25,107,288,0.004395
25,108,507,0.007736
25,109,518,0.007904
25,110,507,0.007736
25,111,651,0.009933
25,112,479,0.007309
25,113,511,0.007797
25,114,502,0.007660
25,115,256,0.003906
25,116,999,0.015244
25,117,238,0.003632
25,118,423,0.006454
25,119,444,0.006775
25,120,596,0.009094
25,121,660,0.010071
25,122,179,0.002731
25,123,505,0.007706
25,124,294,0.004486
25,125,593,0.009048
25,126,174,0.002655
25,127,560,0.008545
26,0,125,0.001907
26,1,228,0.003479
26,2,439,0.006699
26,3,615,0.009384
26,4,679,0.010361
26,5,600,0.009155
26,6,358,0.005463
26,7,546,0.008331
26,8,459,0.007004
26,9,365,0.005569
26,10,749,0.011429
26,11,503,0.007675
26,12,503,0.007675
26,13,702,0.010712
26,14,347,0.005295
26,15,476,0.007263
26,16,246,0.003754
26,17,325,0.004959
26,18,229,0.003494
26,19,259,0.003952
26,20,309,0.004715
26,21,454,0.006927
26,22,552,0.008423
26,23,359,0.005478
26,24,470,0.007172
26,25,1083,0.016525
26,26,340,0.005188
26,27,436,0.006653
26,28,1655,0.025253
26,29,390,0.005951
26,30,895,0.013657
26,31,520,0.007935
26,32,238,0.003632
26,33,564,0.008606
26,34,285,0.004349
26,35,470,0.007172
26,36,598,0.009125
26,37,532,0.008118
26,38,305,0.004654
26,39,201,0.003067
26,40,381,0.005814
26,41,559,0.008530
26,42,318,0.004852
26,43,335,0.005112
26,44,1284,0.019592
26,45,480,0.007324
26,46,732,0.011169
26,47,132,0.002014
26,48,299,0.004562
26,49,237,0.003616
26,50,377,0.005753
26,51,649,0.009903
26,52,628,0.009583
26,53,495,0.007553
26,54,604,0.009216
26,55,435,0.006638
26,56,481,0.007339
26,57,904,0.013794
26,58,635,0.009689
26,59,794,0.012115
26,60,980,0.014954
26,61,239,0.003647
26,62,1105,0.016861
26,63,238,0.003632
26,64,747,0.011398
26,65,421,0.006424
26,66,1056,0.016113
26,67,770,0.011749
26,68,317,0.004837
26,69,569,0.008682
26,70,636,0.009705
26,71,385,0.005875
26,72,514,0.007843
26,73,349,0.005325
26,74,402,0.006134
26,75,482,0.007355
26,76,440,0.006714
26,77,289,0.004410
26,78,1027,0.015671
26,79,232,0.003540
26,80,524,0.007996
26,81,327,0.004990
26,82,858,0.013092
26,83,403,0.006149
26,84,402,0.006134
26,85,971,0.014816
26,86,387,0.005905
26,87,456,0.006958
26,88,309,0.004715
26,89,581,0.008865
26,90,558,0.008514
26,91,258,0.003937
26,92,534,0.008148
26,93,375,0.005722
26,94,621,0.009476
26,95,265,0.004044
26,96,688,0.010498
26,97,712,0.010864
26,98,317,0.004837
26,99,472,0.007202
26,100,637,0.009720
26,101,239,0.003647
26,102,518,0.007904
26,103,510,0.007782
26,104,272,0.004150
26,105,290,0.004425
26,106,801,0.012222
26,107,569,0.008682
26,108,381,0.005814
26,109,292,0.004456
26,110,649,0.009903
26,111,353,0.005386
26,112,1092,0.016663
26,113,484,0.007385
26,114,741,0.011307
26,115,504,0.007690
26,116,829,0.012650
26,117,561,0.008560
26,118,300,0.004578
26,119,549,0.008377
26,120,413,0.006302
26,121,514,0.007843
26,122,431,0.006577
26,123,480,0.007324
26,124,369,0.005630
26,125,395,0.006027
26,126,543,0.008286
26,127,436,0.006653
27,0,758,0.011566
27,1,665,0.010147
27,2,425,0.006485
27,3,275,0.004196
27,4,835,0.012741
27,5,364,0.005554
27,6,263,0.004013
27,7,317,0.004837
27,8,411,0.006271
27,9,827,0.012619
27,10,681,0.010391
27,11,464,0.007080
27,12,240,0.003662
27,13,401,0.006119
27,14,338,0.005157
27,15,894,0.013641
27,16,421,0.006424
27,17,1147,0.017502
27,18,626,0.009552
27,19,341,0.005203
27,20,552,0.008423
27,21,317,0.004837
27,22,621,0.009476
27,23,141,0.002151
27,24,778,0.011871
27,25,536,0.008179
27,26,635,0.009689
27,27,243,0.003708
27,28,1119,0.017075
27,29,273,0.004166
27,30,507,0.007736
27,31,224,0.003418
27,32,423,0.006454
27,33,559,0.008530
27,34,239,0.003647
27,35,408,0.006226
27,36,570,0.008698
27,37,269,0.004105
27,38,727,0.011093
27,39,435,0.006638
27,40,248,0.003784
27,41,335,0.005112
27,42,293,0.004471
27,43,463,0.007065
27,44,634,0.009674
27,45,490,0.007477
27,46,500,0.007629
27,47,439,0.006699
27,48,574,0.008759
27,49,752,0.011475
27,50,229,0.003494
27,51,490,0.007477
27,52,400,0.006104
27,53,856,0.013062
27,54,716,0.010925
27,55,223,0.003403
27,56,373,0.005692
27,57,191,0.002914
27,58,585,0.008926
27,59,555,0.008469
27,60,458,0.006989
27,61,229,0.003494
27,62,566,0.008636
27,63,291,0.004440
27,64,614,0.009369
27,65,309,0.004715
27,66,976,0.014893
27,67,819,0.012497
27,68,870,0.013275
27,69,178,0.002716
27,70,692,0.010559
27,71,781,0.011917
27,72,332,0.005066
27,73,442,0.006744
27,74,374,0.005707
27,75,659,0.010056
27,76,1103,0.016830
27,77,306,0.004669
27,78,261,0.003983
27,79,577,0.008804
27,80,277,0.004227
27,81,657,0.010025
27,82,414,0.006317
27,83,561,0.008560
27,84,720,0.010986
27,85,532,0.008118
27,86,739,0.011276
27,87,284,0.004333
27,88,278,0.004242
27,89,551,0.008408
27,90,300,0.004578
27,91,420,0.006409
27,92,581,0.008865
27,93,504,0.007690
27,94,528,0.008057
27,95,540,0.008240
27,96,120,0.001831
27,97,426,0.006500
27,98,388,0.005920
27,99,855,0.013046
27,100,812,0.012390
27,101,366,0.005585
27,102,700,0.010681
27,103,421,0.006424
27,104,620,0.009460
27,105,241,0.003677
27,106,667,0.010178
27,107,645,0.009842
27,108,221,0.003372
27,109,581,0.008865
27,110,767,0.011703
27,111,451,0.006882
27,112,854,0.013031
27,113,302,0.004608
27,114,279,0.004257
27,115,244,0.003723
27,116,676,0.010315
27,117,131,0.001999
27,118,654,0.009979
27,119,417,0.006363
27,120,710,0.010834
27,121,523,0.007980
27,122,439,0.006699
27,123,657,0.010025
27,124,772,0.011780
27,125,761,0.011612
27,126,800,0.012207
27,127,698,0.010651
28,0,416,0.006348
28,1,504,0.007690
28,2,207,0.003159
28,3,434,0.006622
28,4,487,0.007431
28,5,917,0.013992
28,6,1032,0.015747
28,7,278,0.004242
28,8,233,0.003555
28,9,366,0.005585
28,10,577,0.008804
28,11,1016,0.015503
28,12,277,0.004227
28,13,269,0.004105
28,14,286,0.004364
28,15,880,0.013428
28,16,398,0.006073
28,17,398,0.006073
28,18,320,0.004883
28,19,662,0.010101
28,20,453,0.006912
28,21,534,0.008148
28,22,347,0.005295
28,23,391,0.005966
28,24,819,0.012497
28,25,404,0.006165
28,26,665,0.010147
28,27,432,0.006592
28,28,304,0.004639
28,29,573,0.008743
28,30,339,0.005173
28,31,536,0.008179
28,32,832,0.012695
28,33,453,0.006912
28,34,378,0.005768
28,35,795,0.012131
28,36,540,0.008240
28,37,370,0.005646
28,38,514,0.007843
28,39,724,0.011047
28,40,669,0.010208
28,41,618,0.009430
28,42,610,0.009308
28,43,500,0.007629
28,44,298,0.004547
28,45,518,0.007904
28,46,215,0.003281
28,47,630,0.009613
28,48,311,0.004745
28,49,277,0.004227
28,50,940,0.014343
28,51,567,0.008652
28,52,562,0.008575
28,53,456,0.006958
28,54,544,0.008301
28,55,364,0.005554
28,56,409,0.006241
28,57,541,0.008255
28,58,522,0.007965
28,59,108,0.001648
28,60,873,0.013321
28,61,371,0.005661
28,62,752,0.011475
28,63,867,0.013229
28,64,616,0.009399
28,65,420,0.006409
28,66,632,0.009644
28,67,449,0.006851
28,68,290,0.004425
28,69,112,0.001709
28,70,683,0.010422
28,71,561,0.008560
28,72,962,0.014679
28,73,501,0.007645
28,74,557,0.008499
28,75,567,0.008652
28,76,498,0.007599
28,77,603,0.009201
28,78,631,0.009628
28,79,653,0.009964
28,80,291,0.004440
28,81,455,0.006943
28,82,1091,0.016647
28,83,536,0.008179
28,84,353,0.005386
28,85,241,0.003677
28,86,861,0.013138
28,87,782,0.011932
28,88,599,0.009140
28,89,389,0.005936
28,90,663,0.010117
28,91,831,0.012680
28,92,528,0.008057
28,93,458,0.006989
28,94,405,0.006180
28,95,520,0.007935
28,96,312,0.004761
28,97,597,0.009109
28,98,318,0.004852
28,99,370,0.005646
28,100,271,0.004135
28,101,258,0.003937
28,102,520,0.007935
28,103,1027,0.015671
28,104,162,0.002472
28,105,515,0.007858
28,106,217,0.003311
28,107,509,0.007767
28,108,237,0.003616
28,109,487,0.007431
28,110,443,0.006760
28,111,541,0.008255
28,112,603,0.009201
28,113,434,0.006622
28,114,525,0.008011
28,115,348,0.005310
28,116,388,0.005920
28,117,472,0.007202
28,118,514,0.007843
28,119,576,0.008789
28,120,671,0.010239
28,121,265,0.004044
28,122,753,0.011490
28,123,593,0.009048
28,124,519,0.007919
28,125,497,0.007584
28,126,340,0.005188
28,127,634,0.009674
29,0,132,0.002014
29,1,132,0.002014
29,2,652,0.009949
29,3,347,0.005295
29,4,426,0.006500
29,5,306,0.004669
29,6,647,0.009872
29,7,312,0.004761
29,8,448,0.006836
29,9,614,0.009369
29,10,929,0.014175
29,11,773,0.011795
29,12,459,0.007004
29,13,722,0.011017
29,14,413,0.006302
29,15,473,0.007217
29,16,671,0.010239
29,17,860,0.013123
29,18,283,0.004318
29,19,387,0.005905
29,20,614,0.009369
29,21,608,0.009277
29,22,586,0.008942
29,23,449,0.006851
29,24,324,0.004944
29,25,258,0.003937
29,26,581,0.008865
29,27,356,0.005432
29,28,458,0.006989
29,29,342,0.005219
29,30,371,0.005661
29,31,286,0.004364
29,32,406,0.006195
29,33,479,0.007309
29,34,598,0.009125
29,35,337,0.005142
29,36,197,0.003006
29,37,444,0.006775
29,38,547,0.008347
29,39,410,0.006256
29,40,690,0.010529
29,41,501,0.007645
29,42,310,0.004730
29,43,650,0.009918
29,44,543,0.008286
29,45,465,0.007095
29,46,409,0.006241
29,47,267,0.004074
29,48,159,0.002426
29,49,590,0.009003
29,50,1175,0.017929
29,51,669,0.010208
29,52,580,0.008850
29,53,463,0.007065
29,54,402,0.006134
29,55,885,0.013504
29,56,523,0.007980
29,57,748,0.011414
29,58,450,0.006866
29,59,677,0.010330
29,60,662,0.010101
29,61,319,0.004868
29,62,249,0.003799
29,63,650,0.009918
29,64,692,0.010559
29,65,630,0.009613
29,66,411,0.006271
29,67,205,0.003128
29,68,331,0.005051
29,69,783,0.011948
29,70,697,0.010635
29,71,383,0.005844
29,72,712,0.010864
29,73,451,0.006882
29,74,324,0.004944
29,75,489,0.007462
29,76,335,0.005112
29,77,727,0.011093
29,78,346,0.005280
29,79,543,0.008286
29,80,816,0.012451
29,81,499,0.007614
29,82,308,0.004700
29,83,687,0.010483
29,84,569,0.008682
29,85,803,0.012253
29,86,476,0.007263
29,87,600,0.009155
29,88,485,0.007401
29,89,602,0.009186
29,90,511,0.007797
29,91,392,0.005981
29,92,267,0.004074
29,93,335,0.005112
29,94,426,0.006500
29,95,565,0.008621
29,96,564,0.008606
29,97,487,0.007431
29,98,657,0.010025
29,99,998,0.015228
29,100,412,0.006287
29,101,674,0.010284
29,102,570,0.008698
29,103,567,0.008652
29,104,494,0.007538
29,105,114,0.001740
29,106,764,0.011658
29,107,163,0.002487
29,108,189,0.002884
29,109,509,0.007767
29,110,680,0.010376
29,111,611,0.009323
29,112,268,0.004089
29,113,264,0.004028
29,114,533,0.008133
29,115,214,0.003265
29,116,860,0.013123
29,117,936,0.014282
29,118,443,0.006760
29,119,439,0.006699
29,120,587,0.008957
29,121,1042,0.015900
29,122,322,0.004913
29,123,324,0.004944
29,124,559,0.008530
29,125,396,0.006042
29,126,667,0.010178
29,127,1156,0.017639
30,0,680,0.010376
30,1,316,0.004822
30,2,501,0.007645
30,3,389,0.005936
30,4,261,0.003983
30,5,645,0.009842
30,6,796,0.012146
30,7,570,0.008698
30,8,978,0.014923
30,9,293,0.004471
30,10,430,0.006561
30,11,209,0.003189
30,12,512,0.007812
30,13,794,0.012115
30,14,448,0.006836
30,15,336,0.005127
30,16,613,0.009354
30,17,747,0.011398
30,18,504,0.007690
30,19,455,0.006943
30,20,819,0.012497
30,21,580,0.008850
30,22,821,0.012527
30,23,349,0.005325
30,24,458,0.006989
30,25,338,0.005157
30,26,204,0.003113
30,27,270,0.004120
30,28,565,0.008621
30,29,652,0.009949
30,30,421,0.006424
30,31,381,0.005814
30,32,799,0.012192
30,33,331,0.005051
30,34,562,0.008575
30,35,252,0.003845
30,36,207,0.003159
30,37,493,0.007523
30,38,501,0.007645
30,39,349,0.005325
30,40,242,0.003693
30,41,529,0.008072
30,42,339,0.005173
30,43,915,0.013962
30,44,544,0.008301
30,45,360,0.005493
30,46,228,0.003479
30,47,423,0.006454
30,48,333,0.005081
30,49,249,0.003799
30,50,640,0.009766
30,51,311,0.004745
30,52,589,0.008987
30,53,364,0.005554
30,54,535,0.008163
30,55,513,0.007828
30,56,720,0.010986
30,57,692,0.010559
30,58,322,0.004913
30,59,665,0.010147
30,60,950,0.014496
30,61,327,0.004990
30,62,678,0.010345
30,63,440,0.006714
30,64,591,0.009018
30,65,1316,0.020081
30,66,105,0.001602
30,67,292,0.004456
30,68,461,0.007034
30,69,288,0.004395
30,70,445,0.006790
30,71,693,0.010574
30,72,475,0.007248
30,73,316,0.004822
30,74,681,0.010391
30,75,606,0.009247
30,76,306,0.004669
30,77,554,0.008453
30,78,179,0.002731
30,79,500,0.007629
30,80,426,0.006500
30,81,802,0.012238
30,82,413,0.006302
30,83,170,0.002594
30,84,1179,0.017990
30,85,429,0.006546
30,86,513,0.007828
30,87,239,0.003647
30,88,997,0.015213
30,89,920,0.014038
30,90,861,0.013138
30,91,576,0.008789
30,92,718,0.010956
30,93,658,0.010040
30,94,228,0.003479
30,95,839,0.012802
30,96,233,0.003555
30,97,638,0.009735
30,98,119,0.001816
30,99,677,0.010330
30,100,180,0.002747
30,101,725,0.011063
30,102,585,0.008926
30,103,559,0.008530
30,104,423,0.006454
30,105,480,0.007324
30,106,681,0.010391
30,107,300,0.004578
30,108,258,0.003937
30,109,713,0.010880
30,110,141,0.002151
30,111,776,0.011841
30,112,114,0.001740
30,113,429,0.006546
30,114,761,0.011612
30,115,744,0.011353
30,116,213,0.003250
30,117,430,0.006561
30,118,666,0.010162
30,119,671,0.010239
30,120,86,0.001312
30,121,576,0.008789
30,122,276,0.004211
30,123,961,0.014664
30,124,354,0.005402
30,125,1000,0.015259
30,126,576,0.008789
30,127,678,0.010345
31,0,685,0.010452
31,1,513,0.007828
31,2,323,0.004929
31,3,351,0.005356
31,4,328,0.005005
31,5,251,0.003830
31,6,342,0.005219
31,7,454,0.006927
31,8,386,0.005890
31,9,686,0.010468
31,10,372,0.005676
31,11,701,0.010696
31,12,533,0.008133
31,13,861,0.013138
31,14,538,0.008209
31,15,761,0.011612
31,16,630,0.009613
31,17,474,0.007233
31,18,680,0.010376
31,19,253,0.003860
31,20,487,0.007431
31,21,515,0.007858
31,22,672,0.010254
31,23,219,0.003342
31,24,451,0.006882
31,25,617,0.009415
31,26,595,0.009079
31,27,357,0.005447
31,28,243,0.003708
31,29,549,0.008377
31,30,235,0.003586
31,31,472,0.007202
31,32,427,0.006516
31,33,533,0.008133
31,34,716,0.010925
31,35,667,0.010178
31,36,534,0.008148
31,37,613,0.009354
31,38,412,0.006287
31,39,587,0.008957
31,40,503,0.007675
31,41,376,0.005737
31,42,465,0.007095
31,43,931,0.014206
31,44,451,0.006882
31,45,543,0.008286
31,46,308,0.004700
31,47,338,0.005157
31,48,256,0.003906
31,49,334,0.005096
31,50,866,0.013214
31,51,799,0.012192
31,52,425,0.006485
31,53,144,0.002197
31,54,788,0.012024
31,55,349,0.005325
31,56,292,0.004456
31,57,779,0.011887
31,58,460,0.007019
31,59,941,0.014359
31,60,519,0.007919
31,61,339,0.005173
31,62,305,0.004654
31,63,160,0.002441
31,64,441,0.006729
31,65,365,0.005569
31,66,615,0.009384
31,67,454,0.006927
31,68,929,0.014175
31,69,363,0.005539
31,70,507,0.007736
31,71,937,0.014297
31,72,624,0.009521
31,73,911,0.013901
31,74,817,0.012466
31,75,422,0.006439
31,76,352,0.005371
31,77,113,0.001724
31,78,435,0.006638
31,79,434,0.006622
31,80,523,0.007980
31,81,883,0.013474
31,82,455,0.006943
31,83,401,0.006119
31,84,584,0.008911
31,85,414,0.006317
31,86,406,0.006195
31,87,327,0.004990
31,88,462,0.007050
31,89,552,0.008423
31,90,284,0.004333
31,91,345,0.005264
31,92,467,0.007126
31,93,320,0.004883
31,94,596,0.009094
31,95,644,0.009827
31,96,401,0.006119
31,97,1195,0.018234
31,98,635,0.009689
31,99,549,0.008377
31,100,523,0.007980
31,101,665,0.010147
31,102,842,0.012848
31,103,533,0.008133
31,104,1135,0.017319
31,105,443,0.006760
31,106,357,0.005447
31,107,349,0.005325
31,108,381,0.005814
31,109,381,0.005814
31,110,386,0.005890
31,111,352,0.005371
31,112,573,0.008743
31,113,259,0.003952
31,114,215,0.003281
31,115,492,0.007507
31,116,383,0.005844
31,117,334,0.005096
31,118,972,0.014832
31,119,408,0.006226
31,120,489,0.007462
31,121,253,0.003860
31,122,1412,0.021545
31,123,393,0.005997
31,124,658,0.010040
31,125,517,0.007889
31,126,646,0.009857
31,127,329,0.005020
32,0,138,0.002106
32,1,232,0.003540
32,2,848,0.012939
32,3,588,0.008972
32,4,642,0.009796
32,5,367,0.005600
32,6,425,0.006485
32,7,414,0.006317
32,8,271,0.004135
32,9,630,0.009613
32,10,329,0.005020
32,11,216,0.003296
32,12,497,0.007584
32,13,466,0.007111
32,14,353,0.005386
32,15,531,0.008102
32,16,597,0.009109
32,17,781,0.011917
32,18,373,0.005692
32,19,323,0.004929
32,20,669,0.010208
32,21,461,0.007034
32,22,418,0.006378
32,23,699,0.010666
32,24,830,0.012665
32,25,644,0.009827
32,26,325,0.004959
32,27,96,0.001465
32,28,711,0.010849
32,29,447,0.006821
32,30,416,0.006348
32,31,1050,0.016022
32,32,684,0.010437
32,33,511,0.007797
32,34,504,0.007690
32,35,219,0.003342
32,36,587,0.008957
32,37,442,0.006744
32,38,519,0.007919
32,39,853,0.013016
32,40,292,0.004456
32,41,607,0.009262
32,42,143,0.002182
32,43,188,0.002869
32,44,539,0.008224
32,45,721,0.011002
32,46,321,0.004898
32,47,780,0.011902
32,48,459,0.007004
32,49,726,0.011078
32,50,342,0.005219
32,51,310,0.004730
32,52,799,0.012192
32,53,848,0.012939
32,54,345,0.005264
32,55,797,0.012161
32,56,251,0.003830
32,57,572,0.008728
32,58,279,0.004257
32,59,291,0.004440
32,60,500,0.007629
32,61,455,0.006943
32,62,690,0.010529
32,63,429,0.006546
32,64,208,0.003174
32,65,699,0.010666
32,66,1003,0.015305
32,67,179,0.002731
32,68,697,0.010635
32,69,210,0.003204
32,70,601,0.009171
32,71,392,0.005981
32,72,235,0.003586
32,73,490,0.007477
32,74,356,0.005432
32,75,878,0.013397
32,76,433,0.006607
32,77,558,0.008514
32,78,492,0.007507
32,79,677,0.010330
32,80,374,0.005707
32,81,1009,0.015396
32,82,531,0.008102
32,83,497,0.007584
32,84,505,0.007706
32,85,486,0.007416
32,86,417,0.006363
32,87,424,0.006470
32,88,415,0.006332
32,89,502,0.007660
32,90,741,0.011307
32,91,556,0.008484
32,92,404,0.006165
32,93,643,0.009811
32,94,689,0.010513
32,95,625,0.009537
32,96,913,0.013931
32,97,517,0.007889
32,98,530,0.008087
32,99,370,0.005646
32,100,335,0.005112
32,101,542,0.008270
32,102,448,0.006836
32,103,626,0.009552
32,104,447,0.006821
32,105,480,0.007324
32,106,995,0.015182
32,107,687,0.010483
32,108,722,0.011017
32,109,344,0.005249
32,110,308,0.004700
32,111,414,0.006317
32,112,784,0.011963
32,113,299,0.004562
32,114,501,0.007645
32,115,862,0.013153
32,116,419,0.006393
32,117,479,0.007309
32,118,633,0.009659
32,119,223,0.003403
32,120,768,0.011719
32,121,466,0.007111
32,122,434,0.006622
32,123,179,0.002731
32,124,345,0.005264
32,125,123,0.001877
32,126,815,0.012436
32,127,812,0.012390
33,0,356,0.005432
33,1,836,0.012756
33,2,663,0.010117
33,3,326,0.004974
33,4,337,0.005142
33,5,220,0.003357
33,6,280,0.004272
33,7,199,0.003036
33,8,661,0.010086
33,9,1104,0.016846
33,10,656,0.010010
33,11,185,0.002823
33,12,430,0.006561
33,13,492,0.007507
33,14,253,0.003860
33,15,323,0.004929
33,16,574,0.008759
33,17,423,0.006454
33,18,340,0.005188
33,19,209,0.003189
33,20,745,0.011368
33,21,581,0.008865
33,22,1078,0.016449
33,23,245,0.003738
33,24,681,0.010391
33,25,686,0.010468
33,26,594,0.009064
33,27,367,0.005600
33,28,419,0.006393
33,29,545,0.008316
33,30,170,0.002594
33,31,681,0.010391
33,32,515,0.007858
33,33,451,0.006882
33,34,539,0.008224
33,35,550,0.008392
33,36,617,0.009415
33,37,565,0.008621
33,38,328,0.005005
33,39,380,0.005798
33,40,542,0.008270
33,41,500,0.007629
33,42,926,0.014130
33,43,390,0.005951
33,44,457,0.006973
33,45,486,0.007416
33,46,271,0.004135
33,47,530,0.008087
33,48,341,0.005203
33,49,423,0.006454
33,50,335,0.005112
33,51,462,0.007050
33,52,522,0.007965
33,53,139,0.002121
33,54,486,0.007416
33,55,573,0.008743
33,56,318,0.004852
33,57,444,0.006775
33,58,948,0.014465
33,59,412,0.006287
33,60,604,0.009216
33,61,298,0.004547
33,62,776,0.011841
33,63,209,0.003189
33,64,536,0.008179
33,65,422,0.006439
33,66,480,0.007324
33,67,490,0.007477
33,68,619,0.009445
33,69,291,0.004440
33,70,273,0.004166
33,71,620,0.009460
33,72,557,0.008499
33,73,154,0.002350
33,74,943,0.014389
33,75,501,0.007645
33,76,504,0.007690
33,77,218,0.003326
33,78,539,0.008224
33,79,596,0.009094
33,80,670,0.010223
33,81,279,0.004257
33,82,1520,0.023193
33,83,686,0.010468
33,84,748,0.011414
33,85,959,0.014633
33,86,475,0.007248
33,87,590,0.009003
33,88,139,0.002121
33,89,197,0.003006
33,90,495,0.007553
33,91,575,0.008774
33,92,497,0.007584
33,93,392,0.005981
33,94,632,0.009644
33,95,686,0.010468
33,96,472,0.007202
33,97,493,0.007523
33,98,588,0.008972
33,99,601,0.009171
33,100,238,0.003632
33,101,400,0.006104
33,102,421,0.006424
33,103,897,0.013687
33,104,340,0.005188
33,105,431,0.006577
33,106,425,0.006485
33,107,428,0.006531
33,108,225,0.003433
33,109,992,0.015137
33,110,463,0.007065
33,111,603,0.009201
33,112,578,0.008820
33,113,393,0.005997
33,114,499,0.007614
33,115,800,0.012207
33,116,255,0.003891
33,117,477,0.007278
33,118,579,0.008835
33,119,425,0.006485
33,120,393,0.005997
33,121,671,0.010239
33,122,477,0.007278
33,123,1097,0.016739
33,124,656,0.010010
33,125,929,0.014175
33,126,674,0.010284
33,127,337,0.005142
34,0,477,0.007278
34,1,465,0.007095
34,2,505,0.007706
34,3,204,0.003113
34,4,582,0.008881
34,5,563,0.008591
34,6,549,0.008377
34,7,245,0.003738
34,8,854,0.013031
34,9,390,0.005951
34,10,356,0.005432
34,11,162,0.002472
34,12,642,0.009796
34,13,746,0.011383
34,14,679,0.010361
34,15,172,0.002625
34,16,760,0.011597
34,17,389,0.005936
34,18,421,0.006424
34,19,332,0.005066
34,20,595,0.009079
34,21,726,0.011078
34,22,464,0.007080
34,23,456,0.006958
34,24,724,0.011047
34,25,458,0.006989
34,26,511,0.007797
34,27,372,0.005676
34,28,539,0.008224
34,29,583,0.008896
34,30,308,0.004700
34,31,259,0.003952
34,32,439,0.006699
34,33,243,0.003708
34,34,416,0.006348
34,35,748,0.011414
34,36,428,0.006531
34,37,111,0.001694
34,38,280,0.004272
34,39,542,0.008270
34,40,546,0.008331
34,41,347,0.005295
34,42,1595,0.024338
34,43,590,0.009003
34,44,347,0.005295
34,45,899,0.013718
34,46,692,0.010559
34,47,1208,0.018433
34,48,579,0.008835
34,49,540,0.008240
34,50,282,0.004303
34,51,506,0.007721
34,52,291,0.004440
34,53,753,0.011490
34,54,345,0.005264
34,55,1210,0.018463
34,56,488,0.007446
34,57,1176,0.017944
34,58,221,0.003372
34,59,388,0.005920
34,60,262,0.003998
34,61,313,0.004776
34,62,487,0.007431
34,63,181,0.002762
34,64,601,0.009171
34,65,470,0.007172
34,66,377,0.005753
34,67,397,0.006058
34,68,369,0.005630
34,69,1269,0.019363
34,70,428,0.006531
34,71,452,0.006897
34,72,425,0.006485
34,73,730,0.011139
34,74,560,0.008545
34,75,542,0.008270
34,76,190,0.002899
34,77,486,0.007416
34,78,754,0.011505
34,79,327,0.004990
34,80,788,0.012024
34,81,561,0.008560
34,82,528,0.008057
34,83,635,0.009689
34,84,378,0.005768
34,85,432,0.006592
34,86,736,0.011230
34,87,825,0.012589
34,88,768,0.011719
34,89,864,0.013184
34,90,797,0.012161
34,91,213,0.003250
34,92,595,0.009079
34,93,212,0.003235
34,94,289,0.004410
34,95,251,0.003830
34,96,307,0.004684
34,97,476,0.007263
34,98,319,0.004868
34,99,551,0.008408
34,100,716,0.010925
34,101,612,0.009338
34,102,191,0.002914
34,103,417,0.006363
34,104,655,0.009995
34,105,439,0.006699
34,106,609,0.009293
34,107,328,0.005005
34,108,398,0.006073
34,109,675,0.010300
34,110,258,0.003937
34,111,471,0.007187
34,112,469,0.007156
34,113,392,0.005981
34,114,614,0.009369
34,115,808,0.012329
34,116,440,0.006714
34,117,367,0.005600
34,118,485,0.007401
34,119,846,0.012909
34,120,343,0.005234
34,121,292,0.004456
34,122,337,0.005142
34,123,662,0.010101
34,124,525,0.008011
34,125,638,0.009735
34,126,276,0.004211
34,127,430,0.006561
35,0,293,0.004471
35,1,291,0.004440
35,2,576,0.008789
35,3,479,0.007309
35,4,1066,0.016266
35,5,725,0.011063
35,6,513,0.007828
35,7,408,0.006226
35,8,217,0.003311
35,9,175,0.002670
35,10,751,0.011459
35,11,338,0.005157
35,12,531,0.008102
35,13,531,0.008102
35,14,671,0.010239
35,15,965,0.014725
35,16,678,0.010345
35,17,406,0.006195
35,18,856,0.013062
35,19,617,0.009415
35,20,438,0.006683
35,21,530,0.008087
35,22,691,0.010544
35,23,833,0.012711
35,24,381,0.005814
35,25,429,0.006546
35,26,246,0.003754
35,27,739,0.011276
35,28,474,0.007233
35,29,912,0.013916
35,30,836,0.012756
35,31,512,0.007812
35,32,542,0.008270
35,33,345,0.005264
35,34,338,0.005157
35,35,525,0.008011
35,36,448,0.006836
35,37,952,0.014526
35,38,362,0.005524
35,39,615,0.009384
35,40,393,0.005997
35,41,480,0.007324
35,42,573,0.008743
35,43,263,0.004013
35,44,629,0.009598
35,45,790,0.012054
35,46,759,0.011581
35,47,411,0.006271
35,48,309,0.004715
35,49,659,0.010056
35,50,363,0.005539
35,51,526,0.008026
35,52,184,0.002808
35,53,248,0.003784
35,54,413,0.006302
35,55,451,0.006882
35,56,316,0.004822
35,57,200,0.003052
35,58,550,0.008392
35,59,184,0.002808
35,60,364,0.005554
35,61,611,0.009323
35,62,474,0.007233
35,63,585,0.008926
35,64,529,0.008072
35,65,498,0.007599
35,66,415,0.006332
35,67,330,0.005035
35,68,736,0.011230
35,69,500,0.007629
35,70,467,0.007126
35,71,1416,0.021606
35,72,286,0.004364
35,73,785,0.011978
35,74,525,0.008011
35,75,250,0.003815
35,76,384,0.005859
35,77,389,0.005936
35,78,229,0.003494
35,79,388,0.005920
35,80,656,0.010010
35,81,785,0.011978
35,82,541,0.008255
35,83,503,0.007675
35,84,464,0.007080
35,85,338,0.005157
35,86,397,0.006058
35,87,579,0.008835
35,88,228,0.003479
35,89,420,0.006409
35,90,477,0.007278
35,91,536,0.008179
35,92,186,0.002838
35,93,836,0.012756
35,94,579,0.008835
35,95,293,0.004471
35,96,420,0.006409
35,97,642,0.009796
35,98,741,0.011307
35,99,300,0.004578
35,100,273,0.004166
35,101,797,0.012161
35,102,568,0.008667
35,103,491,0.007492
35,104,378,0.005768
35,105,432,0.006592
35,106,310,0.004730
35,107,678,0.010345
35,108,535,0.008163
35,109,522,0.007965
35,110,1173,0.017899
35,111,627,0.009567
35,112,286,0.004364
35,113,354,0.005402
35,114,757,0.011551
35,115,848,0.012939
35,116,498,0.007599
35,117,417,0.006363
35,118,681,0.010391
35,119,272,0.004150
35,120,308,0.004700
35,121,440,0.006714
35,122,563,0.008591
35,123,554,0.008453
35,124,559,0.008530
35,125,262,0.003998
35,126,416,0.006348
35,127,519,0.007919
36,0,406,0.006195
36,1,316,0.004822
36,2,586,0.008942
36,3,390,0.005951
36,4,308,0.004700
36,5,700,0.010681
36,6,514,0.007843
36,7,212,0.003235
36,8,573,0.008743
36,9,1007,0.015366
36,10,686,0.010468
36,11,738,0.011261
36,12,774,0.011810
36,13,576,0.008789
36,14,312,0.004761
36,15,723,0.011032
36,16,255,0.003891
36,17,457,0.006973
36,18,593,0.009048
36,19,516,0.007874
36,20,393,0.005997
36,21,244,0.003723
36,22,960,0.014648
36,23,612,0.009338
36,24,362,0.005524
36,25,287,0.004379
36,26,507,0.007736
36,27,454,0.006927
36,28,493,0.007523
36,29,794,0.012115
36,30,307,0.004684
36,31,524,0.007996
36,32,206,0.003143
36,33,429,0.006546
36,34,837,0.012772
36,35,232,0.003540
36,36,608,0.009277
36,37,173,0.002640
36,38,426,0.006500
36,39,430,0.006561
36,40,379,0.005783
36,41,560,0.008545
36,42,586,0.008942
36,43,696,0.010620
36,44,384,0.005859
36,45,342,0.005219
36,46,787,0.012009
36,47,349,0.005325
36,48,584,0.008911
36,49,350,0.005341
36,50,543,0.008286
36,51,1348,0.020569
36,52,637,0.009720
36,53,1282,0.019562
36,54,319,0.004868
36,55,482,0.007355
36,56,493,0.007523
36,57,428,0.006531
36,58,639,0.009750
36,59,623,0.009506
36,60,504,0.007690
36,61,906,0.013824
36,62,317,0.004837
36,63,361,0.005508
36,64,126,0.001923
36,65,490,0.007477
36,66,416,0.006348
36,67,559,0.008530
36,68,331,0.005051
36,69,299,0.004562
36,70,474,0.007233
36,71,347,0.005295
36,72,515,0.007858
36,73,487,0.007431
36,74,424,0.006470
36,75,675,0.010300
36,76,528,0.008057
36,77,376,0.005737
36,78,322,0.004913
36,79,561,0.008560
36,80,313,0.004776
36,81,727,0.011093
36,82,544,0.008301
36,83,400,0.006104
36,84,272,0.004150
36,85,263,0.004013
36,86,787,0.012009
36,87,152,0.002319
36,88,298,0.004547
36,89,1272,0.019409
36,90,689,0.010513
36,91,920,0.014038
36,92,593,0.009048
36,93,479,0.007309
36,94,611,0.009323
36,95,165,0.002518
36,96,257,0.003922
36,97,336,0.005127
36,98,274,0.004181
36,99,300,0.004578
36,100,1268,0.019348
36,101,304,0.004639
36,102,702,0.010712
36,103,172,0.002625
36,104,156,0.002380
36,105,503,0.007675
36,106,617,0.009415
36,107,226,0.003448
36,108,378,0.005768
36,109,810,0.012360
36,110,778,0.011871
36,111,291,0.004440
36,112,961,0.014664
36,113,846,0.012909
36,114,720,0.010986
36,115,241,0.003677
36,116,358,0.005463
36,117,543,0.008286
36,118,427,0.006516
36,119,470,0.007172
36,120,558,0.008514
36,121,498,0.007599
36,122,717,0.010941
36,123,910,0.013885
36,124,536,0.008179
36,125,371,0.005661
36,126,487,0.007431
36,127,287,0.004379
37,0,482,0.007355
37,1,790,0.012054
37,2,165,0.002518
37,3,155,0.002365
37,4,742,0.011322
37,5,362,0.005524
37,6,458,0.006989
37,7,594,0.009064
37,8,940,0.014343
37,9,706,0.010773
37,10,741,0.011307
37,11,652,0.009949
37,12,350,0.005341
37,13,571,0.008713
37,14,892,0.013611
37,15,102,0.001556
37,16,193,0.002945
37,17,608,0.009277
37,18,270,0.004120
37,19,442,0.006744
37,20,551,0.008408
37,21,904,0.013794
37,22,455,0.006943
37,23,495,0.007553
37,24,820,0.012512
37,25,351,0.005356
37,26,225,0.003433
37,27,851,0.012985
37,28,139,0.002121
37,29,215,0.003281
37,30,255,0.003891
37,31,657,0.010025
37,32,673,0.010269
37,33,574,0.008759
37,34,731,0.011154
37,35,340,0.005188
37,36,420,0.006409
37,37,352,0.005371
37,38,442,0.006744
37,39,453,0.006912
37,40,258,0.003937
37,41,528,0.008057
37,42,633,0.009659
37,43,642,0.009796
37,44,417,0.006363
37,45,527,0.008041
37,46,405,0.006180
37,47,188,0.002869
37,48,765,0.011673
37,49,776,0.011841
37,50,335,0.005112
37,51,439,0.006699
37,52,518,0.007904
37,53,551,0.008408
37,54,516,0.007874
37,55,472,0.007202
37,56,535,0.008163
37,57,244,0.003723
37,58,509,0.007767
37,59,452,0.006897
37,60,1013,0.015457
37,61,953,0.014542
37,62,616,0.009399
37,63,421,0.006424
37,64,680,0.010376
37,65,318,0.004852
37,66,848,0.012939
37,67,399,0.006088
37,68,468,0.007141
37,69,284,0.004333
37,70,318,0.004852
37,71,953,0.014542
37,72,614,0.009369
37,73,443,0.006760
37,74,703,0.010727
37,75,423,0.006454
37,76,511,0.007797
37,77,589,0.008987
37,78,341,0.005203
37,79,469,0.007156
37,80,685,0.010452
37,81,598,0.009125
37,82,253,0.003860
37,83,450,0.006866
37,84,1184,0.018066
37,85,274,0.004181
37,86,378,0.005768
37,87,519,0.007919
37,88,269,0.004105
37,89,188,0.002869
37,90,792,0.012085
37,91,194,0.002960
37,92,744,0.011353
37,93,547,0.008347
37,94,551,0.008408
37,95,1037,0.015823
37,96,271,0.004135
37,97,203,0.003098
37,98,787,0.012009
37,99,741,0.011307
37,100,544,0.008301
37,101,302,0.004608
37,102,255,0.003891
37,103,419,0.006393
37,104,601,0.009171
37,105,265,0.004044
37,106,763,0.011642
37,107,357,0.005447
37,108,416,0.006348
37,109,738,0.011261
37,110,415,0.006332
37,111,765,0.011673
37,112,558,0.008514
37,113,331,0.005051
37,114,308,0.004700
37,115,548,0.008362
37,116,662,0.010101
37,117,733,0.011185
37,118,787,0.012009
37,119,650,0.009918
37,120,635,0.009689
37,121,436,0.006653
37,122,482,0.007355
37,123,288,0.004395
37,124,359,0.005478
37,125,484,0.007385
37,126,426,0.006500
37,127,152,0.002319
38,0,272,0.004150
38,1,918,0.014008
38,2,273,0.004166
38,3,844,0.012878
38,4,582,0.008881
38,5,646,0.009857
38,6,617,0.009415
38,7,416,0.006348
38,8,321,0.004898
38,9,404,0.006165
38,10,677,0.010330
38,11,276,0.004211
38,12,499,0.007614
38,13,593,0.009048
38,14,635,0.009689
38,15,588,0.008972
38,16,238,0.003632
38,17,1019,0.015549
38,18,364,0.005554
38,19,713,0.010880
38,20,488,0.007446
38,21,453,0.006912
38,22,359,0.005478
38,23,899,0.013718
38,24,416,0.006348
38,25,263,0.004013
38,26,244,0.003723
38,27,363,0.005539
38,28,787,0.012009
38,29,420,0.006409
38,30,505,0.007706
38,31,737,0.011246
38,32,665,0.010147
38,33,747,0.011398
38,34,647,0.009872
38,35,496,0.007568
38,36,527,0.008041
38,37,632,0.009644
38,38,576,0.008789
38,39,487,0.007431
38,40,409,0.006241
38,41,296,0.004517
38,42,452,0.006897
38,43,346,0.005280
38,44,235,0.003586
38,45,709,0.010818
38,46,287,0.004379
38,47,717,0.010941
38,48,660,0.010071
38,49,499,0.007614
38,50,914,0.013947
38,51,236,0.003601
38,52,509,0.007767
38,53,812,0.012390
38,54,578,0.008820
38,55,353,0.005386
38,56,287,0.004379
38,57,553,0.008438
38,58,218,0.003326
38,59,706,0.010773
38,60,647,0.009872
38,61,146,0.002228
38,62,352,0.005371
38,63,841,0.012833
38,64,699,0.010666
38,65,311,0.004745
38,66,277,0.004227
38,67,285,0.004349
38,68,360,0.005493
38,69,594,0.009064
38,70,549,0.008377
38,71,937,0.014297
38,72,615,0.009384
38,73,756,0.011536
38,74,465,0.007095
38,75,407,0.006210
38,76,352,0.005371
38,77,270,0.004120
38,78,87,0.001328
38,79,992,0.015137
38,80,317,0.004837
38,81,756,0.011536
38,82,384,0.005859
38,83,620,0.009460
38,84,667,0.010178
38,85,804,0.012268
38,86,344,0.005249
38,87,537,0.008194
38,88,403,0.006149
38,89,677,0.010330
38,90,815,0.012436
38,91,305,0.004654
38,92,657,0.010025
38,93,394,0.006012
38,94,226,0.003448
38,95,289,0.004410
38,96,604,0.009216
38,97,547,0.008347
38,98,351,0.005356
38,99,421,0.006424
38,100,515,0.007858
38,101,704,0.010742
38,102,297,0.004532
38,103,284,0.004333
38,104,791,0.012070
38,105,412,0.006287
38,106,279,0.004257
38,107,816,0.012451
38,108,584,0.008911
38,109,325,0.004959
38,110,484,0.007385
38,111,521,0.007950
38,112,313,0.004776
38,113,298,0.004547
38,114,870,0.013275
38,115,588,0.008972
38,116,493,0.007523
38,117,543,0.008286
38,118,394,0.006012
38,119,534,0.008148
38,120,707,0.010788
38,121,423,0.006454
38,122,675,0.010300
38,123,172,0.002625
38,124,500,0.007629
38,125,687,0.010483
38,126,532,0.008118
38,127,353,0.005386
39,0,635,0.009689
39,1,947,0.014450
39,2,154,0.002350
39,3,552,0.008423
39,4,529,0.008072
39,5,515,0.007858
39,6,300,0.004578
39,7,838,0.012787
39,8,301,0.004593
39,9,441,0.006729
39,10,697,0.010635
39,11,706,0.010773
39,12,945,0.014420
39,13,297,0.004532
39,14,363,0.005539
39,15,655,0.009995
39,16,659,0.010056
39,17,478,0.007294
39,18,134,0.002045
39,19,486,0.007416
39,20,456,0.006958
39,21,469,0.007156
39,22,232,0.003540
39,23,833,0.012711
39,24,259,0.003952
39,25,614,0.009369
39,26,349,0.005325
39,27,860,0.013123
39,28,328,0.005005
39,29,332,0.005066
39,30,716,0.010925
39,31,291,0.004440
39,32,618,0.009430
39,33,416,0.006348
39,34,495,0.007553
39,35,800,0.012207
39,36,697,0.010635
39,37,404,0.006165
39,38,582,0.008881
39,39,626,0.009552
39,40,678,0.010345
39,41,391,0.005966
39,42,953,0.014542
39,43,358,0.005463
39,44,284,0.004333
39,45,453,0.006912
39,46,502,0.007660
39,47,1210,0.018463
39,48,310,0.004730
39,49,461,0.007034
39,50,399,0.006088
39,51,470,0.007172
39,52,432,0.006592
39,53,822,0.012543
39,54,316,0.004822
39,55,366,0.005585
39,56,617,0.009415
39,57,482,0.007355
39,58,770,0.011749
39,59,401,0.006119
39,60,696,0.010620
39,61,370,0.005646
39,62,355,0.005417
39,63,747,0.011398
39,64,573,0.008743
39,65,509,0.007767
39,66,291,0.004440
39,67,397,0.006058
39,68,559,0.008530
39,69,348,0.005310
39,70,286,0.004364
39,71,324,0.004944
39,72,506,0.007721
39,73,282,0.004303
39,74,734,0.011200
39,75,236,0.003601
39,76,473,0.007217
39,77,534,0.008148
39,78,355,0.005417
39,79,509,0.007767
39,80,185,0.002823
39,81,390,0.005951
39,82,668,0.010193
39,83,538,0.008209
39,84,456,0.006958
39,85,576,0.008789
39,86,403,0.006149
39,87,427,0.006516
39,88,658,0.010040
39,89,411,0.006271
39,90,358,0.005463
39,91,702,0.010712
39,92,1097,0.016739
39,93,188,0.002869
39,94,824,0.012573
39,95,867,0.013229
39,96,368,0.005615
39,97,290,0.004425
39,98,334,0.005096
39,99,602,0.009186
39,100,346,0.005280
39,101,222,0.003387
39,102,218,0.003326
39,103,597,0.009109
39,104,483,0.007370
39,105,483,0.007370
39,106,429,0.006546
39,107,809,0.012344
39,108,407,0.006210
39,109,489,0.007462
39,110,793,0.012100
39,111,559,0.008530
39,112,259,0.003952
39,113,968,0.014771
39,114,327,0.004990
39,115,243,0.003708
39,116,645,0.009842
39,117,251,0.003830
39,118,387,0.005905
39,119,732,0.011169
39,120,590,0.009003
39,121,534,0.008148
39,122,808,0.012329
39,123,385,0.005875
39,124,301,0.004593
39,125,780,0.011902
39,126,869,0.013260
39,127,512,0.007812
40,0,612,0.009338
40,1,582,0.008881
40,2,430,0.006561
40,3,153,0.002335
40,4,621,0.009476
40,5,403,0.006149
40,6,545,0.008316
40,7,441,0.006729
40,8,751,0.011459
40,9,577,0.008804
40,10,490,0.007477
40,11,174,0.002655
40,12,386,0.005890
40,13,818,0.012482
40,14,940,0.014343
40,15,684,0.010437
40,16,459,0.007004
40,17,414,0.006317
40,18,191,0.002914
40,19,297,0.004532
40,20,564,0.008606
40,21,399,0.006088
40,22,569,0.008682
40,23,583,0.008896
40,24,815,0.012436
40,25,777,0.011856
40,26,624,0.009521
40,27,695,0.010605
40,28,806,0.012299
40,29,643,0.009811
40,30,325,0.004959
40,31,478,0.007294
40,32,602,0.009186
40,33,925,0.014114
40,34,482,0.007355
40,35,166,0.002533
40,36,284,0.004333
40,37,959,0.014633
40,38,192,0.002930
40,39,484,0.007385
40,40,381,0.005814
40,41,434,0.006622
40,42,914,0.013947
40,43,337,0.005142
40,44,259,0.003952
40,45,392,0.005981
40,46,400,0.006104
40,47,567,0.008652
40,48,397,0.006058
40,49,355,0.005417
40,50,501,0.007645
40,51,442,0.006744
40,52,309,0.004715
40,53,303,0.004623
40,54,493,0.007523
40,55,662,0.010101
40,56,468,0.007141
40,57,312,0.004761
40,58,319,0.004868
40,59,365,0.005569
40,60,372,0.005676
40,61,1038,0.015839
40,62,637,0.009720
40,63,435,0.006638
40,64,239,0.003647
40,65,767,0.011703
40,66,522,0.007965
40,67,917,0.013992
40,68,828,0.012634
40,69,417,0.006363
40,70,628,0.009583
40,71,168,0.002563
40,72,455,0.006943
40,73,474,0.007233
40,74,419,0.006393
40,75,328,0.005005
40,76,368,0.005615
40,77,186,0.002838
40,78,808,0.012329
40,79,246,0.003754
40,80,294,0.004486
40,81,1131,0.017258
40,82,352,0.005371
40,83,797,0.012161
40,84,795,0.012131
40,85,323,0.004929
40,86,410,0.006256
40,87,224,0.003418
40,88,596,0.009094
40,89,1012,0.015442
40,90,657,0.010025
40,91,181,0.002762
40,92,1102,0.016815
40,93,447,0.006821
40,94,718,0.010956
40,95,522,0.007965
40,96,446,0.006805
40,97,771,0.011765
40,98,969,0.014786
40,99,611,0.009323
40,100,823,0.012558
40,101,299,0.004562
40,102,419,0.006393
40,103,399,0.006088
40,104,313,0.004776
40,105,653,0.009964
40,106,415,0.006332
40,107,341,0.005203
40,108,506,0.007721
40,109,347,0.005295
40,110,168,0.002563
40,111,417,0.006363
40,112,197,0.003006
40,113,845,0.012894
40,114,647,0.009872
40,115,542,0.008270
40,116,492,0.007507
40,117,316,0.004822
40,118,783,0.011948
40,119,449,0.006851
40,120,660,0.010071
40,121,500,0.007629
40,122,620,0.009460
40,123,531,0.008102
40,124,260,0.003967
40,125,272,0.004150
40,126,514,0.007843
40,127,248,0.003784
41,0,379,0.005783
41,1,428,0.006531
41,2,568,0.008667
41,3,467,0.007126
41,4,698,0.010651
41,5,475,0.007248
41,6,209,0.003189
41,7,354,0.005402
41,8,224,0.003418
41,9,630,0.009613
41,10,873,0.013321
41,11,409,0.006241
41,12,656,0.010010
41,13,837,0.012772
41,14,441,0.006729
41,15,725,0.011063
41,16,758,0.011566
41,17,678,0.010345
41,18,691,0.010544
41,19,586,0.008942
41,20,196,0.002991
41,21,261,0.003983
41,22,342,0.005219
41,23,365,0.005569
41,24,755,0.011520
41,25,630,0.009613
41,26,544,0.008301
41,27,643,0.009811
41,28,456,0.006958
41,29,392,0.005981
41,30,385,0.005875
41,31,460,0.007019
41,32,262,0.003998
41,33,409,0.006241
41,34,757,0.011551
41,35,167,0.002548
41,36,359,0.005478
41,37,1276,0.019470
41,38,636,0.009705
41,39,454,0.006927
41,40,363,0.005539
41,41,403,0.006149
41,42,935,0.014267
41,43,774,0.011810
41,44,807,0.012314
41,45,723,0.011032
41,46,426,0.006500
41,47,523,0.007980
41,48,228,0.003479
41,49,422,0.006439
41,50,119,0.001816
41,51,370,0.005646
41,52,198,0.003021
41,53,175,0.002670
41,54,586,0.008942
41,55,810,0.012360
41,56,784,0.011963
41,57,222,0.003387
41,58,203,0.003098
41,59,436,0.006653
41,60,523,0.007980
41,61,391,0.005966
41,62,547,0.008347
41,63,159,0.002426
41,64,349,0.005325
41,65,529,0.008072
41,66,786,0.011993
41,67,526,0.008026
41,68,511,0.007797
41,69,450,0.006866
41,70,715,0.010910
41,71,327,0.004990
41,72,489,0.007462
41,73,402,0.006134
41,74,416,0.006348
41,75,439,0.006699
41,76,200,0.003052
41,77,612,0.009338
41,78,884,0.013489
41,79,795,0.012131
41,80,973,0.014847
41,81,151,0.002304
41,82,410,0.006256
41,83,499,0.007614
41,84,586,0.008942
41,85,447,0.006821
41,86,522,0.007965
41,87,337,0.005142
41,88,764,0.011658
41,89,306,0.004669
41,90,518,0.007904
41,91,1072,0.016357
41,92,540,0.008240
41,93,399,0.006088
41,94,808,0.012329
41,95,705,0.010757
41,96,480,0.007324
41,97,455,0.006943
41,98,614,0.009369
41,99,925,0.014114
41,100,431,0.006577
41,101,627,0.009567
41,102,349,0.005325
41,103,142,0.002167
41,104,212,0.003235
41,105,588,0.008972
41,106,312,0.004761
41,107,421,0.006424
41,108,720,0.010986
41,109,314,0.004791
41,110,396,0.006042
41,111,457,0.006973
41,112,256,0.003906
41,113,480,0.007324
41,114,607,0.009262
41,115,232,0.003540
41,116,372,0.005676
41,117,547,0.008347
41,118,616,0.009399
41,119,521,0.007950
41,120,1084,0.016541
41,121,699,0.010666
41,122,671,0.010239
41,123,375,0.005722
41,124,629,0.009598
41,125,653,0.009964
41,126,520,0.007935
41,127,402,0.006134
42,0,808,0.012329
42,1,409,0.006241
42,2,337,0.005142
42,3,601,0.009171
42,4,631,0.009628
42,5,435,0.006638
42,6,407,0.006210
42,7,605,0.009232
42,8,397,0.006058
42,9,412,0.006287
42,10,455,0.006943
42,11,239,0.003647
42,12,325,0.004959
42,13,268,0.004089
42,14,713,0.010880
42,15,619,0.009445
42,16,217,0.003311
42,17,326,0.004974
42,18,488,0.007446
42,19,1042,0.015900
42,20,542,0.008270
42,21,410,0.006256
42,22,734,0.011200
42,23,494,0.007538
42,24,445,0.006790
42,25,222,0.003387
42,26,760,0.011597
42,27,838,0.012787
42,28,560,0.008545
42,29,586,0.008942
42,30,322,0.004913
42,31,638,0.009735
42,32,438,0.006683
42,33,384,0.005859
42,34,921,0.014053
42,35,635,0.009689
42,36,834,0.012726
42,37,620,0.009460
42,38,291,0.004440
42,39,197,0.003006
42,40,327,0.004990
42,41,628,0.009583
42,42,447,0.006821
42,43,463,0.007065
42,44,524,0.007996
42,45,422,0.006439
42,46,390,0.005951
42,47,403,0.006149
42,48,459,0.007004
42,49,263,0.004013
42,50,627,0.009567
42,51,455,0.006943
42,52,528,0.008057
42,53,392,0.005981
42,54,747,0.011398
42,55,209,0.003189
42,56,407,0.006210
42,57,680,0.010376
42,58,587,0.008957
42,59,524,0.007996
42,60,292,0.004456
42,61,283,0.004318
42,62,545,0.008316
42,63,494,0.007538
42,64,59,0.000900
42,65,857,0.013077
42,66,356,0.005432
42,67,429,0.006546
42,68,399,0.006088
42,69,382,0.005829
42,70,443,0.006760
42,71,510,0.007782
42,72,907,0.013840
42,73,501,0.007645
42,74,633,0.009659
42,75,814,0.012421
42,76,490,0.007477
42,77,431,0.006577
42,78,865,0.013199
42,79,362,0.005524
42,80,443,0.006760
42,81,467,0.007126
42,82,550,0.008392
42,83,907,0.013840
42,84,983,0.014999
42,85,685,0.010452
42,86,464,0.007080
42,87,1008,0.015381
42,88,335,0.005112
42,89,512,0.007812
42,90,993,0.015152
42,91,552,0.008423
42,92,250,0.003815
42,93,541,0.008255
42,94,572,0.008728
42,95,753,0.011490
42,96,277,0.004227
42,97,903,0.013779
42,98,301,0.004593
42,99,669,0.010208
42,100,325,0.004959
42,101,377,0.005753
42,102,588,0.008972
42,103,382,0.005829
42,104,471,0.007187
42,105,808,0.012329
42,106,474,0.007233
42,107,287,0.004379
42,108,755,0.011520
42,109,470,0.007172
42,110,195,0.002975
42,111,548,0.008362
42,112,480,0.007324
42,113,334,0.005096
42,114,562,0.008575
42,115,504,0.007690
42,116,449,0.006851
42,117,422,0.006439
42,118,221,0.003372
42,119,622,0.009491
42,120,568,0.008667
42,121,300,0.004578
42,122,594,0.009064
42,123,928,0.014160
42,124,304,0.004639
42,125,605,0.009232
42,126,172,0.002625
42,127,487,0.007431
43,0,889,0.013565
43,1,270,0.004120
43,2,273,0.004166
43,3,590,0.009003
43,4,563,0.008591
43,5,384,0.005859
43,6,604,0.009216
43,7,343,0.005234
43,8,615,0.009384
43,9,863,0.013168
43,10,284,0.004333
43,11,756,0.011536
43,12,818,0.012482
43,13,421,0.006424
43,14,805,0.012283
43,15,420,0.006409
43,16,635,0.009689
43,17,1006,0.015350
43,18,590,0.009003
43,19,571,0.008713
43,20,339,0.005173
43,21,247,0.003769
43,22,458,0.006989
43,23,350,0.005341
43,24,605,0.009232
43,25,176,0.002686
43,26,677,0.010330
43,27,333,0.005081
43,28,328,0.005005
43,29,991,0.015121
43,30,306,0.004669
43,31,292,0.004456
43,32,984,0.015015
43,33,266,0.004059
43,34,692,0.010559
43,35,653,0.009964
43,36,318,0.004852
43,37,689,0.010513
43,38,290,0.004425
43,39,418,0.006378
43,40,749,0.011429
43,41,674,0.010284
43,42,513,0.007828
43,43,511,0.007797
43,44,187,0.002853
43,45,456,0.006958
43,46,578,0.008820
43,47,360,0.005493
43,48,279,0.004257
43,49,900,0.013733
43,50,544,0.008301
43,51,528,0.008057
43,52,188,0.002869
43,53,748,0.011414
43,54,513,0.007828
43,55,437,0.006668
43,56,287,0.004379
43,57,528,0.008057
43,58,460,0.007019
43,59,637,0.009720
43,60,593,0.009048
43,61,745,0.011368
43,62,476,0.007263
43,63,901,0.013748
43,64,274,0.004181
43,65,494,0.007538
43,66,339,0.005173
43,67,393,0.005997
43,68,437,0.006668
43,69,919,0.014023
43,70,161,0.002457
43,71,328,0.005005
43,72,353,0.005386
43,73,473,0.007217
43,74,171,0.002609
43,75,712,0.010864
43,76,656,0.010010
43,77,366,0.005585
43,78,340,0.005188
43,79,322,0.004913
43,80,826,0.012604
43,81,806,0.012299
43,82,352,0.005371
43,83,996,0.015198
43,84,659,0.010056
43,85,486,0.007416
43,86,478,0.007294
43,87,528,0.008057
43,88,836,0.012756
43,89,178,0.002716
43,90,730,0.011139
43,91,616,0.009399
43,92,521,0.007950
43,93,324,0.004944
43,94,507,0.007736
43,95,372,0.005676
43,96,414,0.006317
43,97,225,0.003433
43,98,506,0.007721
43,99,162,0.002472
43,100,443,0.006760
43,101,231,0.003525
43,102,433,0.006607
43,103,439,0.006699
43,104,607,0.009262
43,105,327,0.004990
43,106,262,0.003998
43,107,400,0.006104
43,108,662,0.010101
43,109,696,0.010620
43,110,747,0.011398
43,111,712,0.010864
43,112,693,0.010574
43,113,266,0.004059
43,114,1054,0.016083
43,115,588,0.008972
43,116,384,0.005859
43,117,283,0.004318
43,118,481,0.007339
43,119,246,0.003754
43,120,415,0.006332
43,121,710,0.010834
43,122,550,0.008392
43,123,675,0.010300
43,124,72,0.001099
43,125,609,0.009293
43,126,864,0.013184
43,127,523,0.007980
44,0,520,0.007935
44,1,369,0.005630
44,2,520,0.007935
44,3,632,0.009644
44,4,311,0.004745
44,5,484,0.007385
44,6,497,0.007584
44,7,364,0.005554
44,8,298,0.004547
44,9,1001,0.015274
44,10,484,0.007385
44,11,251,0.003830
44,12,472,0.007202
44,13,595,0.009079
44,14,628,0.009583
44,15,778,0.011871
44,16,438,0.006683
44,17,736,0.011230
44,18,718,0.010956
44,19,669,0.010208
44,20,425,0.006485
44,21,877,0.013382
44,22,378,0.005768
44,23,411,0.006271
44,24,429,0.006546
44,25,486,0.007416
44,26,709,0.010818
44,27,562,0.008575
44,28,386,0.005890
44,29,668,0.010193
44,30,346,0.005280
44,31,376,0.005737
44,32,523,0.007980
44,33,591,0.009018
44,34,403,0.006149
44,35,335,0.005112
44,36,305,0.004654
44,37,381,0.005814
44,38,442,0.006744
44,39,370,0.005646
44,40,443,0.006760
44,41,407,0.006210
44,42,563,0.008591
44,43,1058,0.016144
44,44,431,0.006577
44,45,235,0.003586
44,46,622,0.009491
44,47,806,0.012299
44,48,416,0.006348
44,49,525,0.008011
44,50,729,0.011124
44,51,408,0.006226
44,52,400,0.006104
44,53,198,0.003021
44,54,339,0.005173
44,55,747,0.011398
44,56,892,0.013611
44,57,977,0.014908
44,58,376,0.005737
44,59,287,0.004379
44,60,394,0.006012
44,61,362,0.005524
44,62,399,0.006088
44,63,550,0.008392
44,64,230,0.003510
44,65,337,0.005142
44,66,615,0.009384
44,67,543,0.008286
44,68,574,0.008759
44,69,246,0.003754
44,70,501,0.007645
44,71,723,0.011032
44,72,415,0.006332
44,73,312,0.004761
44,74,348,0.005310
44,75,712,0.010864
44,76,728,0.011108
44,77,278,0.004242
44,78,341,0.005203
44,79,502,0.007660
44,80,767,0.011703
44,81,834,0.012726
44,82,123,0.001877
44,83,452,0.006897
44,84,354,0.005402
44,85,534,0.008148
44,86,911,0.013901
44,87,521,0.007950
44,88,326,0.004974
44,89,840,0.012817
44,90,727,0.011093
44,91,525,0.008011
44,92,609,0.009293
44,93,416,0.006348
44,94,518,0.007904
44,95,261,0.003983
44,96,798,0.012177
44,97,536,0.008179
44,98,331,0.005051
44,99,890,0.013580
44,100,812,0.012390
44,101,786,0.011993
44,102,500,0.007629
44,103,610,0.009308
44,104,313,0.004776
44,105,384,0.005859
44,106,314,0.004791
44,107,645,0.009842
44,108,395,0.006027
44,109,492,0.007507
44,110,436,0.006653
44,111,547,0.008347
44,112,354,0.005402
44,113,370,0.005646
44,114,306,0.004669
44,115,504,0.007690
44,116,576,0.008789
44,117,210,0.003204
44,118,707,0.010788
44,119,835,0.012741
44,120,320,0.004883
44,121,400,0.006104
44,122,282,0.004303
44,123,662,0.010101
44,124,878,0.013397
44,125,492,0.007507
44,126,162,0.002472
44,127,834,0.012726
45,0,216,0.003296
45,1,627,0.009567
45,2,564,0.008606
45,3,480,0.007324
45,4,427,0.006516
45,5,341,0.005203
45,6,467,0.007126
45,7,718,0.010956
45,8,637,0.009720
45,9,426,0.006500
45,10,329,0.005020
45,11,316,0.004822
45,12,420,0.006409
45,13,650,0.009918
45,14,641,0.009781
45,15,570,0.008698
45,16,379,0.005783
45,17,371,0.005661
45,18,436,0.006653
45,19,689,0.010513
45,20,265,0.004044
45,21,308,0.004700
45,22,549,0.008377
45,23,270,0.004120
45,24,728,0.011108
45,25,811,0.012375
45,26,389,0.005936
45,27,645,0.009842
45,28,313,0.004776
45,29,305,0.004654
45,30,540,0.008240
45,31,883,0.013474
45,32,728,0.011108
45,33,1388,0.021179
45,34,1299,0.019821
45,35,609,0.009293
45,36,542,0.008270
45,37,301,0.004593
45,38,551,0.008408
45,39,448,0.006836
45,40,600,0.009155
45,41,246,0.003754
45,42,461,0.007034
45,43,205,0.003128
45,44,734,0.011200
45,45,188,0.002869
45,46,1128,0.017212
45,47,834,0.012726
45,48,435,0.006638
45,49,608,0.009277
45,50,1057,0.016129
45,51,172,0.002625
45,52,659,0.010056
45,53,999,0.015244
45,54,711,0.010849
45,55,615,0.009384
45,56,496,0.007568
45,57,329,0.005020
45,58,463,0.007065
45,59,509,0.007767
45,60,621,0.009476
45,61,608,0.009277
45,62,684,0.010437
45,63,483,0.007370
45,64,548,0.008362
45,65,540,0.008240
45,66,401,0.006119
45,67,381,0.005814
45,68,257,0.003922
45,69,280,0.004272
45,70,246,0.003754
45,71,535,0.008163
45,72,199,0.003036
45,73,543,0.008286
45,74,240,0.003662
45,75,313,0.004776
45,76,492,0.007507
45,77,494,0.007538
45,78,667,0.010178
45,79,571,0.008713
45,80,367,0.005600
45,81,446,0.006805
45,82,670,0.010223
45,83,513,0.007828
45,84,713,0.010880
45,85,321,0.004898
45,86,352,0.005371
45,87,270,0.004120
45,88,708,0.010803
45,89,905,0.013809
45,90,426,0.006500
45,91,383,0.005844
45,92,286,0.004364
45,93,750,0.011444
45,94,433,0.006607
45,95,539,0.008224
45,96,551,0.008408
45,97,258,0.003937
45,98,195,0.002975
45,99,880,0.013428
45,100,805,0.012283
45,101,768,0.011719
45,102,426,0.006500
45,103,305,0.004654
45,104,464,0.007080
45,105,329,0.005020
45,106,569,0.008682
45,107,465,0.007095
45,108,414,0.006317
45,109,549,0.008377
45,110,454,0.006927
45,111,328,0.005005
45,112,337,0.005142
45,113,480,0.007324
45,114,424,0.006470
45,115,703,0.010727
45,116,551,0.008408
45,117,604,0.009216
45,118,270,0.004120
45,119,460,0.007019
45,120,292,0.004456
45,121,383,0.005844
45,122,619,0.009445
45,123,358,0.005463
45,124,398,0.006073
45,125,502,0.007660
45,126,389,0.005936
45,127,796,0.012146
46,0,326,0.004974
46,1,423,0.006454
46,2,757,0.011551
46,3,469,0.007156
46,4,407,0.006210
46,5,921,0.014053
46,6,533,0.008133
46,7,770,0.011749
46,8,605,0.009232
46,9,575,0.008774
46,10,777,0.011856
46,11,593,0.009048
46,12,354,0.005402
46,13,487,0.007431
46,14,441,0.006729
46,15,748,0.011414
46,16,636,0.009705
46,17,549,0.008377
46,18,490,0.007477
46,19,509,0.007767
46,20,730,0.011139
46,21,914,0.013947
46,22,507,0.007736
46,23,306,0.004669
46,24,247,0.003769
46,25,275,0.004196
46,26,924,0.014099
46,27,234,0.003571
46,28,370,0.005646
46,29,488,0.007446
46,30,316,0.004822
46,31,474,0.007233
46,32,85,0.001297
46,33,561,0.008560
46,34,524,0.007996
46,35,716,0.010925
46,36,940,0.014343
46,37,153,0.002335
46,38,980,0.014954
46,39,678,0.010345
46,40,326,0.004974
46,41,754,0.011505
46,42,490,0.007477
46,43,300,0.004578
46,44,393,0.005997
46,45,271,0.004135
46,46,630,0.009613
46,47,441,0.006729
46,48,779,0.011887
46,49,412,0.006287
46,50,388,0.005920
46,51,281,0.004288
46,52,879,0.013412
46,53,402,0.006134
46,54,771,0.011765
46,55,775,0.011826
46,56,583,0.008896
46,57,511,0.007797
46,58,403,0.006149
46,59,470,0.007172
46,60,599,0.009140
46,61,643,0.009811
46,62,775,0.011826
46,63,652,0.009949
46,64,472,0.007202
46,65,294,0.004486
46,66,363,0.005539
46,67,428,0.006531
46,68,601,0.009171
46,69,698,0.010651
46,70,326,0.004974
46,71,402,0.006134
46,72,166,0.002533
46,73,163,0.002487
46,74,615,0.009384
46,75,1186,0.018097
46,76,304,0.004639
46,77,301,0.004593
46,78,296,0.004517
46,79,452,0.006897
46,80,200,0.003052
46,81,1068,0.016296
46,82,424,0.006470
46,83,802,0.012238
46,84,232,0.003540
46,85,434,0.006622
46,86,688,0.010498
46,87,144,0.002197
46,88,234,0.003571
46,89,530,0.008087
46,90,976,0.014893
46,91,460,0.007019
46,92,286,0.004364
46,93,469,0.007156
46,94,204,0.003113
46,95,681,0.010391
46,96,494,0.007538
46,97,466,0.007111
46,98,288,0.004395
46,99,661,0.010086
46,100,148,0.002258
46,101,584,0.008911
46,102,333,0.005081
46,103,256,0.003906
46,104,335,0.005112
46,105,565,0.008621
46,106,720,0.010986
46,107,1162,0.017731
46,108,559,0.008530
46,109,468,0.007141
46,110,373,0.005692
46,111,541,0.008255
46,112,360,0.005493
46,113,341,0.005203
46,114,510,0.007782
46,115,549,0.008377
46,116,150,0.002289
46,117,494,0.007538
46,118,396,0.006042
46,119,446,0.006805
46,120,900,0.013733
46,121,978,0.014923
46,122,546,0.008331
46,123,771,0.011765
46,124,713,0.010880
46,125,143,0.002182
46,126,501,0.007645
46,127,166,0.002533
47,0,131,0.001999
47,1,439,0.006699
47,2,388,0.005920
47,3,788,0.012024
47,4,455,0.006943
47,5,208,0.003174
47,6,416,0.006348
47,7,351,0.005356
47,8,230,0.003510
47,9,659,0.010056
47,10,482,0.007355
47,11,872,0.013306
47,12,486,0.007416
47,13,945,0.014420
47,14,340,0.005188
47,15,358,0.005463
47,16,355,0.005417
47,17,456,0.006958
47,18,793,0.012100
47,19,554,0.008453
47,20,262,0.003998
47,21,520,0.007935
47,22,133,0.002029
47,23,453,0.006912
47,24,360,0.005493
47,25,875,0.013351
47,26,613,0.009354
47,27,792,0.012085
47,28,454,0.006927
47,29,706,0.010773
47,30,376,0.005737
47,31,527,0.008041
47,32,489,0.007462
47,33,543,0.008286
47,34,480,0.007324
47,35,259,0.003952
47,36,605,0.009232
47,37,480,0.007324
47,38,374,0.005707
47,39,521,0.007950
47,40,655,0.009995
47,41,445,0.006790
47,42,454,0.006927
47,43,721,0.011002
47,44,263,0.004013
47,45,614,0.009369
47,46,401,0.006119
47,47,491,0.007492
47,48,483,0.007370
47,49,1005,0.015335
47,50,129,0.001968
47,51,622,0.009491
47,52,568,0.008667
47,53,496,0.007568
47,54,361,0.005508
47,55,482,0.007355
47,56,925,0.014114
47,57,212,0.003235
47,58,846,0.012909
47,59,705,0.010757
47,60,666,0.010162
47,61,605,0.009232
47,62,855,0.013046
47,63,132,0.002014
47,64,436,0.006653
47,65,590,0.009003
47,66,320,0.004883
47,67,564,0.008606
47,68,1009,0.015396
47,69,497,0.007584
47,70,607,0.009262
47,71,216,0.003296
47,72,768,0.011719
47,73,617,0.009415
47,74,602,0.009186
47,75,309,0.004715
47,76,504,0.007690
47,77,192,0.002930
47,78,915,0.013962
47,79,379,0.005783
47,80,377,0.005753
47,81,502,0.007660
47,82,626,0.009552
47,83,257,0.003922
47,84,242,0.003693
47,85,517,0.007889
47,86,596,0.009094
47,87,822,0.012543
47,88,590,0.009003
47,89,652,0.009949
47,90,380,0.005798
47,91,465,0.007095
47,92,617,0.009415
47,93,597,0.009109
47,94,749,0.011429
47,95,229,0.003494
47,96,338,0.005157
47,97,641,0.009781
47,98,505,0.007706
47,99,236,0.003601
47,100,147,0.002243
47,101,105,0.001602
47,102,305,0.004654
47,103,315,0.004807
47,104,410,0.006256
47,105,616,0.009399
47,106,638,0.009735
47,107,241,0.003677
47,108,390,0.005951
47,109,464,0.007080
47,110,454,0.006927
47,111,695,0.010605
47,112,674,0.010284
47,113,859,0.013107
47,114,564,0.008606
47,115,1216,0.018555
47,116,420,0.006409
47,117,439,0.006699
47,118,631,0.009628
47,119,672,0.010254
47,120,781,0.011917
47,121,804,0.012268
47,122,300,0.004578
47,123,379,0.005783
47,124,630,0.009613
47,125,332,0.005066
47,126,665,0.010147
47,127,263,0.004013
