layer,expert,activation_count,share_of_layer_topk_picks
0,0,2141,0.008167
0,1,1827,0.006969
0,2,1632,0.006226
0,3,2188,0.008347
0,4,1686,0.006432
0,5,2621,0.009998
0,6,2302,0.008781
0,7,2059,0.007854
0,8,1087,0.004147
0,9,726,0.002769
0,10,1013,0.003864
0,11,2194,0.008369
0,12,1990,0.007591
0,13,929,0.003544
0,14,2218,0.008461
0,15,1447,0.005520
0,16,1359,0.005184
0,17,2983,0.011379
0,18,2030,0.007744
0,19,2216,0.008453
0,20,2195,0.008373
0,21,936,0.003571
0,22,2274,0.008675
0,23,4502,0.017174
0,24,1133,0.004322
0,25,2681,0.010227
0,26,2850,0.010872
0,27,2783,0.010616
0,28,1586,0.006050
0,29,1733,0.006611
0,30,1143,0.004360
0,31,1849,0.007053
0,32,3369,0.012852
0,33,1432,0.005463
0,34,712,0.002716
0,35,1995,0.007610
0,36,2829,0.010792
0,37,1781,0.006794
0,38,3905,0.014896
0,39,1800,0.006866
0,40,2051,0.007824
0,41,1203,0.004589
0,42,1737,0.006626
0,43,2808,0.010712
0,44,2754,0.010506
0,45,3269,0.012470
0,46,2703,0.010311
0,47,2361,0.009007
0,48,696,0.002655
0,49,1330,0.005074
0,50,4888,0.018646
0,51,1591,0.006069
0,52,2560,0.009766
0,53,1875,0.007153
0,54,2605,0.009937
0,55,2034,0.007759
0,56,1260,0.004807
0,57,1314,0.005013
0,58,2287,0.008724
0,59,1557,0.005939
0,60,737,0.002811
0,61,2406,0.009178
0,62,3094,0.011803
0,63,2863,0.010921
0,64,2956,0.011276
0,65,913,0.003483
0,66,3783,0.014431
0,67,1815,0.006924
0,68,1248,0.004761
0,69,1563,0.005962
0,70,1436,0.005478
0,71,1105,0.004215
0,72,1947,0.007427
0,73,2130,0.008125
0,74,1781,0.006794
0,75,2172,0.008286
0,76,1906,0.007271
0,77,1434,0.005470
0,78,1520,0.005798
0,79,2487,0.009487
0,80,992,0.003784
0,81,1548,0.005905
0,82,2850,0.010872
0,83,2163,0.008251
0,84,2519,0.009609
0,85,1961,0.007481
0,86,1166,0.004448
0,87,1629,0.006214
0,88,2068,0.007889
0,89,1642,0.006264
0,90,1806,0.006889
0,91,2146,0.008186
0,92,2776,0.010590
0,93,1673,0.006382
0,94,3061,0.011677
0,95,1960,0.007477
0,96,2909,0.011097
0,97,3191,0.012173
0,98,3958,0.015099
0,99,3172,0.012100
0,100,3030,0.011559
0,101,3953,0.015079
0,102,861,0.003284
0,103,1264,0.004822
0,104,2999,0.011440
0,105,614,0.002342
0,106,2157,0.008228
0,107,2143,0.008175
0,108,969,0.003696
0,109,1297,0.004948
0,110,2614,0.009972
0,111,2552,0.009735
0,112,1620,0.006180
0,113,1327,0.005062
0,114,1483,0.005657
0,115,2480,0.009460
0,116,1012,0.003860
0,117,2051,0.007824
0,118,978,0.003731
0,119,2774,0.010582
0,120,2105,0.008030
0,121,3406,0.012993
0,122,629,0.002399
0,123,720,0.002747
0,124,1439,0.005489
0,125,3619,0.013805
0,126,1213,0.004627
0,127,3330,0.012703
1,0,2229,0.008503
1,1,2197,0.008381
1,2,2752,0.010498
1,3,1293,0.004932
1,4,1570,0.005989
1,5,1068,0.004074
1,6,2207,0.008419
1,7,4199,0.016018
1,8,1789,0.006824
1,9,2501,0.009541
1,10,2479,0.009457
1,11,2246,0.008568
1,12,1950,0.007439
1,13,3597,0.013721
1,14,2178,0.008308
1,15,1685,0.006428
1,16,3225,0.012302
1,17,2877,0.010975
1,18,2403,0.009167
1,19,2087,0.007961
1,20,3954,0.015083
1,21,2060,0.007858
1,22,1642,0.006264
1,23,2699,0.010296
1,24,1812,0.006912
1,25,2172,0.008286
1,26,1746,0.006660
1,27,1962,0.007484
1,28,937,0.003574
1,29,1402,0.005348
1,30,1559,0.005947
1,31,1067,0.004070
1,32,1937,0.007389
1,33,2308,0.008804
1,34,1369,0.005222
1,35,4738,0.018074
1,36,2000,0.007629
1,37,2602,0.009926
1,38,1358,0.005180
1,39,1381,0.005268
1,40,3931,0.014996
1,41,2792,0.010651
1,42,1946,0.007423
1,43,1119,0.004269
1,44,4026,0.015358
1,45,1332,0.005081
1,46,1746,0.006660
1,47,2010,0.007668
1,48,2516,0.009598
1,49,2153,0.008213
1,50,2140,0.008163
1,51,4620,0.017624
1,52,2205,0.008411
1,53,2571,0.009808
1,54,1089,0.004154
1,55,2880,0.010986
1,56,885,0.003376
1,57,1569,0.005985
1,58,5184,0.019775
1,59,1517,0.005787
1,60,2135,0.008144
1,61,1199,0.004574
1,62,1295,0.004940
1,63,3474,0.013252
1,64,1752,0.006683
1,65,1981,0.007557
1,66,1860,0.007095
1,67,975,0.003719
1,68,2011,0.007671
1,69,3309,0.012623
1,70,1442,0.005501
1,71,2523,0.009624
1,72,3278,0.012505
1,73,1188,0.004532
1,74,3196,0.012192
1,75,799,0.003048
1,76,2823,0.010769
1,77,1858,0.007088
1,78,1253,0.004780
1,79,2045,0.007801
1,80,1648,0.006287
1,81,916,0.003494
1,82,3202,0.012215
1,83,3434,0.013100
1,84,1385,0.005283
1,85,1838,0.007011
1,86,1760,0.006714
1,87,1919,0.007320
1,88,1115,0.004253
1,89,3154,0.012032
1,90,2155,0.008221
1,91,1326,0.005058
1,92,1753,0.006687
1,93,1501,0.005726
1,94,1995,0.007610
1,95,2843,0.010845
1,96,2785,0.010624
1,97,1244,0.004745
1,98,2281,0.008701
1,99,1391,0.005306
1,100,913,0.003483
1,101,1278,0.004875
1,102,2125,0.008106
1,103,941,0.003590
1,104,1587,0.006054
1,105,2621,0.009998
1,106,1580,0.006027
1,107,1473,0.005619
1,108,1411,0.005383
1,109,805,0.003071
1,110,1898,0.007240
1,111,2094,0.007988
1,112,2223,0.008480
1,113,1349,0.005146
1,114,1344,0.005127
1,115,3021,0.011524
1,116,1363,0.005199
1,117,1816,0.006927
1,118,391,0.001492
1,119,1325,0.005054
1,120,1230,0.004692
1,121,1007,0.003841
1,122,3834,0.014626
1,123,1763,0.006725
1,124,799,0.003048
1,125,2212,0.008438
1,126,2107,0.008038
1,127,2125,0.008106
2,0,3426,0.013069
2,1,1858,0.007088
2,2,1927,0.007351
2,3,1454,0.005547
2,4,1220,0.004654
2,5,1892,0.007217
2,6,1903,0.007259
2,7,1196,0.004562
2,8,1522,0.005806
2,9,2070,0.007896
2,10,2060,0.007858
2,11,1454,0.005547
2,12,631,0.002407
2,13,2133,0.008137
2,14,1661,0.006336
2,15,1207,0.004604
2,16,1585,0.006046
2,17,1058,0.004036
2,18,2155,0.008221
2,19,1601,0.006107
2,20,813,0.003101
2,21,2122,0.008095
2,22,2270,0.008659
2,23,1730,0.006599
2,24,2392,0.009125
2,25,890,0.003395
2,26,3249,0.012394
2,27,2090,0.007973
2,28,2911,0.011105
2,29,856,0.003265
2,30,1489,0.005680
2,31,1645,0.006275
2,32,3946,0.015053
2,33,1910,0.007286
2,34,1127,0.004299
2,35,2396,0.009140
2,36,2029,0.007740
2,37,1400,0.005341
2,38,2741,0.010456
2,39,3109,0.011860
2,40,1635,0.006237
2,41,1207,0.004604
2,42,2478,0.009453
2,43,2245,0.008564
2,44,1713,0.006535
2,45,1287,0.004910
2,46,1708,0.006516
2,47,2382,0.009087
2,48,1948,0.007431
2,49,377,0.001438
2,50,2539,0.009686
2,51,3954,0.015083
2,52,2289,0.008732
2,53,2788,0.010635
2,54,1951,0.007442
2,55,4091,0.015606
2,56,1871,0.007137
2,57,3384,0.012909
2,58,3576,0.013641
2,59,1843,0.007030
2,60,2816,0.010742
2,61,928,0.003540
2,62,2303,0.008785
2,63,888,0.003387
2,64,2422,0.009239
2,65,1512,0.005768
2,66,1753,0.006687
2,67,1291,0.004925
2,68,2131,0.008129
2,69,2617,0.009983
2,70,1372,0.005234
2,71,1710,0.006523
2,72,2196,0.008377
2,73,1539,0.005871
2,74,3218,0.012276
2,75,4295,0.016384
2,76,2161,0.008244
2,77,1884,0.007187
2,78,2083,0.007946
2,79,1319,0.005032
2,80,910,0.003471
2,81,1453,0.005543
2,82,2093,0.007984
2,83,1665,0.006351
2,84,1321,0.005039
2,85,1197,0.004566
2,86,1934,0.007378
2,87,1689,0.006443
2,88,2723,0.010387
2,89,1233,0.004704
2,90,5053,0.019276
2,91,1927,0.007351
2,92,4316,0.016464
2,93,1660,0.006332
2,94,2451,0.009350
2,95,1528,0.005829
2,96,3816,0.014557
2,97,2653,0.010120
2,98,1382,0.005272
2,99,1805,0.006886
2,100,2647,0.010098
2,101,800,0.003052
2,102,1435,0.005474
2,103,1499,0.005718
2,104,577,0.002201
2,105,2206,0.008415
2,106,4265,0.016270
2,107,746,0.002846
2,108,1035,0.003948
2,109,2063,0.007870
2,110,2303,0.008785
2,111,2346,0.008949
2,112,1772,0.006760
2,113,1562,0.005959
2,114,837,0.003193
2,115,4101,0.015644
2,116,3433,0.013096
2,117,1467,0.005596
2,118,1928,0.007355
2,119,1746,0.006660
2,120,1579,0.006023
2,121,1145,0.004368
2,122,4659,0.017773
2,123,1843,0.007030
2,124,2775,0.010586
2,125,1857,0.007084
2,126,2254,0.008598
2,127,3623,0.013821
3,0,1934,0.007378
3,1,3478,0.013268
3,2,1412,0.005386
3,3,2471,0.009426
3,4,3357,0.012806
3,5,2611,0.009960
3,6,1370,0.005226
3,7,1248,0.004761
3,8,1599,0.006100
3,9,1362,0.005196
3,10,2139,0.008160
3,11,1804,0.006882
3,12,1224,0.004669
3,13,1067,0.004070
3,14,1370,0.005226
3,15,1817,0.006931
3,16,2562,0.009773
3,17,2177,0.008305
3,18,2525,0.009632
3,19,3178,0.012123
3,20,2270,0.008659
3,21,886,0.003380
3,22,1680,0.006409
3,23,903,0.003445
3,24,2051,0.007824
3,25,752,0.002869
3,26,1868,0.007126
3,27,2011,0.007671
3,28,2434,0.009285
3,29,1955,0.007458
3,30,4843,0.018475
3,31,1452,0.005539
3,32,2677,0.010212
3,33,1563,0.005962
3,34,1234,0.004707
3,35,1514,0.005775
3,36,935,0.003567
3,37,2068,0.007889
3,38,756,0.002884
3,39,2636,0.010056
3,40,1828,0.006973
3,41,2476,0.009445
3,42,1092,0.004166
3,43,3407,0.012997
3,44,3012,0.011490
3,45,2891,0.011028
3,46,1699,0.006481
3,47,2607,0.009945
3,48,1756,0.006699
3,49,3167,0.012081
3,50,758,0.002892
3,51,1924,0.007339
3,52,3189,0.012165
3,53,2749,0.010487
3,54,2734,0.010429
3,55,2639,0.010067
3,56,2080,0.007935
3,57,1250,0.004768
3,58,2324,0.008865
3,59,1544,0.005890
3,60,1712,0.006531
3,61,1711,0.006527
3,62,1882,0.007179
3,63,1201,0.004581
3,64,2509,0.009571
3,65,2124,0.008102
3,66,2981,0.011372
3,67,4178,0.015938
3,68,2634,0.010048
3,69,1921,0.007328
3,70,946,0.003609
3,71,1900,0.007248
3,72,2034,0.007759
3,73,2132,0.008133
3,74,1980,0.007553
3,75,1566,0.005974
3,76,2752,0.010498
3,77,1999,0.007626
3,78,2923,0.011150
3,79,1311,0.005001
3,80,2234,0.008522
3,81,3029,0.011555
3,82,2993,0.011417
3,83,1091,0.004162
3,84,1776,0.006775
3,85,1660,0.006332
3,86,3134,0.011955
3,87,2279,0.008694
3,88,1421,0.005421
3,89,1859,0.007092
3,90,1521,0.005802
3,91,1795,0.006847
3,92,1521,0.005802
3,93,2132,0.008133
3,94,3100,0.011826
3,95,4539,0.017315
3,96,2767,0.010555
3,97,3979,0.015179
3,98,635,0.002422
3,99,2572,0.009811
3,100,2607,0.009945
3,101,2351,0.008968
3,102,1878,0.007164
3,103,567,0.002163
3,104,1189,0.004536
3,105,1717,0.006550
3,106,2191,0.008358
3,107,1164,0.004440
3,108,1992,0.007599
3,109,1721,0.006565
3,110,1753,0.006687
3,111,1951,0.007442
3,112,2450,0.009346
3,113,1618,0.006172
3,114,1800,0.006866
3,115,1187,0.004528
3,116,1592,0.006073
3,117,1271,0.004848
3,118,2271,0.008663
3,119,4205,0.016041
3,120,3888,0.014832
3,121,1408,0.005371
3,122,2236,0.008530
3,123,1996,0.007614
3,124,694,0.002647
3,125,585,0.002232
3,126,1341,0.005116
3,127,1769,0.006748
4,0,997,0.003803
4,1,1240,0.004730
4,2,1313,0.005009
4,3,1230,0.004692
4,4,1026,0.003914
4,5,1714,0.006538
4,6,2656,0.010132
4,7,2219,0.008465
4,8,1279,0.004879
4,9,1855,0.007076
4,10,1986,0.007576
4,11,715,0.002728
4,12,2874,0.010963
4,13,1418,0.005409
4,14,1011,0.003857
4,15,5143,0.019619
4,16,1163,0.004436
4,17,1718,0.006554
4,18,1387,0.005291
4,19,2906,0.011086
4,20,1688,0.006439
4,21,957,0.003651
4,22,627,0.002392
4,23,1510,0.005760
4,24,4240,0.016174
4,25,1143,0.004360
4,26,3291,0.012554
4,27,1301,0.004963
4,28,859,0.003277
4,29,502,0.001915
4,30,1791,0.006832
4,31,2226,0.008492
4,32,1793,0.006840
4,33,613,0.002338
4,34,1417,0.005405
4,35,2254,0.008598
4,36,1532,0.005844
4,37,2358,0.008995
4,38,955,0.003643
4,39,5277,0.020130
4,40,1150,0.004387
4,41,1861,0.007099
4,42,1969,0.007511
4,43,2823,0.010769
4,44,1599,0.006100
4,45,1959,0.007473
4,46,1850,0.007057
4,47,2408,0.009186
4,48,2474,0.009438
4,49,1955,0.007458
4,50,2762,0.010536
4,51,3461,0.013203
4,52,1386,0.005287
4,53,1409,0.005375
4,54,1408,0.005371
4,55,1453,0.005543
4,56,1448,0.005524
4,57,2080,0.007935
4,58,2758,0.010521
4,59,1375,0.005245
4,60,2337,0.008915
4,61,1576,0.006012
4,62,5197,0.019825
4,63,2140,0.008163
4,64,2652,0.010117
4,65,1291,0.004925
4,66,1272,0.004852
4,67,2080,0.007935
4,68,1346,0.005135
4,69,1916,0.007309
4,70,3166,0.012077
4,71,1371,0.005230
4,72,1307,0.004986
4,73,2059,0.007854
4,74,1695,0.006466
4,75,2474,0.009438
4,76,1900,0.007248
4,77,1133,0.004322
4,78,576,0.002197
4,79,2159,0.008236
4,80,1332,0.005081
4,81,2067,0.007885
4,82,722,0.002754
4,83,1330,0.005074
4,84,2221,0.008472
4,85,2894,0.011040
4,86,3072,0.011719
4,87,3378,0.012886
4,88,1926,0.007347
4,89,2855,0.010891
4,90,2242,0.008553
4,91,1749,0.006672
4,92,1532,0.005844
4,93,1381,0.005268
4,94,3101,0.011829
4,95,1957,0.007465
4,96,1338,0.005104
4,97,1849,0.007053
4,98,4093,0.015614
4,99,909,0.003468
4,100,939,0.003582
4,101,3487,0.013302
4,102,948,0.003616
4,103,3342,0.012749
4,104,1523,0.005810
4,105,2255,0.008602
4,106,3324,0.012680
4,107,3289,0.012547
4,108,2688,0.010254
4,109,1902,0.007256
4,110,1678,0.006401
4,111,1818,0.006935
4,112,3620,0.013809
4,113,2265,0.008640
4,114,3104,0.011841
4,115,502,0.001915
4,116,1675,0.006390
4,117,2253,0.008595
4,118,1606,0.006126
4,119,4452,0.016983
4,120,1106,0.004219
4,121,2535,0.009670
4,122,2846,0.010857
4,123,1310,0.004997
4,124,2788,0.010635
4,125,2273,0.008671
4,126,5799,0.022121
4,127,3450,0.013161
5,0,1793,0.006840
5,1,2800,0.010681
5,2,2190,0.008354
5,3,1460,0.005569
5,4,2514,0.009590
5,5,2309,0.008808
5,6,3478,0.013268
5,7,849,0.003239
5,8,882,0.003365
5,9,1281,0.004887
5,10,2482,0.009468
5,11,2822,0.010765
5,12,1724,0.006577
5,13,2064,0.007874
5,14,1880,0.007172
5,15,774,0.002953
5,16,1233,0.004704
5,17,2759,0.010525
5,18,2646,0.010094
5,19,3027,0.011547
5,20,2464,0.009399
5,21,381,0.001453
5,22,2090,0.007973
5,23,2181,0.008320
5,24,985,0.003757
5,25,3902,0.014885
5,26,1712,0.006531
5,27,2866,0.010933
5,28,2575,0.009823
5,29,2468,0.009415
5,30,3270,0.012474
5,31,1725,0.006580
5,32,2581,0.009846
5,33,2283,0.008709
5,34,1023,0.003902
5,35,1432,0.005463
5,36,1013,0.003864
5,37,801,0.003056
5,38,2294,0.008751
5,39,882,0.003365
5,40,2677,0.010212
5,41,1634,0.006233
5,42,1594,0.006081
5,43,985,0.003757
5,44,2204,0.008408
5,45,1207,0.004604
5,46,2451,0.009350
5,47,2605,0.009937
5,48,745,0.002842
5,49,2295,0.008755
5,50,561,0.002140
5,51,2669,0.010181
5,52,526,0.002007
5,53,1074,0.004097
5,54,3147,0.012005
5,55,1945,0.007420
5,56,2558,0.009758
5,57,440,0.001678
5,58,2592,0.009888
5,59,1290,0.004921
5,60,3597,0.013721
5,61,1901,0.007252
5,62,1744,0.006653
5,63,812,0.003098
5,64,1142,0.004356
5,65,1806,0.006889
5,66,3332,0.012711
5,67,3177,0.012119
5,68,1570,0.005989
5,69,1026,0.003914
5,70,912,0.003479
5,71,3784,0.014435
5,72,2086,0.007957
5,73,1036,0.003952
5,74,3420,0.013046
5,75,2327,0.008877
5,76,2552,0.009735
5,77,2633,0.010044
5,78,2135,0.008144
5,79,1542,0.005882
5,80,735,0.002804
5,81,915,0.003490
5,82,1188,0.004532
5,83,2371,0.009045
5,84,1313,0.005009
5,85,2546,0.009712
5,86,2729,0.010410
5,87,3468,0.013229
5,88,3386,0.012917
5,89,3525,0.013447
5,90,2056,0.007843
5,91,2001,0.007633
5,92,1329,0.005070
5,93,2161,0.008244
5,94,2038,0.007774
5,95,1300,0.004959
5,96,654,0.002495
5,97,3187,0.012157
5,98,2443,0.009319
5,99,1178,0.004494
5,100,1518,0.005791
5,101,2576,0.009827
5,102,1391,0.005306
5,103,2220,0.008469
5,104,2896,0.011047
5,105,2666,0.010170
5,106,1833,0.006992
5,107,1245,0.004749
5,108,1558,0.005943
5,109,2674,0.010201
5,110,1771,0.006756
5,111,3663,0.013973
5,112,3894,0.014854
5,113,3495,0.013332
5,114,2551,0.009731
5,115,1069,0.004078
5,116,3702,0.014122
5,117,2612,0.009964
5,118,1406,0.005363
5,119,1272,0.004852
5,120,1415,0.005398
5,121,2108,0.008041
5,122,899,0.003429
5,123,3054,0.011650
5,124,1640,0.006256
5,125,2454,0.009361
5,126,735,0.002804
5,127,5676,0.021652
6,0,3087,0.011776
6,1,1949,0.007435
6,2,1122,0.004280
6,3,3730,0.014229
6,4,1711,0.006527
6,5,1588,0.006058
6,6,1265,0.004826
6,7,1056,0.004028
6,8,1896,0.007233
6,9,2070,0.007896
6,10,1635,0.006237
6,11,1163,0.004436
6,12,3679,0.014034
6,13,3860,0.014725
6,14,1249,0.004765
6,15,3378,0.012886
6,16,2122,0.008095
6,17,1851,0.007061
6,18,4326,0.016502
6,19,4237,0.016163
6,20,1680,0.006409
6,21,2639,0.010067
6,22,1536,0.005859
6,23,849,0.003239
6,24,2913,0.011112
6,25,2397,0.009144
6,26,2676,0.010208
6,27,4622,0.017632
6,28,1751,0.006680
6,29,2442,0.009315
6,30,2068,0.007889
6,31,608,0.002319
6,32,1752,0.006683
6,33,823,0.003139
6,34,1987,0.007580
6,35,1121,0.004276
6,36,1118,0.004265
6,37,3435,0.013103
6,38,1538,0.005867
6,39,1663,0.006344
6,40,2207,0.008419
6,41,556,0.002121
6,42,1276,0.004868
6,43,1342,0.005119
6,44,2331,0.008892
6,45,2119,0.008083
6,46,1424,0.005432
6,47,3888,0.014832
6,48,1531,0.005840
6,49,1294,0.004936
6,50,2243,0.008556
6,51,1364,0.005203
6,52,3318,0.012657
6,53,2251,0.008587
6,54,1415,0.005398
6,55,4718,0.017998
6,56,1608,0.006134
6,57,1855,0.007076
6,58,2174,0.008293
6,59,2208,0.008423
6,60,2313,0.008823
6,61,926,0.003532
6,62,1987,0.007580
6,63,604,0.002304
6,64,1678,0.006401
6,65,1828,0.006973
6,66,2392,0.009125
6,67,1259,0.004803
6,68,2159,0.008236
6,69,1479,0.005642
6,70,1949,0.007435
6,71,1244,0.004745
6,72,2857,0.010899
6,73,2915,0.011120
6,74,781,0.002979
6,75,1663,0.006344
6,76,1537,0.005863
6,77,640,0.002441
6,78,944,0.003601
6,79,1712,0.006531
6,80,989,0.003773
6,81,2012,0.007675
6,82,2568,0.009796
6,83,1403,0.005352
6,84,2475,0.009441
6,85,3357,0.012806
6,86,1340,0.005112
6,87,3168,0.012085
6,88,3161,0.012058
6,89,3453,0.013172
6,90,1916,0.007309
6,91,2167,0.008266
6,92,1278,0.004875
6,93,2841,0.010838
6,94,2625,0.010014
6,95,2214,0.008446
6,96,1976,0.007538
6,97,1469,0.005604
6,98,505,0.001926
6,99,1486,0.005669
6,100,778,0.002968
6,101,1807,0.006893
6,102,1319,0.005032
6,103,4796,0.018295
6,104,1449,0.005527
6,105,1275,0.004864
6,106,3954,0.015083
6,107,786,0.002998
6,108,3174,0.012108
6,109,3301,0.012592
6,110,1837,0.007008
6,111,975,0.003719
6,112,1505,0.005741
6,113,2130,0.008125
6,114,2901,0.011066
6,115,2508,0.009567
6,116,2419,0.009228
6,117,1614,0.006157
6,118,3146,0.012001
6,119,1172,0.004471
6,120,1374,0.005241
6,121,2063,0.007870
6,122,2805,0.010700
6,123,2390,0.009117
6,124,2462,0.009392
6,125,1540,0.005875
6,126,3113,0.011875
6,127,567,0.002163
7,0,1411,0.005383
7,1,942,0.003593
7,2,1126,0.004295
7,3,2276,0.008682
7,4,2697,0.010288
7,5,1123,0.004284
7,6,1825,0.006962
7,7,4005,0.015278
7,8,2109,0.008045
7,9,3518,0.013420
7,10,2870,0.010948
7,11,3077,0.011738
7,12,1614,0.006157
7,13,2192,0.008362
7,14,4520,0.017242
7,15,1309,0.004993
7,16,1116,0.004257
7,17,3118,0.011894
7,18,1398,0.005333
7,19,1950,0.007439
7,20,2578,0.009834
7,21,1631,0.006222
7,22,1725,0.006580
7,23,1005,0.003834
7,24,1691,0.006451
7,25,961,0.003666
7,26,2273,0.008671
7,27,2011,0.007671
7,28,2992,0.011414
7,29,1648,0.006287
7,30,2891,0.011028
7,31,3016,0.011505
7,32,3168,0.012085
7,33,2635,0.010052
7,34,2377,0.009068
7,35,2157,0.008228
7,36,1509,0.005756
7,37,1957,0.007465
7,38,1876,0.007156
7,39,4082,0.015572
7,40,987,0.003765
7,41,1692,0.006454
7,42,2102,0.008018
7,43,1138,0.004341
7,44,2572,0.009811
7,45,1449,0.005527
7,46,2208,0.008423
7,47,1877,0.007160
7,48,566,0.002159
7,49,2439,0.009304
7,50,984,0.003754
7,51,2207,0.008419
7,52,3422,0.013054
7,53,2780,0.010605
7,54,1867,0.007122
7,55,1959,0.007473
7,56,1996,0.007614
7,57,1662,0.006340
7,58,1225,0.004673
7,59,1881,0.007175
7,60,1916,0.007309
7,61,4056,0.015472
7,62,2281,0.008701
7,63,4472,0.017059
7,64,1927,0.007351
7,65,2200,0.008392
7,66,1996,0.007614
7,67,1224,0.004669
7,68,1155,0.004406
7,69,1709,0.006519
7,70,2728,0.010406
7,71,1122,0.004280
7,72,952,0.003632
7,73,1828,0.006973
7,74,1432,0.005463
7,75,1294,0.004936
7,76,3588,0.013687
7,77,1863,0.007107
7,78,2333,0.008900
7,79,1757,0.006702
7,80,2679,0.010220
7,81,1856,0.007080
7,82,1677,0.006397
7,83,2512,0.009583
7,84,1784,0.006805
7,85,3183,0.012142
7,86,1356,0.005173
7,87,3424,0.013062
7,88,1105,0.004215
7,89,1570,0.005989
7,90,1969,0.007511
7,91,1008,0.003845
7,92,1446,0.005516
7,93,2551,0.009731
7,94,1634,0.006233
7,95,1322,0.005043
7,96,2551,0.009731
7,97,1963,0.007488
7,98,2433,0.009281
7,99,3363,0.012829
7,100,1841,0.007023
7,101,2183,0.008327
7,102,5199,0.019833
7,103,624,0.002380
7,104,2091,0.007977
7,105,1305,0.004978
7,106,2334,0.008904
7,107,1188,0.004532
7,108,1537,0.005863
7,109,942,0.003593
7,110,2494,0.009514
7,111,1923,0.007336
7,112,1607,0.006130
7,113,1094,0.004173
7,114,3075,0.011730
7,115,773,0.002949
7,116,2931,0.011181
7,117,2151,0.008205
7,118,1440,0.005493
7,119,1943,0.007412
7,120,908,0.003464
7,121,3259,0.012432
7,122,977,0.003727
7,123,1370,0.005226
7,124,2736,0.010437
7,125,1551,0.005917
7,126,2039,0.007778
7,127,2018,0.007698
8,0,1352,0.005157
8,1,1510,0.005760
8,2,3741,0.014271
8,3,2732,0.010422
8,4,2422,0.009239
8,5,1877,0.007160
8,6,1178,0.004494
8,7,983,0.003750
8,8,2380,0.009079
8,9,1412,0.005386
8,10,1673,0.006382
8,11,1023,0.003902
8,12,790,0.003014
8,13,1955,0.007458
8,14,1186,0.004524
8,15,3975,0.015163
8,16,3508,0.013382
8,17,1642,0.006264
8,18,2898,0.011055
8,19,1219,0.004650
8,20,3053,0.011646
8,21,4083,0.015575
8,22,2390,0.009117
8,23,4314,0.016457
8,24,575,0.002193
8,25,1818,0.006935
8,26,1614,0.006157
8,27,2462,0.009392
8,28,1820,0.006943
8,29,2380,0.009079
8,30,1941,0.007404
8,31,1241,0.004734
8,32,872,0.003326
8,33,2809,0.010715
8,34,1344,0.005127
8,35,2363,0.009014
8,36,2192,0.008362
8,37,1478,0.005638
8,38,815,0.003109
8,39,2017,0.007694
8,40,3115,0.011883
8,41,342,0.001305
8,42,961,0.003666
8,43,4767,0.018185
8,44,1951,0.007442
8,45,2303,0.008785
8,46,3121,0.011906
8,47,3550,0.013542
8,48,2210,0.008430
8,49,2619,0.009991
8,50,1345,0.005131
8,51,1861,0.007099
8,52,947,0.003613
8,53,2459,0.009380
8,54,2324,0.008865
8,55,2402,0.009163
8,56,2482,0.009468
8,57,671,0.002560
8,58,1737,0.006626
8,59,1258,0.004799
8,60,1576,0.006012
8,61,2358,0.008995
8,62,3432,0.013092
8,63,1716,0.006546
8,64,1272,0.004852
8,65,1468,0.005600
8,66,1689,0.006443
8,67,1730,0.006599
8,68,2145,0.008183
8,69,2397,0.009144
8,70,810,0.003090
8,71,791,0.003017
8,72,1381,0.005268
8,73,1453,0.005543
8,74,3308,0.012619
8,75,1610,0.006142
8,76,2753,0.010502
8,77,1058,0.004036
8,78,922,0.003517
8,79,4965,0.018940
8,80,2885,0.011005
8,81,1090,0.004158
8,82,1740,0.006638
8,83,4039,0.015408
8,84,2245,0.008564
8,85,1450,0.005531
8,86,2790,0.010643
8,87,2378,0.009071
8,88,631,0.002407
8,89,4598,0.017540
8,90,2920,0.011139
8,91,1760,0.006714
8,92,1477,0.005634
8,93,1344,0.005127
8,94,690,0.002632
8,95,1921,0.007328
8,96,1322,0.005043
8,97,1048,0.003998
8,98,1293,0.004932
8,99,4288,0.016357
8,100,1400,0.005341
8,101,2976,0.011353
8,102,3488,0.013306
8,103,2034,0.007759
8,104,2696,0.010284
8,105,1143,0.004360
8,106,1594,0.006081
8,107,1990,0.007591
8,108,1205,0.004597
8,109,1244,0.004745
8,110,4052,0.015457
8,111,3071,0.011715
8,112,1864,0.007111
8,113,1107,0.004223
8,114,2125,0.008106
8,115,1175,0.004482
8,116,1687,0.006435
8,117,1976,0.007538
8,118,2019,0.007702
8,119,1348,0.005142
8,120,2628,0.010025
8,121,3292,0.012558
8,122,1591,0.006069
8,123,2094,0.007988
8,124,1414,0.005394
8,125,2050,0.007820
8,126,3187,0.012157
8,127,1489,0.005680
9,0,1284,0.004898
9,1,1686,0.006432
9,2,1512,0.005768
9,3,2013,0.007679
9,4,1853,0.007069
9,5,630,0.002403
9,6,2896,0.011047
9,7,1557,0.005939
9,8,1859,0.007092
9,9,1481,0.005650
9,10,2998,0.011436
9,11,2842,0.010841
9,12,1968,0.007507
9,13,2228,0.008499
9,14,2003,0.007641
9,15,1275,0.004864
9,16,1617,0.006168
9,17,3384,0.012909
9,18,2326,0.008873
9,19,4500,0.017166
9,20,2452,0.009354
9,21,906,0.003456
9,22,2225,0.008488
9,23,1755,0.006695
9,24,851,0.003246
9,25,896,0.003418
9,26,2994,0.011421
9,27,2701,0.010303
9,28,1179,0.004498
9,29,1569,0.005985
9,30,1719,0.006557
9,31,2411,0.009197
9,32,2058,0.007851
9,33,3312,0.012634
9,34,1534,0.005852
9,35,3615,0.013790
9,36,2509,0.009571
9,37,1993,0.007603
9,38,1976,0.007538
9,39,2391,0.009121
9,40,2661,0.010151
9,41,1737,0.006626
9,42,1490,0.005684
9,43,1679,0.006405
9,44,1553,0.005924
9,45,2737,0.010441
9,46,2556,0.009750
9,47,811,0.003094
9,48,1437,0.005482
9,49,1035,0.003948
9,50,1688,0.006439
9,51,1500,0.005722
9,52,1296,0.004944
9,53,2364,0.009018
9,54,1543,0.005886
9,55,1989,0.007587
9,56,1711,0.006527
9,57,2419,0.009228
9,58,2357,0.008991
9,59,1610,0.006142
9,60,2203,0.008404
9,61,1997,0.007618
9,62,3312,0.012634
9,63,1258,0.004799
9,64,2072,0.007904
9,65,1818,0.006935
9,66,1697,0.006474
9,67,4014,0.015312
9,68,2190,0.008354
9,69,2827,0.010784
9,70,2929,0.011173
9,71,2060,0.007858
9,72,2178,0.008308
9,73,1333,0.005085
9,74,1333,0.005085
9,75,1856,0.007080
9,76,759,0.002895
9,77,2733,0.010426
9,78,3616,0.013794
9,79,1029,0.003925
9,80,2311,0.008816
9,81,2652,0.010117
9,82,1476,0.005630
9,83,1308,0.004990
9,84,933,0.003559
9,85,2438,0.009300
9,86,1793,0.006840
9,87,2219,0.008465
9,88,1293,0.004932
9,89,1893,0.007221
9,90,2662,0.010155
9,91,1907,0.007275
9,92,2526,0.009636
9,93,2919,0.011135
9,94,2025,0.007725
9,95,2376,0.009064
9,96,2750,0.010490
9,97,2660,0.010147
9,98,3071,0.011715
9,99,2042,0.007790
9,100,1715,0.006542
9,101,4238,0.016167
9,102,2001,0.007633
9,103,2414,0.009209
9,104,4022,0.015343
9,105,541,0.002064
9,106,1615,0.006161
9,107,581,0.002216
9,108,3094,0.011803
9,109,4689,0.017887
9,110,1711,0.006527
9,111,2389,0.009113
9,112,2607,0.009945
9,113,719,0.002743
9,114,1525,0.005817
9,115,2190,0.008354
9,116,930,0.003548
9,117,1449,0.005527
9,118,3083,0.011761
9,119,2319,0.008846
9,120,1094,0.004173
9,121,1181,0.004505
9,122,2339,0.008923
9,123,947,0.003613
9,124,1305,0.004978
9,125,1782,0.006798
9,126,2698,0.010292
9,127,1367,0.005215
10,0,1690,0.006447
10,1,2045,0.007801
10,2,1600,0.006104
10,3,1760,0.006714
10,4,3664,0.013977
10,5,3792,0.014465
10,6,2413,0.009205
10,7,2189,0.008350
10,8,2177,0.008305
10,9,3260,0.012436
10,10,1637,0.006245
10,11,3094,0.011803
10,12,2839,0.010830
10,13,3886,0.014824
10,14,2903,0.011074
10,15,1636,0.006241
10,16,2421,0.009235
10,17,2320,0.008850
10,18,1307,0.004986
10,19,1629,0.006214
10,20,1079,0.004116
10,21,889,0.003391
10,22,2529,0.009647
10,23,1023,0.003902
10,24,2153,0.008213
10,25,1469,0.005604
10,26,2982,0.011375
10,27,2222,0.008476
10,28,2365,0.009022
10,29,2802,0.010689
10,30,2100,0.008011
10,31,1204,0.004593
10,32,1993,0.007603
10,33,2341,0.008930
10,34,1848,0.007050
10,35,2252,0.008591
10,36,1077,0.004108
10,37,2193,0.008366
10,38,4511,0.017208
10,39,1304,0.004974
10,40,1331,0.005077
10,41,5165,0.019703
10,42,2629,0.010029
10,43,3950,0.015068
10,44,3112,0.011871
10,45,973,0.003712
10,46,3493,0.013325
10,47,2107,0.008038
10,48,1444,0.005508
10,49,2576,0.009827
10,50,2227,0.008495
10,51,2407,0.009182
10,52,1114,0.004250
10,53,4500,0.017166
10,54,1900,0.007248
10,55,2987,0.011395
10,56,853,0.003254
10,57,1075,0.004101
10,58,2535,0.009670
10,59,2713,0.010349
10,60,1403,0.005352
10,61,2661,0.010151
10,62,1433,0.005466
10,63,1513,0.005772
10,64,1444,0.005508
10,65,1244,0.004745
10,66,977,0.003727
10,67,2059,0.007854
10,68,3009,0.011478
10,69,2576,0.009827
10,70,4755,0.018139
10,71,1712,0.006531
10,72,2354,0.008980
10,73,1354,0.005165
10,74,1943,0.007412
10,75,2919,0.011135
10,76,2251,0.008587
10,77,1318,0.005028
10,78,1133,0.004322
10,79,1544,0.005890
10,80,1179,0.004498
10,81,1065,0.004063
10,82,2131,0.008129
10,83,1043,0.003979
10,84,1289,0.004917
10,85,2266,0.008644
10,86,763,0.002911
10,87,2530,0.009651
10,88,1145,0.004368
10,89,936,0.003571
10,90,1610,0.006142
10,91,1508,0.005753
10,92,1589,0.006062
10,93,3392,0.012939
10,94,2018,0.007698
10,95,839,0.003201
10,96,1596,0.006088
10,97,2296,0.008759
10,98,2056,0.007843
10,99,1183,0.004513
10,100,1545,0.005894
10,101,1354,0.005165
10,102,1028,0.003922
10,103,1843,0.007030
10,104,1485,0.005665
10,105,1788,0.006821
10,106,2037,0.007771
10,107,1492,0.005692
10,108,3466,0.013222
10,109,1967,0.007504
10,110,1769,0.006748
10,111,2054,0.007835
10,112,3295,0.012569
10,113,1108,0.004227
10,114,2645,0.010090
10,115,1118,0.004265
10,116,2443,0.009319
10,117,1028,0.003922
10,118,1790,0.006828
10,119,1374,0.005241
10,120,1620,0.006180
10,121,2832,0.010803
10,122,2903,0.011074
10,123,2046,0.007805
10,124,1509,0.005756
10,125,2812,0.010727
10,126,1069,0.004078
10,127,999,0.003811
11,0,1805,0.006886
11,1,1770,0.006752
11,2,2119,0.008083
11,3,1884,0.007187
11,4,5343,0.020382
11,5,1293,0.004932
11,6,1541,0.005878
11,7,1331,0.005077
11,8,2796,0.010666
11,9,1381,0.005268
11,10,1005,0.003834
11,11,1770,0.006752
11,12,1476,0.005630
11,13,2168,0.008270
11,14,684,0.002609
11,15,2733,0.010426
11,16,2123,0.008099
11,17,1584,0.006042
11,18,1410,0.005379
11,19,2214,0.008446
11,20,1691,0.006451
11,21,2176,0.008301
11,22,3821,0.014576
11,23,1973,0.007526
11,24,3001,0.011448
11,25,2498,0.009529
11,26,1446,0.005516
11,27,3236,0.012344
11,28,2662,0.010155
11,29,1180,0.004501
11,30,2213,0.008442
11,31,3942,0.015038
11,32,2848,0.010864
11,33,2611,0.009960
11,34,1586,0.006050
11,35,1888,0.007202
11,36,2303,0.008785
11,37,1425,0.005436
11,38,745,0.002842
11,39,3606,0.013756
11,40,1397,0.005329
11,41,3629,0.013844
11,42,1784,0.006805
11,43,1278,0.004875
11,44,1036,0.003952
11,45,2912,0.011108
11,46,1588,0.006058
11,47,936,0.003571
11,48,2212,0.008438
11,49,1915,0.007305
11,50,1437,0.005482
11,51,1366,0.005211
11,52,1440,0.005493
11,53,1818,0.006935
11,54,1479,0.005642
11,55,1141,0.004353
11,56,2842,0.010841
11,57,3305,0.012608
11,58,1783,0.006802
11,59,1874,0.007149
11,60,2873,0.010960
11,61,1354,0.005165
11,62,2277,0.008686
11,63,3246,0.012383
11,64,1699,0.006481
11,65,711,0.002712
11,66,1044,0.003983
11,67,1345,0.005131
11,68,1919,0.007320
11,69,859,0.003277
11,70,896,0.003418
11,71,2330,0.008888
11,72,4177,0.015934
11,73,2487,0.009487
11,74,1748,0.006668
11,75,3044,0.011612
11,76,3060,0.011673
11,77,2906,0.011086
11,78,1028,0.003922
11,79,3887,0.014828
11,80,933,0.003559
11,81,1627,0.006207
11,82,496,0.001892
11,83,2207,0.008419
11,84,1743,0.006649
11,85,2518,0.009605
11,86,1671,0.006374
11,87,1028,0.003922
11,88,1848,0.007050
11,89,885,0.003376
11,90,4282,0.016335
11,91,778,0.002968
11,92,2439,0.009304
11,93,1062,0.004051
11,94,1315,0.005016
11,95,1447,0.005520
11,96,2559,0.009762
11,97,1976,0.007538
11,98,1970,0.007515
11,99,939,0.003582
11,100,2604,0.009933
11,101,1633,0.006229
11,102,1476,0.005630
11,103,3424,0.013062
11,104,2800,0.010681
11,105,2031,0.007748
11,106,2636,0.010056
11,107,1017,0.003880
11,108,1741,0.006641
11,109,2014,0.007683
11,110,1599,0.006100
11,111,1324,0.005051
11,112,1805,0.006886
11,113,1105,0.004215
11,114,1823,0.006954
11,115,3006,0.011467
11,116,2343,0.008938
11,117,2199,0.008389
11,118,1471,0.005611
11,119,4360,0.016632
11,120,1985,0.007572
11,121,1111,0.004238
11,122,4372,0.016678
11,123,4290,0.016365
11,124,1990,0.007591
11,125,2442,0.009315
11,126,2358,0.008995
11,127,2119,0.008083
12,0,2603,0.009930
12,1,1327,0.005062
12,2,1318,0.005028
12,3,1170,0.004463
12,4,2251,0.008587
12,5,1853,0.007069
12,6,1801,0.006870
12,7,2797,0.010670
12,8,1528,0.005829
12,9,1757,0.006702
12,10,2302,0.008781
12,11,3926,0.014977
12,12,3891,0.014843
12,13,2575,0.009823
12,14,1990,0.007591
12,15,2509,0.009571
12,16,2568,0.009796
12,17,2801,0.010685
12,18,1907,0.007275
12,19,933,0.003559
12,20,2557,0.009754
12,21,1540,0.005875
12,22,1917,0.007313
12,23,1313,0.005009
12,24,2180,0.008316
12,25,978,0.003731
12,26,1659,0.006329
12,27,2556,0.009750
12,28,1680,0.006409
12,29,1614,0.006157
12,30,3111,0.011868
12,31,4719,0.018002
12,32,1802,0.006874
12,33,1684,0.006424
12,34,1187,0.004528
12,35,2212,0.008438
12,36,2722,0.010384
12,37,2151,0.008205
12,38,1594,0.006081
12,39,2443,0.009319
12,40,1889,0.007206
12,41,1653,0.006306
12,42,1145,0.004368
12,43,2216,0.008453
12,44,1930,0.007362
12,45,3131,0.011944
12,46,1347,0.005138
12,47,1974,0.007530
12,48,2340,0.008926
12,49,1519,0.005795
12,50,1712,0.006531
12,51,1630,0.006218
12,52,2202,0.008400
12,53,3524,0.013443
12,54,2373,0.009052
12,55,933,0.003559
12,56,1238,0.004723
12,57,1913,0.007298
12,58,2528,0.009644
12,59,2127,0.008114
12,60,2494,0.009514
12,61,1339,0.005108
12,62,4954,0.018898
12,63,1641,0.006260
12,64,863,0.003292
12,65,1889,0.007206
12,66,3851,0.014690
12,67,1250,0.004768
12,68,2381,0.009083
12,69,2356,0.008987
12,70,3479,0.013271
12,71,2137,0.008152
12,72,2760,0.010529
12,73,2140,0.008163
12,74,2258,0.008614
12,75,1201,0.004581
12,76,1096,0.004181
12,77,2057,0.007847
12,78,1889,0.007206
12,79,2025,0.007725
12,80,3078,0.011742
12,81,998,0.003807
12,82,1906,0.007271
12,83,3090,0.011787
12,84,1013,0.003864
12,85,1225,0.004673
12,86,773,0.002949
12,87,2485,0.009480
12,88,2331,0.008892
12,89,854,0.003258
12,90,2970,0.011330
12,91,1452,0.005539
12,92,1585,0.006046
12,93,2274,0.008675
12,94,2513,0.009586
12,95,1134,0.004326
12,96,2141,0.008167
12,97,1756,0.006699
12,98,3296,0.012573
12,99,1355,0.005169
12,100,3317,0.012653
12,101,724,0.002762
12,102,2472,0.009430
12,103,3647,0.013912
12,104,2449,0.009342
12,105,3130,0.011940
12,106,2863,0.010921
12,107,902,0.003441
12,108,1447,0.005520
12,109,3046,0.011620
12,110,2074,0.007912
12,111,1713,0.006535
12,112,3289,0.012547
12,113,2248,0.008575
12,114,653,0.002491
12,115,1058,0.004036
12,116,1921,0.007328
12,117,1528,0.005829
12,118,1189,0.004536
12,119,1730,0.006599
12,120,1577,0.006016
12,121,1800,0.006866
12,122,1825,0.006962
12,123,1564,0.005966
12,124,1510,0.005760
12,125,1820,0.006943
12,126,1768,0.006744
12,127,1841,0.007023
13,0,1967,0.007504
13,1,1351,0.005154
13,2,2205,0.008411
13,3,1218,0.004646
13,4,2522,0.009621
13,5,3957,0.015095
13,6,1940,0.007401
13,7,2086,0.007957
13,8,4624,0.017639
13,9,1956,0.007462
13,10,1207,0.004604
13,11,2341,0.008930
13,12,1393,0.005314
13,13,2764,0.010544
13,14,1120,0.004272
13,15,2086,0.007957
13,16,2339,0.008923
13,17,3266,0.012459
13,18,2445,0.009327
13,19,1118,0.004265
13,20,2318,0.008842
13,21,2102,0.008018
13,22,3731,0.014233
13,23,1622,0.006187
13,24,1824,0.006958
13,25,2370,0.009041
13,26,1883,0.007183
13,27,1217,0.004642
13,28,1434,0.005470
13,29,2162,0.008247
13,30,2001,0.007633
13,31,1256,0.004791
13,32,1849,0.007053
13,33,2082,0.007942
13,34,617,0.002354
13,35,978,0.003731
13,36,692,0.002640
13,37,848,0.003235
13,38,2153,0.008213
13,39,2073,0.007908
13,40,773,0.002949
13,41,2771,0.010571
13,42,2975,0.011349
13,43,2022,0.007713
13,44,2401,0.009159
13,45,2406,0.009178
13,46,1502,0.005730
13,47,3658,0.013954
13,48,1306,0.004982
13,49,1647,0.006283
13,50,535,0.002041
13,51,2769,0.010563
13,52,1541,0.005878
13,53,3886,0.014824
13,54,911,0.003475
13,55,3703,0.014126
13,56,606,0.002312
13,57,1912,0.007294
13,58,1945,0.007420
13,59,1698,0.006477
13,60,3594,0.013710
13,61,1302,0.004967
13,62,1774,0.006767
13,63,1933,0.007374
13,64,1951,0.007442
13,65,1816,0.006927
13,66,2370,0.009041
13,67,1818,0.006935
13,68,3434,0.013100
13,69,1380,0.005264
13,70,1983,0.007565
13,71,2462,0.009392
13,72,2503,0.009548
13,73,3459,0.013195
13,74,1549,0.005909
13,75,2956,0.011276
13,76,1972,0.007523
13,77,745,0.002842
13,78,2765,0.010548
13,79,1105,0.004215
13,80,1505,0.005741
13,81,2434,0.009285
13,82,1601,0.006107
13,83,1314,0.005013
13,84,2509,0.009571
13,85,2967,0.011318
13,86,1428,0.005447
13,87,1706,0.006508
13,88,2300,0.008774
13,89,2074,0.007912
13,90,1711,0.006527
13,91,4005,0.015278
13,92,1765,0.006733
13,93,1281,0.004887
13,94,1725,0.006580
13,95,2352,0.008972
13,96,1497,0.005711
13,97,1247,0.004757
13,98,973,0.003712
13,99,4309,0.016438
13,100,2483,0.009472
13,101,1119,0.004269
13,102,2371,0.009045
13,103,2418,0.009224
13,104,3197,0.012196
13,105,1282,0.004890
13,106,3130,0.011940
13,107,2847,0.010860
13,108,1187,0.004528
13,109,2172,0.008286
13,110,2150,0.008202
13,111,2295,0.008755
13,112,582,0.002220
13,113,2272,0.008667
13,114,1592,0.006073
13,115,2733,0.010426
13,116,2158,0.008232
13,117,1507,0.005749
13,118,1234,0.004707
13,119,1735,0.006618
13,120,2212,0.008438
13,121,1869,0.007130
13,122,929,0.003544
13,123,3619,0.013805
13,124,2821,0.010761
13,125,1993,0.007603
13,126,2159,0.008236
13,127,2420,0.009232
14,0,2173,0.008289
14,1,1799,0.006863
14,2,3023,0.011532
14,3,1893,0.007221
14,4,1668,0.006363
14,5,2050,0.007820
14,6,1931,0.007366
14,7,2115,0.008068
14,8,6199,0.023647
14,9,1566,0.005974
14,10,2440,0.009308
14,11,2837,0.010822
14,12,988,0.003769
14,13,1858,0.007088
14,14,908,0.003464
14,15,1440,0.005493
14,16,967,0.003689
14,17,2161,0.008244
14,18,1563,0.005962
14,19,2981,0.011372
14,20,1722,0.006569
14,21,1631,0.006222
14,22,1484,0.005661
14,23,1267,0.004833
14,24,2906,0.011086
14,25,1106,0.004219
14,26,3210,0.012245
14,27,1858,0.007088
14,28,1008,0.003845
14,29,2032,0.007751
14,30,1550,0.005913
14,31,1449,0.005527
14,32,3214,0.012260
14,33,2491,0.009502
14,34,407,0.001553
14,35,1701,0.006489
14,36,1754,0.006691
14,37,1588,0.006058
14,38,3548,0.013535
14,39,1321,0.005039
14,40,1290,0.004921
14,41,2065,0.007877
14,42,3079,0.011745
14,43,919,0.003506
14,44,1765,0.006733
14,45,1687,0.006435
14,46,2463,0.009396
14,47,4463,0.017025
14,48,2757,0.010517
14,49,1593,0.006077
14,50,1352,0.005157
14,51,492,0.001877
14,52,1968,0.007507
14,53,2855,0.010891
14,54,2624,0.010010
14,55,1553,0.005924
14,56,3632,0.013855
14,57,1135,0.004330
14,58,3086,0.011772
14,59,2511,0.009579
14,60,1443,0.005505
14,61,2922,0.011147
14,62,1161,0.004429
14,63,1285,0.004902
14,64,2284,0.008713
14,65,3990,0.015221
14,66,2829,0.010792
14,67,1341,0.005116
14,68,3537,0.013493
14,69,4863,0.018551
14,70,2176,0.008301
14,71,2041,0.007786
14,72,1212,0.004623
14,73,1200,0.004578
14,74,1010,0.003853
14,75,1231,0.004696
14,76,931,0.003551
14,77,1710,0.006523
14,78,1435,0.005474
14,79,1588,0.006058
14,80,2364,0.009018
14,81,1091,0.004162
14,82,1312,0.005005
14,83,2100,0.008011
14,84,4848,0.018494
14,85,2665,0.010166
14,86,693,0.002644
14,87,2580,0.009842
14,88,2340,0.008926
14,89,1771,0.006756
14,90,341,0.001301
14,91,1259,0.004803
14,92,2285,0.008717
14,93,3987,0.015209
14,94,2873,0.010960
14,95,1689,0.006443
14,96,1685,0.006428
14,97,2454,0.009361
14,98,2341,0.008930
14,99,3387,0.012920
14,100,395,0.001507
14,101,1898,0.007240
14,102,1755,0.006695
14,103,1521,0.005802
14,104,1603,0.006115
14,105,1471,0.005611
14,106,1300,0.004959
14,107,839,0.003201
14,108,1494,0.005699
14,109,2438,0.009300
14,110,3092,0.011795
14,111,1912,0.007294
14,112,3976,0.015167
14,113,3566,0.013603
14,114,618,0.002357
14,115,2128,0.008118
14,116,2039,0.007778
14,117,2610,0.009956
14,118,3165,0.012074
14,119,1668,0.006363
14,120,2891,0.011028
14,121,711,0.002712
14,122,2675,0.010204
14,123,1069,0.004078
14,124,1090,0.004158
14,125,2961,0.011295
14,126,1384,0.005280
14,127,2525,0.009632
15,0,1835,0.007000
15,1,2151,0.008205
15,2,1502,0.005730
15,3,752,0.002869
15,4,3115,0.011883
15,5,3131,0.011944
15,6,1891,0.007214
15,7,1802,0.006874
15,8,1346,0.005135
15,9,1199,0.004574
15,10,1161,0.004429
15,11,960,0.003662
15,12,1661,0.006336
15,13,3032,0.011566
15,14,1498,0.005714
15,15,2225,0.008488
15,16,2257,0.008610
15,17,1374,0.005241
15,18,2416,0.009216
15,19,1839,0.007015
15,20,3313,0.012638
15,21,3264,0.012451
15,22,1643,0.006268
15,23,1624,0.006195
15,24,3638,0.013878
15,25,1176,0.004486
15,26,3924,0.014969
15,27,3050,0.011635
15,28,1418,0.005409
15,29,1790,0.006828
15,30,2758,0.010521
15,31,1064,0.004059
15,32,1130,0.004311
15,33,2639,0.010067
15,34,2178,0.008308
15,35,2143,0.008175
15,36,4977,0.018986
15,37,2055,0.007839
15,38,1453,0.005543
15,39,2848,0.010864
15,40,2408,0.009186
15,41,1490,0.005684
15,42,1179,0.004498
15,43,2247,0.008572
15,44,1628,0.006210
15,45,1280,0.004883
15,46,1325,0.005054
15,47,3176,0.012115
15,48,1723,0.006573
15,49,2067,0.007885
15,50,920,0.003510
15,51,1017,0.003880
15,52,721,0.002750
15,53,2021,0.007710
15,54,1343,0.005123
15,55,605,0.002308
15,56,4361,0.016636
15,57,1882,0.007179
15,58,1292,0.004929
15,59,2974,0.011345
15,60,2245,0.008564
15,61,2097,0.007999
15,62,3469,0.013233
15,63,1702,0.006493
15,64,2627,0.010021
15,65,1216,0.004639
15,66,1072,0.004089
15,67,1109,0.004230
15,68,2023,0.007717
15,69,1856,0.007080
15,70,1459,0.005566
15,71,2263,0.008633
15,72,2869,0.010944
15,73,880,0.003357
15,74,2424,0.009247
15,75,2765,0.010548
15,76,2095,0.007992
15,77,2360,0.009003
15,78,1615,0.006161
15,79,1050,0.004005
15,80,2967,0.011318
15,81,1258,0.004799
15,82,2315,0.008831
15,83,3334,0.012718
15,84,2951,0.011257
15,85,2033,0.007755
15,86,2063,0.007870
15,87,2899,0.011059
15,88,3121,0.011906
15,89,1106,0.004219
15,90,813,0.003101
15,91,2142,0.008171
15,92,2367,0.009029
15,93,1892,0.007217
15,94,1913,0.007298
15,95,1533,0.005848
15,96,2087,0.007961
15,97,827,0.003155
15,98,2407,0.009182
15,99,2708,0.010330
15,100,2344,0.008942
15,101,1092,0.004166
15,102,1560,0.005951
15,103,2089,0.007969
15,104,1758,0.006706
15,105,2116,0.008072
15,106,2063,0.007870
15,107,1128,0.004303
15,108,2245,0.008564
15,109,4465,0.017033
15,110,1540,0.005875
15,111,1341,0.005116
15,112,2049,0.007816
15,113,1968,0.007507
15,114,2753,0.010502
15,115,2532,0.009659
15,116,2794,0.010658
15,117,1637,0.006245
15,118,2755,0.010509
15,119,2597,0.009907
15,120,2989,0.011402
15,121,3254,0.012413
15,122,1217,0.004642
15,123,1187,0.004528
15,124,1516,0.005783
15,125,3273,0.012486
15,126,2143,0.008175
15,127,916,0.003494
16,0,1688,0.006439
16,1,870,0.003319
16,2,4163,0.015881
16,3,2447,0.009335
16,4,1064,0.004059
16,5,2288,0.008728
16,6,4907,0.018719
16,7,2241,0.008549
16,8,1014,0.003868
16,9,1634,0.006233
16,10,2538,0.009682
16,11,3979,0.015179
16,12,2640,0.010071
16,13,2527,0.009640
16,14,1124,0.004288
16,15,2642,0.010078
16,16,3585,0.013676
16,17,1209,0.004612
16,18,1283,0.004894
16,19,1198,0.004570
16,20,2201,0.008396
16,21,1855,0.007076
16,22,3772,0.014389
16,23,3326,0.012688
16,24,2565,0.009785
16,25,2153,0.008213
16,26,871,0.003323
16,27,1677,0.006397
16,28,1942,0.007408
16,29,3677,0.014027
16,30,2058,0.007851
16,31,3093,0.011799
16,32,2291,0.008739
16,33,2466,0.009407
16,34,1575,0.006008
16,35,927,0.003536
16,36,2781,0.010609
16,37,3138,0.011971
16,38,676,0.002579
16,39,1484,0.005661
16,40,1746,0.006660
16,41,2546,0.009712
16,42,924,0.003525
16,43,4385,0.016727
16,44,1759,0.006710
16,45,2382,0.009087
16,46,1878,0.007164
16,47,3245,0.012379
16,48,2638,0.010063
16,49,3039,0.011593
16,50,1565,0.005970
16,51,2262,0.008629
16,52,2501,0.009541
16,53,4682,0.017860
16,54,2822,0.010765
16,55,1952,0.007446
16,56,3565,0.013599
16,57,1449,0.005527
16,58,2411,0.009197
16,59,2255,0.008602
16,60,1686,0.006432
16,61,1756,0.006699
16,62,2395,0.009136
16,63,817,0.003117
16,64,2098,0.008003
16,65,641,0.002445
16,66,556,0.002121
16,67,2869,0.010944
16,68,2027,0.007732
16,69,2653,0.010120
16,70,2215,0.008450
16,71,566,0.002159
16,72,3295,0.012569
16,73,1792,0.006836
16,74,1463,0.005581
16,75,1640,0.006256
16,76,291,0.001110
16,77,644,0.002457
16,78,2652,0.010117
16,79,691,0.002636
16,80,2293,0.008747
16,81,2588,0.009872
16,82,1011,0.003857
16,83,1108,0.004227
16,84,936,0.003571
16,85,1223,0.004665
16,86,1655,0.006313
16,87,1345,0.005131
16,88,1520,0.005798
16,89,1216,0.004639
16,90,3887,0.014828
16,91,1941,0.007404
16,92,1368,0.005219
16,93,1063,0.004055
16,94,2417,0.009220
16,95,1991,0.007595
16,96,2725,0.010395
16,97,1907,0.007275
16,98,2597,0.009907
16,99,1321,0.005039
16,100,750,0.002861
16,101,1378,0.005257
16,102,1116,0.004257
16,103,1149,0.004383
16,104,2624,0.010010
16,105,2262,0.008629
16,106,1955,0.007458
16,107,1532,0.005844
16,108,2427,0.009258
16,109,1702,0.006493
16,110,2057,0.007847
16,111,2505,0.009556
16,112,1657,0.006321
16,113,1509,0.005756
16,114,2977,0.011356
16,115,1575,0.006008
16,116,1883,0.007183
16,117,2928,0.011169
16,118,1655,0.006313
16,119,1499,0.005718
16,120,3684,0.014053
16,121,2529,0.009647
16,122,1164,0.004440
16,123,1965,0.007496
16,124,1474,0.005623
16,125,1734,0.006615
16,126,3303,0.012600
16,127,717,0.002735
17,0,812,0.003098
17,1,2505,0.009556
17,2,1388,0.005295
17,3,1360,0.005188
17,4,972,0.003708
17,5,3448,0.013153
17,6,3204,0.012222
17,7,1683,0.006420
17,8,1434,0.005470
17,9,2574,0.009819
17,10,2907,0.011089
17,11,2209,0.008427
17,12,1878,0.007164
17,13,1120,0.004272
17,14,2083,0.007946
17,15,4481,0.017094
17,16,1173,0.004475
17,17,680,0.002594
17,18,861,0.003284
17,19,1785,0.006809
17,20,2915,0.011120
17,21,3050,0.011635
17,22,1584,0.006042
17,23,1482,0.005653
17,24,3568,0.013611
17,25,2050,0.007820
17,26,2832,0.010803
17,27,1825,0.006962
17,28,2611,0.009960
17,29,2043,0.007793
17,30,3318,0.012657
17,31,1238,0.004723
17,32,1071,0.004086
17,33,2389,0.009113
17,34,657,0.002506
17,35,2371,0.009045
17,36,3084,0.011765
17,37,2389,0.009113
17,38,2159,0.008236
17,39,2512,0.009583
17,40,2001,0.007633
17,41,920,0.003510
17,42,1905,0.007267
17,43,1252,0.004776
17,44,3619,0.013805
17,45,2711,0.010342
17,46,1842,0.007027
17,47,2220,0.008469
17,48,1677,0.006397
17,49,3469,0.013233
17,50,1315,0.005016
17,51,4316,0.016464
17,52,3160,0.012054
17,53,1202,0.004585
17,54,1550,0.005913
17,55,2233,0.008518
17,56,2481,0.009464
17,57,2988,0.011398
17,58,1558,0.005943
17,59,1331,0.005077
17,60,1926,0.007347
17,61,545,0.002079
17,62,1296,0.004944
17,63,1565,0.005970
17,64,1122,0.004280
17,65,4843,0.018475
17,66,2625,0.010014
17,67,1881,0.007175
17,68,2615,0.009975
17,69,1925,0.007343
17,70,1401,0.005344
17,71,2497,0.009525
17,72,981,0.003742
17,73,1275,0.004864
17,74,2933,0.011189
17,75,2091,0.007977
17,76,2738,0.010445
17,77,2264,0.008636
17,78,1005,0.003834
17,79,1498,0.005714
17,80,2951,0.011257
17,81,1816,0.006927
17,82,2800,0.010681
17,83,2019,0.007702
17,84,1047,0.003994
17,85,2919,0.011135
17,86,1652,0.006302
17,87,788,0.003006
17,88,3632,0.013855
17,89,1869,0.007130
17,90,1467,0.005596
17,91,515,0.001965
17,92,1642,0.006264
17,93,2309,0.008808
17,94,700,0.002670
17,95,1656,0.006317
17,96,583,0.002224
17,97,2926,0.011162
17,98,2058,0.007851
17,99,2853,0.010883
17,100,3813,0.014545
17,101,1435,0.005474
17,102,429,0.001637
17,103,2847,0.010860
17,104,1244,0.004745
17,105,644,0.002457
17,106,2443,0.009319
17,107,1323,0.005047
17,108,4033,0.015385
17,109,2567,0.009792
17,110,665,0.002537
17,111,2000,0.007629
17,112,1477,0.005634
17,113,2773,0.010578
17,114,1721,0.006565
17,115,3232,0.012329
17,116,2529,0.009647
17,117,4673,0.017826
17,118,2382,0.009087
17,119,1416,0.005402
17,120,1948,0.007431
17,121,1318,0.005028
17,122,1107,0.004223
17,123,2166,0.008263
17,124,2429,0.009266
17,125,1650,0.006294
17,126,2021,0.007710
17,127,1176,0.004486
18,0,1461,0.005573
18,1,1644,0.006271
18,2,725,0.002766
18,3,1477,0.005634
18,4,1127,0.004299
18,5,1673,0.006382
18,6,637,0.002430
18,7,2385,0.009098
18,8,3289,0.012547
18,9,1799,0.006863
18,10,2457,0.009373
18,11,2040,0.007782
18,12,2746,0.010475
18,13,2068,0.007889
18,14,899,0.003429
18,15,3953,0.015079
18,16,880,0.003357
18,17,2621,0.009998
18,18,2829,0.010792
18,19,1044,0.003983
18,20,1596,0.006088
18,21,1659,0.006329
18,22,2032,0.007751
18,23,2826,0.010780
18,24,983,0.003750
18,25,1778,0.006783
18,26,2860,0.010910
18,27,3082,0.011757
18,28,3052,0.011642
18,29,2788,0.010635
18,30,1819,0.006939
18,31,1153,0.004398
18,32,3235,0.012341
18,33,1868,0.007126
18,34,2792,0.010651
18,35,1195,0.004559
18,36,844,0.003220
18,37,2284,0.008713
18,38,3697,0.014103
18,39,1627,0.006207
18,40,1022,0.003899
18,41,2419,0.009228
18,42,2356,0.008987
18,43,1545,0.005894
18,44,950,0.003624
18,45,3846,0.014671
18,46,1626,0.006203
18,47,3552,0.013550
18,48,892,0.003403
18,49,2225,0.008488
18,50,1394,0.005318
18,51,1765,0.006733
18,52,2347,0.008953
18,53,1717,0.006550
18,54,2774,0.010582
18,55,2155,0.008221
18,56,1452,0.005539
18,57,972,0.003708
18,58,1171,0.004467
18,59,2853,0.010883
18,60,1115,0.004253
18,61,625,0.002384
18,62,2811,0.010723
18,63,3038,0.011589
18,64,1009,0.003849
18,65,2600,0.009918
18,66,1440,0.005493
18,67,1049,0.004002
18,68,2509,0.009571
18,69,1216,0.004639
18,70,2534,0.009666
18,71,1890,0.007210
18,72,1098,0.004189
18,73,2969,0.011326
18,74,1413,0.005390
18,75,1717,0.006550
18,76,2488,0.009491
18,77,3197,0.012196
18,78,1611,0.006145
18,79,2076,0.007919
18,80,1268,0.004837
18,81,889,0.003391
18,82,2307,0.008801
18,83,2602,0.009926
18,84,3324,0.012680
18,85,1838,0.007011
18,86,4275,0.016308
18,87,1242,0.004738
18,88,1485,0.005665
18,89,2156,0.008224
18,90,744,0.002838
18,91,2432,0.009277
18,92,1927,0.007351
18,93,2000,0.007629
18,94,918,0.003502
18,95,1734,0.006615
18,96,2476,0.009445
18,97,2562,0.009773
18,98,2087,0.007961
18,99,2707,0.010326
18,100,4684,0.017868
18,101,1808,0.006897
18,102,1096,0.004181
18,103,4537,0.017307
18,104,1294,0.004936
18,105,3395,0.012951
18,106,2316,0.008835
18,107,1304,0.004974
18,108,2720,0.010376
18,109,4230,0.016136
18,110,552,0.002106
18,111,2303,0.008785
18,112,2110,0.008049
18,113,3688,0.014069
18,114,2740,0.010452
18,115,1138,0.004341
18,116,469,0.001789
18,117,2547,0.009716
18,118,2849,0.010868
18,119,1668,0.006363
18,120,1901,0.007252
18,121,1197,0.004566
18,122,2826,0.010780
18,123,2093,0.007984
18,124,2717,0.010365
18,125,1727,0.006588
18,126,1381,0.005268
18,127,1519,0.005795
19,0,3696,0.014099
19,1,3043,0.011608
19,2,2790,0.010643
19,3,2985,0.011387
19,4,1658,0.006325
19,5,1779,0.006786
19,6,929,0.003544
19,7,2357,0.008991
19,8,2857,0.010899
19,9,1464,0.005585
19,10,3646,0.013908
19,11,1065,0.004063
19,12,1721,0.006565
19,13,1961,0.007481
19,14,2815,0.010738
19,15,3040,0.011597
19,16,1202,0.004585
19,17,2697,0.010288
19,18,5343,0.020382
19,19,1377,0.005253
19,20,2518,0.009605
19,21,1686,0.006432
19,22,2590,0.009880
19,23,1653,0.006306
19,24,2716,0.010361
19,25,251,0.000957
19,26,1254,0.004784
19,27,2010,0.007668
19,28,2416,0.009216
19,29,1844,0.007034
19,30,1343,0.005123
19,31,3496,0.013336
19,32,1469,0.005604
19,33,2828,0.010788
19,34,1661,0.006336
19,35,2217,0.008457
19,36,2155,0.008221
19,37,1647,0.006283
19,38,1927,0.007351
19,39,960,0.003662
19,40,1719,0.006557
19,41,1757,0.006702
19,42,1820,0.006943
19,43,1237,0.004719
19,44,1352,0.005157
19,45,616,0.002350
19,46,2866,0.010933
19,47,1359,0.005184
19,48,1031,0.003933
19,49,549,0.002094
19,50,1317,0.005024
19,51,2609,0.009953
19,52,3545,0.013523
19,53,592,0.002258
19,54,3520,0.013428
19,55,1399,0.005337
19,56,1024,0.003906
19,57,1755,0.006695
19,58,1663,0.006344
19,59,2659,0.010143
19,60,1668,0.006363
19,61,1582,0.006035
19,62,1805,0.006886
19,63,2318,0.008842
19,64,3044,0.011612
19,65,1921,0.007328
19,66,2325,0.008869
19,67,2668,0.010178
19,68,2401,0.009159
19,69,1975,0.007534
19,70,1298,0.004951
19,71,1384,0.005280
19,72,1334,0.005089
19,73,3435,0.013103
19,74,778,0.002968
19,75,2840,0.010834
19,76,3015,0.011501
19,77,2249,0.008579
19,78,1419,0.005413
19,79,1918,0.007317
19,80,2207,0.008419
19,81,1848,0.007050
19,82,829,0.003162
19,83,1270,0.004845
19,84,1634,0.006233
19,85,1191,0.004543
19,86,2063,0.007870
19,87,1833,0.006992
19,88,3596,0.013718
19,89,1575,0.006008
19,90,1650,0.006294
19,91,3534,0.013481
19,92,2634,0.010048
19,93,1175,0.004482
19,94,2491,0.009502
19,95,1264,0.004822
19,96,2246,0.008568
19,97,4496,0.017151
19,98,1694,0.006462
19,99,2693,0.010273
19,100,2424,0.009247
19,101,3349,0.012775
19,102,1534,0.005852
19,103,1925,0.007343
19,104,2561,0.009769
19,105,1623,0.006191
19,106,1394,0.005318
19,107,2110,0.008049
19,108,2602,0.009926
19,109,2452,0.009354
19,110,1284,0.004898
19,111,2087,0.007961
19,112,1940,0.007401
19,113,3197,0.012196
19,114,1364,0.005203
19,115,1670,0.006371
19,116,3450,0.013161
19,117,1645,0.006275
19,118,1317,0.005024
19,119,1578,0.006020
19,120,1492,0.005692
19,121,1394,0.005318
19,122,3295,0.012569
19,123,1340,0.005112
19,124,908,0.003464
19,125,3088,0.011780
19,126,2025,0.007725
19,127,2341,0.008930
20,0,2184,0.008331
20,1,2463,0.009396
20,2,2595,0.009899
20,3,2271,0.008663
20,4,945,0.003605
20,5,1986,0.007576
20,6,1259,0.004803
20,7,2274,0.008675
20,8,2021,0.007710
20,9,3402,0.012978
20,10,1267,0.004833
20,11,1192,0.004547
20,12,1282,0.004890
20,13,2459,0.009380
20,14,1189,0.004536
20,15,1218,0.004646
20,16,2668,0.010178
20,17,1061,0.004047
20,18,892,0.003403
20,19,1220,0.004654
20,20,2028,0.007736
20,21,1032,0.003937
20,22,1921,0.007328
20,23,1372,0.005234
20,24,2827,0.010784
20,25,1810,0.006905
20,26,3801,0.014500
20,27,1861,0.007099
20,28,1383,0.005276
20,29,1981,0.007557
20,30,1816,0.006927
20,31,1489,0.005680
20,32,4606,0.017570
20,33,3225,0.012302
20,34,2978,0.011360
20,35,2938,0.011208
20,36,1267,0.004833
20,37,1507,0.005749
20,38,1068,0.004074
20,39,3005,0.011463
20,40,3875,0.014782
20,41,1562,0.005959
20,42,1888,0.007202
20,43,1551,0.005917
20,44,2193,0.008366
20,45,2094,0.007988
20,46,2186,0.008339
20,47,2499,0.009533
20,48,2076,0.007919
20,49,1748,0.006668
20,50,3182,0.012138
20,51,2315,0.008831
20,52,1317,0.005024
20,53,3508,0.013382
20,54,1853,0.007069
20,55,2860,0.010910
20,56,1864,0.007111
20,57,3712,0.014160
20,58,3931,0.014996
20,59,1974,0.007530
20,60,1863,0.007107
20,61,1733,0.006611
20,62,2441,0.009312
20,63,2411,0.009197
20,64,745,0.002842
20,65,1252,0.004776
20,66,3441,0.013126
20,67,2041,0.007786
20,68,668,0.002548
20,69,2043,0.007793
20,70,1415,0.005398
20,71,1622,0.006187
20,72,1209,0.004612
20,73,1614,0.006157
20,74,1144,0.004364
20,75,1514,0.005775
20,76,1373,0.005238
20,77,2792,0.010651
20,78,1716,0.006546
20,79,2119,0.008083
20,80,1445,0.005512
20,81,2681,0.010227
20,82,2186,0.008339
20,83,1560,0.005951
20,84,2965,0.011311
20,85,1757,0.006702
20,86,4806,0.018333
20,87,2175,0.008297
20,88,2063,0.007870
20,89,2058,0.007851
20,90,3232,0.012329
20,91,2053,0.007832
20,92,1620,0.006180
20,93,1069,0.004078
20,94,3850,0.014687
20,95,3207,0.012234
20,96,3639,0.013882
20,97,1891,0.007214
20,98,1196,0.004562
20,99,2287,0.008724
20,100,1294,0.004936
20,101,1487,0.005672
20,102,3111,0.011868
20,103,1535,0.005856
20,104,1097,0.004185
20,105,2060,0.007858
20,106,823,0.003139
20,107,2345,0.008945
20,108,1255,0.004787
20,109,3361,0.012821
20,110,1017,0.003880
20,111,1092,0.004166
20,112,1554,0.005928
20,113,450,0.001717
20,114,1061,0.004047
20,115,1766,0.006737
20,116,2421,0.009235
20,117,1707,0.006512
20,118,2278,0.008690
20,119,2061,0.007862
20,120,1905,0.007267
20,121,1246,0.004753
20,122,1645,0.006275
20,123,2943,0.011227
20,124,2824,0.010773
20,125,2532,0.009659
20,126,1308,0.004990
20,127,3119,0.011898
21,0,1407,0.005367
21,1,1969,0.007511
21,2,3847,0.014675
21,3,754,0.002876
21,4,1962,0.007484
21,5,2683,0.010235
21,6,1608,0.006134
21,7,806,0.003075
21,8,3001,0.011448
21,9,3176,0.012115
21,10,3645,0.013905
21,11,1132,0.004318
21,12,840,0.003204
21,13,2212,0.008438
21,14,4140,0.015793
21,15,1704,0.006500
21,16,2991,0.011410
21,17,1435,0.005474
21,18,2548,0.009720
21,19,2742,0.010460
21,20,1668,0.006363
21,21,3901,0.014881
21,22,1899,0.007244
21,23,4103,0.015652
21,24,1411,0.005383
21,25,1088,0.004150
21,26,750,0.002861
21,27,3043,0.011608
21,28,2180,0.008316
21,29,1610,0.006142
21,30,1405,0.005360
21,31,1561,0.005955
21,32,3295,0.012569
21,33,2429,0.009266
21,34,488,0.001862
21,35,981,0.003742
21,36,867,0.003307
21,37,2228,0.008499
21,38,2066,0.007881
21,39,2855,0.010891
21,40,1608,0.006134
21,41,1663,0.006344
21,42,1435,0.005474
21,43,2618,0.009987
21,44,1027,0.003918
21,45,1560,0.005951
21,46,682,0.002602
21,47,2807,0.010708
21,48,1005,0.003834
21,49,1515,0.005779
21,50,1941,0.007404
21,51,1621,0.006184
21,52,485,0.001850
21,53,2552,0.009735
21,54,2674,0.010201
21,55,2037,0.007771
21,56,1586,0.006050
21,57,1946,0.007423
21,58,4478,0.017082
21,59,1303,0.004971
21,60,1292,0.004929
21,61,2728,0.010406
21,62,4012,0.015305
21,63,2954,0.011269
21,64,1993,0.007603
21,65,3908,0.014908
21,66,1531,0.005840
21,67,2581,0.009846
21,68,762,0.002907
21,69,2826,0.010780
21,70,2019,0.007702
21,71,3419,0.013042
21,72,388,0.001480
21,73,2249,0.008579
21,74,1876,0.007156
21,75,1765,0.006733
21,76,2150,0.008202
21,77,1686,0.006432
21,78,2714,0.010353
21,79,1078,0.004112
21,80,2516,0.009598
21,81,3043,0.011608
21,82,1253,0.004780
21,83,4229,0.016132
21,84,1894,0.007225
21,85,1414,0.005394
21,86,2553,0.009739
21,87,2452,0.009354
21,88,2243,0.008556
21,89,795,0.003033
21,90,2782,0.010612
21,91,2777,0.010593
21,92,1366,0.005211
21,93,3989,0.015217
21,94,1841,0.007023
21,95,2236,0.008530
21,96,869,0.003315
21,97,2510,0.009575
21,98,1130,0.004311
21,99,919,0.003506
21,100,2073,0.007908
21,101,3380,0.012894
21,102,1410,0.005379
21,103,1235,0.004711
21,104,3135,0.011959
21,105,3026,0.011543
21,106,1919,0.007320
21,107,2272,0.008667
21,108,1224,0.004669
21,109,1029,0.003925
21,110,1005,0.003834
21,111,1700,0.006485
21,112,2797,0.010670
21,113,1645,0.006275
21,114,1989,0.007587
21,115,2699,0.010296
21,116,628,0.002396
21,117,2930,0.011177
21,118,2393,0.009129
21,119,1170,0.004463
21,120,1788,0.006821
21,121,886,0.003380
21,122,2475,0.009441
21,123,2013,0.007679
21,124,1730,0.006599
21,125,1067,0.004070
21,126,2394,0.009132
21,127,2417,0.009220
22,0,2492,0.009506
22,1,889,0.003391
22,2,1634,0.006233
22,3,1498,0.005714
22,4,2723,0.010387
22,5,2542,0.009697
22,6,2297,0.008762
22,7,2726,0.010399
22,8,1876,0.007156
22,9,4618,0.017616
22,10,1684,0.006424
22,11,1871,0.007137
22,12,1045,0.003986
22,13,2126,0.008110
22,14,2113,0.008060
22,15,3033,0.011570
22,16,2220,0.008469
22,17,1054,0.004021
22,18,1914,0.007301
22,19,1945,0.007420
22,20,2537,0.009678
22,21,1904,0.007263
22,22,1557,0.005939
22,23,2013,0.007679
22,24,2039,0.007778
22,25,1124,0.004288
22,26,1299,0.004955
22,27,1949,0.007435
22,28,2846,0.010857
22,29,2073,0.007908
22,30,1842,0.007027
22,31,2317,0.008839
22,32,1918,0.007317
22,33,855,0.003262
22,34,1431,0.005459
22,35,3024,0.011536
22,36,1988,0.007584
22,37,1177,0.004490
22,38,1984,0.007568
22,39,1766,0.006737
22,40,4317,0.016468
22,41,1241,0.004734
22,42,2485,0.009480
22,43,3135,0.011959
22,44,2577,0.009830
22,45,1158,0.004417
22,46,2075,0.007915
22,47,1270,0.004845
22,48,1630,0.006218
22,49,2451,0.009350
22,50,836,0.003189
22,51,2749,0.010487
22,52,3587,0.013683
22,53,2536,0.009674
22,54,1704,0.006500
22,55,3759,0.014339
22,56,2263,0.008633
22,57,758,0.002892
22,58,1216,0.004639
22,59,2175,0.008297
22,60,2087,0.007961
22,61,2426,0.009254
22,62,2361,0.009007
22,63,1269,0.004841
22,64,1641,0.006260
22,65,2161,0.008244
22,66,3994,0.015236
22,67,2944,0.011230
22,68,3221,0.012287
22,69,2543,0.009701
22,70,1768,0.006744
22,71,1448,0.005524
22,72,963,0.003674
22,73,1831,0.006985
22,74,2193,0.008366
22,75,1415,0.005398
22,76,758,0.002892
22,77,633,0.002415
22,78,671,0.002560
22,79,3350,0.012779
22,80,3597,0.013721
22,81,2783,0.010616
22,82,2476,0.009445
22,83,2304,0.008789
22,84,1005,0.003834
22,85,4543,0.017330
22,86,1860,0.007095
22,87,2023,0.007717
22,88,1573,0.006001
22,89,911,0.003475
22,90,2148,0.008194
22,91,2833,0.010807
22,92,2332,0.008896
22,93,943,0.003597
22,94,577,0.002201
22,95,3681,0.014042
22,96,2916,0.011124
22,97,927,0.003536
22,98,1544,0.005890
22,99,4121,0.015720
22,100,1668,0.006363
22,101,1645,0.006275
22,102,2000,0.007629
22,103,2194,0.008369
22,104,1748,0.006668
22,105,2755,0.010509
22,106,1616,0.006165
22,107,1465,0.005589
22,108,803,0.003063
22,109,2124,0.008102
22,110,4272,0.016296
22,111,2343,0.008938
22,112,3143,0.011990
22,113,2205,0.008411
22,114,2177,0.008305
22,115,607,0.002316
22,116,1429,0.005451
22,117,1689,0.006443
22,118,2500,0.009537
22,119,1812,0.006912
22,120,847,0.003231
22,121,699,0.002666
22,122,1620,0.006180
22,123,2008,0.007660
22,124,4365,0.016651
22,125,967,0.003689
22,126,1391,0.005306
22,127,1413,0.005390
23,0,3472,0.013245
23,1,1458,0.005562
23,2,1574,0.006004
23,3,2132,0.008133
23,4,257,0.000980
23,5,2786,0.010628
23,6,1784,0.006805
23,7,2382,0.009087
23,8,708,0.002701
23,9,2803,0.010693
23,10,2480,0.009460
23,11,4641,0.017704
23,12,1719,0.006557
23,13,3034,0.011574
23,14,2656,0.010132
23,15,1775,0.006771
23,16,631,0.002407
23,17,2624,0.010010
23,18,1716,0.006546
23,19,3452,0.013168
23,20,1858,0.007088
23,21,857,0.003269
23,22,1851,0.007061
23,23,1884,0.007187
23,24,2149,0.008198
23,25,2328,0.008881
23,26,1705,0.006504
23,27,731,0.002789
23,28,948,0.003616
23,29,1794,0.006844
23,30,1908,0.007278
23,31,2843,0.010845
23,32,1892,0.007217
23,33,2688,0.010254
23,34,2023,0.007717
23,35,1484,0.005661
23,36,3705,0.014133
23,37,1712,0.006531
23,38,1758,0.006706
23,39,1986,0.007576
23,40,2695,0.010281
23,41,1612,0.006149
23,42,1929,0.007359
23,43,1357,0.005177
23,44,2165,0.008259
23,45,552,0.002106
23,46,1280,0.004883
23,47,1381,0.005268
23,48,1616,0.006165
23,49,1465,0.005589
23,50,2745,0.010471
23,51,2500,0.009537
23,52,1097,0.004185
23,53,1967,0.007504
23,54,3205,0.012226
23,55,1327,0.005062
23,56,1569,0.005985
23,57,2152,0.008209
23,58,916,0.003494
23,59,1689,0.006443
23,60,3004,0.011459
23,61,3615,0.013790
23,62,1124,0.004288
23,63,2989,0.011402
23,64,977,0.003727
23,65,3885,0.014820
23,66,2377,0.009068
23,67,1703,0.006496
23,68,1635,0.006237
23,69,2246,0.008568
23,70,3377,0.012882
23,71,2390,0.009117
23,72,2965,0.011311
23,73,2758,0.010521
23,74,2725,0.010395
23,75,4162,0.015877
23,76,2946,0.011238
23,77,1922,0.007332
23,78,2255,0.008602
23,79,931,0.003551
23,80,798,0.003044
23,81,1565,0.005970
23,82,1933,0.007374
23,83,1624,0.006195
23,84,1790,0.006828
23,85,2941,0.011219
23,86,2217,0.008457
23,87,779,0.002972
23,88,2704,0.010315
23,89,2563,0.009777
23,90,1851,0.007061
23,91,1993,0.007603
23,92,1451,0.005535
23,93,2328,0.008881
23,94,1490,0.005684
23,95,1803,0.006878
23,96,2687,0.010250
23,97,1907,0.007275
23,98,1942,0.007408
23,99,3350,0.012779
23,100,1702,0.006493
23,101,2921,0.011143
23,102,2149,0.008198
23,103,1475,0.005627
23,104,1540,0.005875
23,105,2434,0.009285
23,106,3629,0.013844
23,107,1226,0.004677
23,108,1028,0.003922
23,109,3274,0.012489
23,110,2627,0.010021
23,111,2065,0.007877
23,112,950,0.003624
23,113,2986,0.011391
23,114,884,0.003372
23,115,2702,0.010307
23,116,1720,0.006561
23,117,1916,0.007309
23,118,1606,0.006126
23,119,1226,0.004677
23,120,1540,0.005875
23,121,2390,0.009117
23,122,566,0.002159
23,123,964,0.003677
23,124,2584,0.009857
23,125,2090,0.007973
23,126,3824,0.014587
23,127,1017,0.003880
24,0,1334,0.005089
24,1,2056,0.007843
24,2,2172,0.008286
24,3,2360,0.009003
24,4,2335,0.008907
24,5,2850,0.010872
24,6,787,0.003002
24,7,2352,0.008972
24,8,1590,0.006065
24,9,1591,0.006069
24,10,4124,0.015732
24,11,1810,0.006905
24,12,3557,0.013569
24,13,5430,0.020714
24,14,1814,0.006920
24,15,2081,0.007938
24,16,2033,0.007755
24,17,2224,0.008484
24,18,3826,0.014595
24,19,2991,0.011410
24,20,2293,0.008747
24,21,2145,0.008183
24,22,1332,0.005081
24,23,2440,0.009308
24,24,1175,0.004482
24,25,1439,0.005489
24,26,2111,0.008053
24,27,1505,0.005741
24,28,1044,0.003983
24,29,1945,0.007420
24,30,1292,0.004929
24,31,2650,0.010109
24,32,2326,0.008873
24,33,1096,0.004181
24,34,2385,0.009098
24,35,2730,0.010414
24,36,2291,0.008739
24,37,1853,0.007069
24,38,1670,0.006371
24,39,4297,0.016392
24,40,2278,0.008690
24,41,2180,0.008316
24,42,1825,0.006962
24,43,1273,0.004856
24,44,1641,0.006260
24,45,2681,0.010227
24,46,2453,0.009357
24,47,2424,0.009247
24,48,2236,0.008530
24,49,1410,0.005379
24,50,2230,0.008507
24,51,3115,0.011883
24,52,2079,0.007931
24,53,555,0.002117
24,54,1384,0.005280
24,55,756,0.002884
24,56,1352,0.005157
24,57,4724,0.018021
24,58,1692,0.006454
24,59,1349,0.005146
24,60,882,0.003365
24,61,1824,0.006958
24,62,3524,0.013443
24,63,1368,0.005219
24,64,2516,0.009598
24,65,2362,0.009010
24,66,1621,0.006184
24,67,2801,0.010685
24,68,1704,0.006500
24,69,1445,0.005512
24,70,1512,0.005768
24,71,2276,0.008682
24,72,4435,0.016918
24,73,3134,0.011955
24,74,1466,0.005592
24,75,2151,0.008205
24,76,1414,0.005394
24,77,1289,0.004917
24,78,728,0.002777
24,79,2353,0.008976
24,80,1591,0.006069
24,81,1871,0.007137
24,82,2353,0.008976
24,83,1033,0.003941
24,84,1126,0.004295
24,85,2463,0.009396
24,86,1233,0.004704
24,87,1292,0.004929
24,88,3073,0.011723
24,89,538,0.002052
24,90,2018,0.007698
24,91,3494,0.013329
24,92,4098,0.015633
24,93,3572,0.013626
24,94,963,0.003674
24,95,2300,0.008774
24,96,3023,0.011532
24,97,2449,0.009342
24,98,1657,0.006321
24,99,1241,0.004734
24,100,2705,0.010319
24,101,1021,0.003895
24,102,861,0.003284
24,103,1298,0.004951
24,104,2116,0.008072
24,105,3488,0.013306
24,106,1721,0.006565
24,107,2960,0.011292
24,108,1283,0.004894
24,109,1628,0.006210
24,110,1709,0.006519
24,111,1475,0.005627
24,112,3313,0.012638
24,113,953,0.003635
24,114,901,0.003437
24,115,3274,0.012489
24,116,2267,0.008648
24,117,2757,0.010517
24,118,1429,0.005451
24,119,2714,0.010353
24,120,777,0.002964
24,121,1899,0.007244
24,122,2272,0.008667
24,123,664,0.002533
24,124,1466,0.005592
24,125,954,0.003639
24,126,1345,0.005131
24,127,1728,0.006592
25,0,1659,0.006329
25,1,603,0.002300
25,2,2720,0.010376
25,3,1085,0.004139
25,4,2193,0.008366
25,5,1369,0.005222
25,6,840,0.003204
25,7,2923,0.011150
25,8,1817,0.006931
25,9,2473,0.009434
25,10,2420,0.009232
25,11,2264,0.008636
25,12,1427,0.005444
25,13,2498,0.009529
25,14,2949,0.011250
25,15,1479,0.005642
25,16,1193,0.004551
25,17,1472,0.005615
25,18,3194,0.012184
25,19,1911,0.007290
25,20,3540,0.013504
25,21,1652,0.006302
25,22,2044,0.007797
25,23,3661,0.013966
25,24,3990,0.015221
25,25,2732,0.010422
25,26,1176,0.004486
25,27,2043,0.007793
25,28,2000,0.007629
25,29,1157,0.004414
25,30,3385,0.012913
25,31,2456,0.009369
25,32,1336,0.005096
25,33,1163,0.004436
25,34,2228,0.008499
25,35,812,0.003098
25,36,2978,0.011360
25,37,1600,0.006104
25,38,1036,0.003952
25,39,2502,0.009544
25,40,1280,0.004883
25,41,1904,0.007263
25,42,2227,0.008495
25,43,1317,0.005024
25,44,2430,0.009270
25,45,3481,0.013279
25,46,3142,0.011986
25,47,2066,0.007881
25,48,2819,0.010754
25,49,1195,0.004559
25,50,1863,0.007107
25,51,3143,0.011990
25,52,1201,0.004581
25,53,2271,0.008663
25,54,2849,0.010868
25,55,2177,0.008305
25,56,4042,0.015419
25,57,1676,0.006393
25,58,1552,0.005920
25,59,1005,0.003834
25,60,2193,0.008366
25,61,2125,0.008106
25,62,1394,0.005318
25,63,2458,0.009377
25,64,3796,0.014481
25,65,1708,0.006516
25,66,3548,0.013535
25,67,2790,0.010643
25,68,1893,0.007221
25,69,611,0.002331
25,70,870,0.003319
25,71,1925,0.007343
25,72,1421,0.005421
25,73,2380,0.009079
25,74,1528,0.005829
25,75,1908,0.007278
25,76,1452,0.005539
25,77,1572,0.005997
25,78,2442,0.009315
25,79,774,0.002953
25,80,3271,0.012478
25,81,2624,0.010010
25,82,774,0.002953
25,83,2384,0.009094
25,84,1745,0.006657
25,85,1541,0.005878
25,86,1788,0.006821
25,87,1909,0.007282
25,88,1279,0.004879
25,89,1614,0.006157
25,90,3152,0.012024
25,91,893,0.003407
25,92,3011,0.011486
25,93,1374,0.005241
25,94,2529,0.009647
25,95,1004,0.003830
25,96,1356,0.005173
25,97,1784,0.006805
25,98,596,0.002274
25,99,1012,0.003860
25,100,3637,0.013874
25,101,2846,0.010857
25,102,2949,0.011250
25,103,2562,0.009773
25,104,1593,0.006077
25,105,3945,0.015049
25,106,4630,0.017662
25,107,1124,0.004288
25,108,1895,0.007229
25,109,1907,0.007275
25,110,1946,0.007423
25,111,3006,0.011467
25,112,2038,0.007774
25,113,2038,0.007774
25,114,2019,0.007702
25,115,1000,0.003815
25,116,3904,0.014893
25,117,1026,0.003914
25,118,1735,0.006618
25,119,1869,0.007130
25,120,2383,0.009090
25,121,2606,0.009941
25,122,697,0.002659
25,123,2147,0.008190
25,124,1194,0.004555
25,125,2455,0.009365
25,126,709,0.002705
25,127,2236,0.008530
26,0,457,0.001743
26,1,931,0.003551
26,2,1847,0.007046
26,3,2531,0.009655
26,4,2766,0.010551
26,5,2227,0.008495
26,6,1401,0.005344
26,7,2084,0.007950
26,8,1825,0.006962
26,9,1524,0.005814
26,10,2952,0.011261
26,11,1967,0.007504
26,12,1956,0.007462
26,13,2643,0.010082
26,14,1445,0.005512
26,15,1831,0.006985
26,16,1031,0.003933
26,17,1165,0.004444
26,18,896,0.003418
26,19,1035,0.003948
26,20,1044,0.003983
26,21,1753,0.006687
26,22,2394,0.009132
26,23,1458,0.005562
26,24,1951,0.007442
26,25,4301,0.016407
26,26,1424,0.005432
26,27,1675,0.006390
26,28,7051,0.026897
26,29,1557,0.005939
26,30,3660,0.013962
26,31,2035,0.007763
26,32,861,0.003284
26,33,2139,0.008160
26,34,1176,0.004486
26,35,1775,0.006771
26,36,2494,0.009514
26,37,1987,0.007580
26,38,1157,0.004414
26,39,868,0.003311
26,40,1385,0.005283
26,41,2114,0.008064
26,42,1364,0.005203
26,43,1354,0.005165
26,44,5220,0.019913
26,45,1873,0.007145
26,46,2867,0.010937
26,47,472,0.001801
26,48,1099,0.004192
26,49,924,0.003525
26,50,1445,0.005512
26,51,2672,0.010193
26,52,2351,0.008968
26,53,2032,0.007751
26,54,2473,0.009434
26,55,1705,0.006504
26,56,1928,0.007355
26,57,3643,0.013897
26,58,2610,0.009956
26,59,3098,0.011818
26,60,4211,0.016064
26,61,960,0.003662
26,62,4392,0.016754
26,63,1009,0.003849
26,64,3234,0.012337
26,65,1832,0.006989
26,66,4326,0.016502
26,67,3296,0.012573
26,68,1252,0.004776
26,69,2511,0.009579
26,70,2442,0.009315
26,71,1428,0.005447
26,72,2057,0.007847
26,73,1491,0.005688
26,74,1665,0.006351
26,75,1926,0.007347
26,76,1962,0.007484
26,77,1187,0.004528
26,78,4040,0.015411
26,79,968,0.003693
26,80,2051,0.007824
26,81,1459,0.005566
26,82,3141,0.011982
26,83,1577,0.006016
26,84,1568,0.005981
26,85,3888,0.014832
26,86,1480,0.005646
26,87,1814,0.006920
26,88,1333,0.005085
26,89,2348,0.008957
26,90,1997,0.007618
26,91,1129,0.004307
26,92,2120,0.008087
26,93,1493,0.005695
26,94,2275,0.008678
26,95,1078,0.004112
26,96,2742,0.010460
26,97,2888,0.011017
26,98,1259,0.004803
26,99,1773,0.006763
26,100,2561,0.009769
26,101,994,0.003792
26,102,1934,0.007378
26,103,2152,0.008209
26,104,1001,0.003819
26,105,1191,0.004543
26,106,3271,0.012478
26,107,2239,0.008541
26,108,1673,0.006382
26,109,1155,0.004406
26,110,2509,0.009571
26,111,1311,0.005001
26,112,4330,0.016518
26,113,2159,0.008236
26,114,2967,0.011318
26,115,2012,0.007675
26,116,3540,0.013504
26,117,2224,0.008484
26,118,1207,0.004604
26,119,2137,0.008152
26,120,1626,0.006203
26,121,2044,0.007797
26,122,1704,0.006500
26,123,1837,0.007008
26,124,1394,0.005318
26,125,1604,0.006119
26,126,2168,0.008270
26,127,1695,0.006466
27,0,3021,0.011524
27,1,2664,0.010162
27,2,1550,0.005913
27,3,1069,0.004078
27,4,3248,0.012390
27,5,1598,0.006096
27,6,1015,0.003872
27,7,1358,0.005180
27,8,1721,0.006565
27,9,3309,0.012623
27,10,2692,0.010269
27,11,1969,0.007511
27,12,976,0.003723
27,13,1640,0.006256
27,14,1459,0.005566
27,15,3476,0.013260
27,16,1806,0.006889
27,17,4919,0.018764
27,18,2316,0.008835
27,19,1310,0.004997
27,20,2058,0.007851
27,21,1272,0.004852
27,22,2343,0.008938
27,23,599,0.002285
27,24,3121,0.011906
27,25,2097,0.007999
27,26,2614,0.009972
27,27,1009,0.003849
27,28,4584,0.017487
27,29,985,0.003757
27,30,2074,0.007912
27,31,1016,0.003876
27,32,1677,0.006397
27,33,2189,0.008350
27,34,890,0.003395
27,35,1705,0.006504
27,36,2310,0.008812
27,37,1168,0.004456
27,38,2748,0.010483
27,39,1748,0.006668
27,40,1035,0.003948
27,41,1348,0.005142
27,42,1194,0.004555
27,43,1814,0.006920
27,44,2481,0.009464
27,45,1931,0.007366
27,46,2227,0.008495
27,47,1820,0.006943
27,48,2492,0.009506
27,49,3107,0.011852
27,50,841,0.003208
27,51,1966,0.007500
27,52,1693,0.006458
27,53,3466,0.013222
27,54,2845,0.010853
27,55,936,0.003571
27,56,1383,0.005276
27,57,685,0.002613
27,58,2294,0.008751
27,59,2129,0.008121
27,60,1584,0.006042
27,61,842,0.003212
27,62,2303,0.008785
27,63,1260,0.004807
27,64,2467,0.009411
27,65,1212,0.004623
27,66,4117,0.015705
27,67,3282,0.012520
27,68,3323,0.012676
27,69,695,0.002651
27,70,2957,0.011280
27,71,3093,0.011799
27,72,1311,0.005001
27,73,1870,0.007133
27,74,1554,0.005928
27,75,2662,0.010155
27,76,4512,0.017212
27,77,1076,0.004105
27,78,1018,0.003883
27,79,2467,0.009411
27,80,1142,0.004356
27,81,2699,0.010296
27,82,1553,0.005924
27,83,2278,0.008690
27,84,2765,0.010548
27,85,2167,0.008266
27,86,2955,0.011272
27,87,1101,0.004200
27,88,1046,0.003990
27,89,2153,0.008213
27,90,1066,0.004066
27,91,1899,0.007244
27,92,2387,0.009106
27,93,1912,0.007294
27,94,2235,0.008526
27,95,2094,0.007988
27,96,496,0.001892
27,97,1613,0.006153
27,98,1535,0.005856
27,99,3353,0.012791
27,100,3197,0.012196
27,101,1458,0.005562
27,102,2875,0.010967
27,103,1626,0.006203
27,104,2476,0.009445
27,105,1000,0.003815
27,106,2525,0.009632
27,107,2621,0.009998
27,108,857,0.003269
27,109,2318,0.008842
27,110,3324,0.012680
27,111,1864,0.007111
27,112,3086,0.011772
27,113,1187,0.004528
27,114,1099,0.004192
27,115,960,0.003662
27,116,2793,0.010654
27,117,575,0.002193
27,118,2532,0.009659
27,119,1745,0.006657
27,120,2691,0.010265
27,121,2109,0.008045
27,122,1896,0.007233
27,123,2524,0.009628
27,124,2950,0.011253
27,125,3068,0.011703
27,126,2974,0.011345
27,127,2750,0.010490
28,0,1543,0.005886
28,1,1975,0.007534
28,2,871,0.003323
28,3,1816,0.006927
28,4,1877,0.007160
28,5,3723,0.014202
28,6,4343,0.016567
28,7,1151,0.004391
28,8,872,0.003326
28,9,1475,0.005627
28,10,2339,0.008923
28,11,4181,0.015949
28,12,1039,0.003963
28,13,1072,0.004089
28,14,1085,0.004139
28,15,3552,0.013550
28,16,1511,0.005764
28,17,1791,0.006832
28,18,1153,0.004398
28,19,2564,0.009781
28,20,1784,0.006805
28,21,2051,0.007824
28,22,1540,0.005875
28,23,1590,0.006065
28,24,3522,0.013435
28,25,1563,0.005962
28,26,2741,0.010456
28,27,1707,0.006512
28,28,1168,0.004456
28,29,2398,0.009148
28,30,1295,0.004940
28,31,2147,0.008190
28,32,3243,0.012371
28,33,1779,0.006786
28,34,1540,0.005875
28,35,3277,0.012501
28,36,2000,0.007629
28,37,1481,0.005650
28,38,2007,0.007656
28,39,2798,0.010674
28,40,2636,0.010056
28,41,2389,0.009113
28,42,2520,0.009613
28,43,2029,0.007740
28,44,1087,0.004147
28,45,2087,0.007961
28,46,778,0.002968
28,47,2540,0.009689
28,48,1305,0.004978
28,49,1169,0.004459
28,50,3770,0.014381
28,51,2264,0.008636
28,52,2254,0.008598
28,53,1749,0.006672
28,54,2157,0.008228
28,55,1453,0.005543
28,56,1652,0.006302
28,57,2125,0.008106
28,58,2031,0.007748
28,59,442,0.001686
28,60,3577,0.013645
28,61,1465,0.005589
28,62,3004,0.011459
28,63,3412,0.013016
28,64,2363,0.009014
28,65,1607,0.006130
28,66,2667,0.010174
28,67,1670,0.006371
28,68,1176,0.004486
28,69,476,0.001816
28,70,2746,0.010475
28,71,2097,0.007999
28,72,3773,0.014393
28,73,1918,0.007317
28,74,2324,0.008865
28,75,2168,0.008270
28,76,1782,0.006798
28,77,2538,0.009682
28,78,2653,0.010120
28,79,2648,0.010101
28,80,1332,0.005081
28,81,1833,0.006992
28,82,4249,0.016209
28,83,2248,0.008575
28,84,1495,0.005703
28,85,900,0.003433
28,86,3459,0.013195
28,87,3167,0.012081
28,88,2488,0.009491
28,89,1588,0.006058
28,90,2803,0.010693
28,91,3286,0.012535
28,92,2289,0.008732
28,93,2066,0.007881
28,94,1744,0.006653
28,95,2071,0.007900
28,96,1388,0.005295
28,97,2352,0.008972
28,98,1342,0.005119
28,99,1550,0.005913
28,100,1092,0.004166
28,101,955,0.003643
28,102,2075,0.007915
28,103,4077,0.015553
28,104,742,0.002831
28,105,2052,0.007828
28,106,907,0.003460
28,107,1935,0.007381
28,108,893,0.003407
28,109,1919,0.007320
28,110,1668,0.006363
28,111,2089,0.007969
28,112,2427,0.009258
28,113,1862,0.007103
28,114,1968,0.007507
28,115,1410,0.005379
28,116,1450,0.005531
28,117,1812,0.006912
28,118,1995,0.007610
28,119,2324,0.008865
28,120,2412,0.009201
28,121,1057,0.004032
28,122,3055,0.011654
28,123,2406,0.009178
28,124,2012,0.007675
28,125,2046,0.007805
28,126,1303,0.004971
28,127,2486,0.009483
29,0,502,0.001915
29,1,559,0.002132
29,2,2593,0.009892
29,3,1451,0.005535
29,4,1780,0.006790
29,5,1338,0.005104
29,6,2661,0.010151
29,7,1181,0.004505
29,8,1899,0.007244
29,9,2351,0.008968
29,10,3659,0.013958
29,11,2979,0.011364
29,12,1890,0.007210
29,13,2726,0.010399
29,14,1534,0.005852
29,15,1873,0.007145
29,16,2659,0.010143
29,17,3483,0.013287
29,18,1064,0.004059
29,19,1567,0.005978
29,20,2429,0.009266
29,21,2540,0.009689
29,22,2197,0.008381
29,23,1761,0.006718
29,24,1229,0.004688
29,25,1103,0.004208
29,26,2406,0.009178
29,27,1516,0.005783
29,28,1756,0.006699
29,29,1364,0.005203
29,30,1503,0.005733
29,31,1297,0.004948
29,32,1658,0.006325
29,33,1767,0.006741
29,34,2364,0.009018
29,35,1229,0.004688
29,36,758,0.002892
29,37,1628,0.006210
29,38,2154,0.008217
29,39,1536,0.005859
29,40,2638,0.010063
29,41,2033,0.007755
29,42,1211,0.004620
29,43,2566,0.009789
29,44,2266,0.008644
29,45,1799,0.006863
29,46,1607,0.006130
29,47,1108,0.004227
29,48,693,0.002644
29,49,2380,0.009079
29,50,4619,0.017620
29,51,2722,0.010384
29,52,2453,0.009357
29,53,1994,0.007607
29,54,1547,0.005901
29,55,3678,0.014030
29,56,2228,0.008499
29,57,2959,0.011288
29,58,1858,0.007088
29,59,2551,0.009731
29,60,2707,0.010326
29,61,1297,0.004948
29,62,945,0.003605
29,63,2534,0.009666
29,64,2998,0.011436
29,65,2476,0.009445
29,66,1558,0.005943
29,67,842,0.003212
29,68,1411,0.005383
29,69,2979,0.011364
29,70,2735,0.010433
29,71,1694,0.006462
29,72,2698,0.010292
29,73,1838,0.007011
29,74,1307,0.004986
29,75,1908,0.007278
29,76,1353,0.005161
29,77,2867,0.010937
29,78,1387,0.005291
29,79,2130,0.008125
29,80,3181,0.012135
29,81,1904,0.007263
29,82,1388,0.005295
29,83,2892,0.011032
29,84,2317,0.008839
29,85,3252,0.012405
29,86,1900,0.007248
29,87,2355,0.008984
29,88,1874,0.007149
29,89,2386,0.009102
29,90,2020,0.007706
29,91,1653,0.006306
29,92,1144,0.004364
29,93,1332,0.005081
29,94,1666,0.006355
29,95,2400,0.009155
29,96,2399,0.009151
29,97,1826,0.006966
29,98,2743,0.010464
29,99,3892,0.014847
29,100,1703,0.006496
29,101,2555,0.009747
29,102,2286,0.008720
29,103,2330,0.008888
29,104,2013,0.007679
29,105,489,0.001865
29,106,3048,0.011627
29,107,671,0.002560
29,108,800,0.003052
29,109,2170,0.008278
29,110,2652,0.010117
29,111,2575,0.009823
29,112,1138,0.004341
29,113,1143,0.004360
29,114,2050,0.007820
29,115,853,0.003254
29,116,3437,0.013111
29,117,3619,0.013805
29,118,1851,0.007061
29,119,1771,0.006756
29,120,2072,0.007904
29,121,4294,0.016380
29,122,1189,0.004536
29,123,1307,0.004986
29,124,2355,0.008984
29,125,1485,0.005665
29,126,2751,0.010494
29,127,4495,0.017147
30,0,2557,0.009754
30,1,1439,0.005489
30,2,1977,0.007542
30,3,1656,0.006317
30,4,1101,0.004200
30,5,2502,0.009544
30,6,3130,0.011940
30,7,2356,0.008987
30,8,3673,0.014011
30,9,1269,0.004841
30,10,1682,0.006416
30,11,918,0.003502
30,12,1939,0.007397
30,13,3166,0.012077
30,14,1792,0.006836
30,15,1562,0.005959
30,16,2558,0.009758
30,17,3103,0.011837
30,18,1952,0.007446
30,19,1801,0.006870
30,20,3204,0.012222
30,21,2276,0.008682
30,22,3278,0.012505
30,23,1385,0.005283
30,24,1776,0.006775
30,25,1347,0.005138
30,26,839,0.003201
30,27,1117,0.004261
30,28,2331,0.008892
30,29,2797,0.010670
30,30,1688,0.006439
30,31,1509,0.005756
30,32,3170,0.012093
30,33,1275,0.004864
30,34,2484,0.009476
30,35,1020,0.003891
30,36,777,0.002964
30,37,2043,0.007793
30,38,1787,0.006817
30,39,1321,0.005039
30,40,794,0.003029
30,41,2057,0.007847
30,42,1258,0.004799
30,43,3619,0.013805
30,44,2258,0.008614
30,45,1397,0.005329
30,46,1029,0.003925
30,47,1777,0.006779
30,48,1390,0.005302
30,49,995,0.003796
30,50,2483,0.009472
30,51,1203,0.004589
30,52,2267,0.008648
30,53,1409,0.005375
30,54,2203,0.008404
30,55,2107,0.008038
30,56,2994,0.011421
30,57,2621,0.009998
30,58,1172,0.004471
30,59,2780,0.010605
30,60,3970,0.015144
30,61,1225,0.004673
30,62,2534,0.009666
30,63,1777,0.006779
30,64,2209,0.008427
30,65,5098,0.019447
30,66,468,0.001785
30,67,1055,0.004025
30,68,1920,0.007324
30,69,1040,0.003967
30,70,1665,0.006351
30,71,2791,0.010647
30,72,1846,0.007042
30,73,1161,0.004429
30,74,2805,0.010700
30,75,2274,0.008675
30,76,1316,0.005020
30,77,2329,0.008884
30,78,674,0.002571
30,79,2088,0.007965
30,80,1629,0.006214
30,81,3027,0.011547
30,82,1823,0.006954
30,83,791,0.003017
30,84,4603,0.017559
30,85,1965,0.007496
30,86,1980,0.007553
30,87,893,0.003407
30,88,3893,0.014851
30,89,3475,0.013256
30,90,3238,0.012352
30,91,2272,0.008667
30,92,2848,0.010864
30,93,2727,0.010403
30,94,926,0.003532
30,95,3216,0.012268
30,96,947,0.003613
30,97,2527,0.009640
30,98,433,0.001652
30,99,2737,0.010441
30,100,728,0.002777
30,101,2806,0.010704
30,102,2376,0.009064
30,103,2166,0.008263
30,104,1683,0.006420
30,105,2078,0.007927
30,106,2864,0.010925
30,107,1335,0.005093
30,108,1143,0.004360
30,109,2925,0.011158
30,110,555,0.002117
30,111,3164,0.012070
30,112,580,0.002213
30,113,1757,0.006702
30,114,3165,0.012074
30,115,3167,0.012081
30,116,856,0.003265
30,117,1603,0.006115
30,118,2836,0.010818
30,119,2670,0.010185
30,120,282,0.001076
30,121,2283,0.008709
30,122,1070,0.004082
30,123,3951,0.015072
30,124,1318,0.005028
30,125,3959,0.015102
30,126,2356,0.008987
30,127,2903,0.011074
31,0,2536,0.009674
31,1,2147,0.008190
31,2,1346,0.005135
31,3,1363,0.005199
31,4,1306,0.004982
31,5,1053,0.004017
31,6,1464,0.005585
31,7,1812,0.006912
31,8,1643,0.006268
31,9,2767,0.010555
31,10,1559,0.005947
31,11,2658,0.010139
31,12,2193,0.008366
31,13,3393,0.012943
31,14,2315,0.008831
31,15,2981,0.011372
31,16,2551,0.009731
31,17,1891,0.007214
31,18,2722,0.010384
31,19,1061,0.004047
31,20,1997,0.007618
31,21,1986,0.007576
31,22,2657,0.010136
31,23,880,0.003357
31,24,1762,0.006721
31,25,2384,0.009094
31,26,2472,0.009430
31,27,1403,0.005352
31,28,978,0.003731
31,29,2110,0.008049
31,30,853,0.003254
31,31,1907,0.007275
31,32,1831,0.006985
31,33,1948,0.007431
31,34,3043,0.011608
31,35,2763,0.010540
31,36,2197,0.008381
31,37,2430,0.009270
31,38,1771,0.006756
31,39,2029,0.007740
31,40,2121,0.008091
31,41,1400,0.005341
31,42,1957,0.007465
31,43,3773,0.014393
31,44,1802,0.006874
31,45,2039,0.007778
31,46,1179,0.004498
31,47,1268,0.004837
31,48,993,0.003788
31,49,1325,0.005054
31,50,3460,0.013199
31,51,3240,0.012360
31,52,1849,0.007053
31,53,568,0.002167
31,54,3065,0.011692
31,55,1442,0.005501
31,56,1122,0.004280
31,57,3265,0.012455
31,58,1885,0.007191
31,59,3768,0.014374
31,60,1993,0.007603
31,61,1348,0.005142
31,62,1303,0.004971
31,63,621,0.002369
31,64,1836,0.007004
31,65,1358,0.005180
31,66,2289,0.008732
31,67,1666,0.006355
31,68,3568,0.013611
31,69,1410,0.005379
31,70,2154,0.008217
31,71,3677,0.014027
31,72,2355,0.008984
31,73,3503,0.013363
31,74,3290,0.012550
31,75,1737,0.006626
31,76,1466,0.005592
31,77,498,0.001900
31,78,1781,0.006794
31,79,1795,0.006847
31,80,2084,0.007950
31,81,3449,0.013157
31,82,1765,0.006733
31,83,1645,0.006275
31,84,2280,0.008698
31,85,1657,0.006321
31,86,1482,0.005653
31,87,1251,0.004772
31,88,1844,0.007034
31,89,2105,0.008030
31,90,1204,0.004593
31,91,1468,0.005600
31,92,1925,0.007343
31,93,1236,0.004715
31,94,2626,0.010017
31,95,2576,0.009827
31,96,1678,0.006401
31,97,4677,0.017841
31,98,2703,0.010311
31,99,2348,0.008957
31,100,2208,0.008423
31,101,2899,0.011059
31,102,3260,0.012436
31,103,2183,0.008327
31,104,4657,0.017765
31,105,1882,0.007179
31,106,1465,0.005589
31,107,1208,0.004608
31,108,1405,0.005360
31,109,1682,0.006416
31,110,1543,0.005886
31,111,1348,0.005142
31,112,2400,0.009155
31,113,1063,0.004055
31,114,956,0.003647
31,115,1799,0.006863
31,116,1548,0.005905
31,117,1270,0.004845
31,118,3808,0.014526
31,119,1661,0.006336
31,120,2211,0.008434
31,121,953,0.003635
31,122,5540,0.021133
31,123,1561,0.005955
31,124,2642,0.010078
31,125,1968,0.007507
31,126,2350,0.008965
31,127,1340,0.005112
32,0,479,0.001827
32,1,874,0.003334
32,2,3566,0.013603
32,3,2378,0.009071
32,4,2654,0.010124
32,5,1482,0.005653
32,6,1751,0.006680
32,7,1572,0.005997
32,8,1113,0.004246
32,9,2619,0.009991
32,10,1413,0.005390
32,11,805,0.003071
32,12,2021,0.007710
32,13,1906,0.007271
32,14,1421,0.005421
32,15,2128,0.008118
32,16,2419,0.009228
32,17,2973,0.011341
32,18,1486,0.005669
32,19,1450,0.005531
32,20,2584,0.009857
32,21,1932,0.007370
32,22,1545,0.005894
32,23,2642,0.010078
32,24,3193,0.012180
32,25,2519,0.009609
32,26,1195,0.004559
32,27,449,0.001713
32,28,2729,0.010410
32,29,1762,0.006721
32,30,1851,0.007061
32,31,4137,0.015781
32,32,2653,0.010120
32,33,2124,0.008102
32,34,1922,0.007332
32,35,874,0.003334
32,36,2545,0.009708
32,37,1737,0.006626
32,38,2220,0.008469
32,39,3264,0.012451
32,40,1360,0.005188
32,41,2339,0.008923
32,42,570,0.002174
32,43,725,0.002766
32,44,2201,0.008396
32,45,2628,0.010025
32,46,1430,0.005455
32,47,2993,0.011417
32,48,1794,0.006844
32,49,2990,0.011406
32,50,1376,0.005249
32,51,1240,0.004730
32,52,3131,0.011944
32,53,3315,0.012646
32,54,1264,0.004822
32,55,3286,0.012535
32,56,952,0.003632
32,57,2238,0.008537
32,58,1185,0.004520
32,59,1334,0.005089
32,60,1833,0.006992
32,61,1753,0.006687
32,62,2718,0.010368
32,63,1688,0.006439
32,64,889,0.003391
32,65,2768,0.010559
32,66,3948,0.015060
32,67,757,0.002888
32,68,2811,0.010723
32,69,868,0.003311
32,70,2574,0.009819
32,71,1598,0.006096
32,72,1105,0.004215
32,73,2006,0.007652
32,74,1445,0.005512
32,75,3590,0.013695
32,76,1689,0.006443
32,77,2196,0.008377
32,78,1876,0.007156
32,79,2702,0.010307
32,80,1452,0.005539
32,81,4076,0.015549
32,82,2092,0.007980
32,83,2091,0.007977
32,84,1979,0.007549
32,85,2108,0.008041
32,86,1697,0.006474
32,87,1561,0.005955
32,88,1674,0.006386
32,89,2195,0.008373
32,90,2895,0.011044
32,91,2163,0.008251
32,92,1802,0.006874
32,93,2308,0.008804
32,94,2805,0.010700
32,95,2447,0.009335
32,96,3743,0.014278
32,97,1906,0.007271
32,98,1984,0.007568
32,99,1480,0.005646
32,100,1354,0.005165
32,101,2166,0.008263
32,102,1696,0.006470
32,103,2608,0.009949
32,104,1758,0.006706
32,105,2014,0.007683
32,106,3996,0.015244
32,107,2691,0.010265
32,108,2974,0.011345
32,109,1374,0.005241
32,110,1263,0.004818
32,111,1585,0.006046
32,112,3110,0.011864
32,113,1218,0.004646
32,114,2060,0.007858
32,115,3598,0.013725
32,116,1634,0.006233
32,117,1947,0.007427
32,118,2525,0.009632
32,119,845,0.003223
32,120,3225,0.012302
32,121,1691,0.006451
32,122,1648,0.006287
32,123,801,0.003056
32,124,1407,0.005367
32,125,447,0.001705
32,126,3173,0.012104
32,127,3326,0.012688
33,0,1438,0.005486
33,1,3135,0.011959
33,2,2607,0.009945
33,3,1311,0.005001
33,4,1366,0.005211
33,5,901,0.003437
33,6,1012,0.003860
33,7,867,0.003307
33,8,2593,0.009892
33,9,4472,0.017059
33,10,2588,0.009872
33,11,836,0.003189
33,12,1757,0.006702
33,13,2052,0.007828
33,14,1028,0.003922
33,15,1282,0.004890
33,16,2378,0.009071
33,17,1751,0.006680
33,18,1519,0.005795
33,19,832,0.003174
33,20,3007,0.011471
33,21,2435,0.009289
33,22,4355,0.016613
33,23,1022,0.003899
33,24,2685,0.010242
33,25,2768,0.010559
33,26,2317,0.008839
33,27,1369,0.005222
33,28,1639,0.006252
33,29,2095,0.007992
33,30,675,0.002575
33,31,2760,0.010529
33,32,2185,0.008335
33,33,1771,0.006756
33,34,2130,0.008125
33,35,2153,0.008213
33,36,2454,0.009361
33,37,2254,0.008598
33,38,1346,0.005135
33,39,1592,0.006073
33,40,2106,0.008034
33,41,1942,0.007408
33,42,3619,0.013805
33,43,1501,0.005726
33,44,1742,0.006645
33,45,1790,0.006828
33,46,1034,0.003944
33,47,2180,0.008316
33,48,1268,0.004837
33,49,1729,0.006596
33,50,1442,0.005501
33,51,1934,0.007378
33,52,2159,0.008236
33,53,500,0.001907
33,54,1942,0.007408
33,55,2254,0.008598
33,56,1189,0.004536
33,57,1609,0.006138
33,58,4053,0.015461
33,59,1605,0.006123
33,60,2496,0.009521
33,61,1220,0.004654
33,62,3047,0.011623
33,63,795,0.003033
33,64,2139,0.008160
33,65,1741,0.006641
33,66,2156,0.008224
33,67,2030,0.007744
33,68,2555,0.009747
33,69,1219,0.004650
33,70,1020,0.003891
33,71,2413,0.009205
33,72,2225,0.008488
33,73,648,0.002472
33,74,3736,0.014252
33,75,1845,0.007038
33,76,1903,0.007259
33,77,852,0.003250
33,78,2144,0.008179
33,79,2404,0.009171
33,80,2593,0.009892
33,81,1296,0.004944
33,82,6047,0.023067
33,83,2841,0.010838
33,84,2941,0.011219
33,85,4226,0.016121
33,86,1903,0.007259
33,87,2247,0.008572
33,88,631,0.002407
33,89,825,0.003147
33,90,1874,0.007149
33,91,2122,0.008095
33,92,1947,0.007427
33,93,1666,0.006355
33,94,2608,0.009949
33,95,2624,0.010010
33,96,1708,0.006516
33,97,2044,0.007797
33,98,2444,0.009323
33,99,2209,0.008427
33,100,949,0.003620
33,101,1735,0.006618
33,102,1589,0.006062
33,103,3445,0.013142
33,104,1303,0.004971
33,105,1906,0.007271
33,106,1779,0.006786
33,107,1652,0.006302
33,108,910,0.003471
33,109,4019,0.015331
33,110,1892,0.007217
33,111,2505,0.009556
33,112,2339,0.008923
33,113,1584,0.006042
33,114,1932,0.007370
33,115,3283,0.012524
33,116,1065,0.004063
33,117,1929,0.007359
33,118,2311,0.008816
33,119,1721,0.006565
33,120,1721,0.006565
33,121,2585,0.009861
33,122,1805,0.006886
33,123,4304,0.016418
33,124,2613,0.009968
33,125,3618,0.013802
33,126,2607,0.009945
33,127,1324,0.005051
34,0,1839,0.007015
34,1,1924,0.007339
34,2,1853,0.007069
34,3,806,0.003075
34,4,2437,0.009296
34,5,2419,0.009228
34,6,1993,0.007603
34,7,958,0.003654
34,8,3521,0.013432
34,9,1651,0.006298
34,10,1565,0.005970
34,11,603,0.002300
34,12,2603,0.009930
34,13,2890,0.011024
34,14,2848,0.010864
34,15,609,0.002323
34,16,3025,0.011539
34,17,1655,0.006313
34,18,1688,0.006439
34,19,1367,0.005215
34,20,2461,0.009388
34,21,2873,0.010960
34,22,1946,0.007423
34,23,1657,0.006321
34,24,2992,0.011414
34,25,1845,0.007038
34,26,2196,0.008377
34,27,1618,0.006172
34,28,2256,0.008606
34,29,2363,0.009014
34,30,1304,0.004974
34,31,986,0.003761
34,32,1806,0.006889
34,33,951,0.003628
34,34,1787,0.006817
34,35,3033,0.011570
34,36,1680,0.006409
34,37,494,0.001884
34,38,1241,0.004734
34,39,2060,0.007858
34,40,2113,0.008060
34,41,1306,0.004982
34,42,6428,0.024521
34,43,2437,0.009296
34,44,1369,0.005222
34,45,3409,0.013004
34,46,2794,0.010658
34,47,4926,0.018791
34,48,2374,0.009056
34,49,2101,0.008015
34,50,1074,0.004097
34,51,1978,0.007545
34,52,1107,0.004223
34,53,2847,0.010860
34,54,1412,0.005386
34,55,4819,0.018383
34,56,1911,0.007290
34,57,4479,0.017086
34,58,893,0.003407
34,59,1515,0.005779
34,60,1023,0.003902
34,61,1066,0.004066
34,62,1896,0.007233
34,63,787,0.003002
34,64,2586,0.009865
34,65,1796,0.006851
34,66,1527,0.005825
34,67,1649,0.006290
34,68,1506,0.005745
34,69,5170,0.019722
34,70,1716,0.006546
34,71,1753,0.006687
34,72,1575,0.006008
34,73,2914,0.011116
34,74,2141,0.008167
34,75,2152,0.008209
34,76,790,0.003014
34,77,1852,0.007065
34,78,2997,0.011433
34,79,1259,0.004803
34,80,3103,0.011837
34,81,2219,0.008465
34,82,2236,0.008530
34,83,2480,0.009460
34,84,1500,0.005722
34,85,1829,0.006977
34,86,3092,0.011795
34,87,3461,0.013203
34,88,3131,0.011944
34,89,3554,0.013557
34,90,3128,0.011932
34,91,933,0.003559
34,92,2461,0.009388
34,93,845,0.003223
34,94,1199,0.004574
34,95,986,0.003761
34,96,1338,0.005104
34,97,2056,0.007843
34,98,1208,0.004608
34,99,2138,0.008156
34,100,2940,0.011215
34,101,2379,0.009075
34,102,680,0.002594
34,103,1737,0.006626
34,104,2520,0.009613
34,105,1732,0.006607
34,106,2307,0.008801
34,107,1276,0.004868
34,108,1682,0.006416
34,109,2600,0.009918
34,110,1184,0.004517
34,111,1879,0.007168
34,112,1846,0.007042
34,113,1620,0.006180
34,114,2255,0.008602
34,115,3221,0.012287
34,116,1696,0.006470
34,117,1435,0.005474
34,118,1779,0.006786
34,119,3313,0.012638
34,120,1289,0.004917
34,121,1177,0.004490
34,122,1429,0.005451
34,123,2615,0.009975
34,124,1957,0.007465
34,125,2582,0.009850
34,126,1104,0.004211
34,127,1763,0.006725
35,0,1080,0.004120
35,1,1204,0.004593
35,2,2151,0.008205
35,3,1796,0.006851
35,4,4117,0.015705
35,5,3093,0.011799
35,6,1847,0.007046
35,7,1714,0.006538
35,8,921,0.003513
35,9,794,0.003029
35,10,2966,0.011314
35,11,1470,0.005608
35,12,2113,0.008060
35,13,1954,0.007454
35,14,2564,0.009781
35,15,3835,0.014629
35,16,2695,0.010281
35,17,1825,0.006962
35,18,3410,0.013008
35,19,2513,0.009586
35,20,1746,0.006660
35,21,2013,0.007679
35,22,2927,0.011166
35,23,3195,0.012188
35,24,1428,0.005447
35,25,1679,0.006405
35,26,932,0.003555
35,27,2806,0.010704
35,28,1793,0.006840
35,29,3559,0.013577
35,30,3431,0.013088
35,31,2120,0.008087
35,32,2101,0.008015
35,33,1311,0.005001
35,34,1397,0.005329
35,35,2002,0.007637
35,36,1728,0.006592
35,37,3682,0.014046
35,38,1407,0.005367
35,39,2511,0.009579
35,40,1754,0.006691
35,41,1971,0.007519
35,42,2211,0.008434
35,43,1117,0.004261
35,44,2665,0.010166
35,45,3171,0.012096
35,46,2986,0.011391
35,47,1790,0.006828
35,48,1257,0.004795
35,49,2704,0.010315
35,50,1462,0.005577
35,51,2133,0.008137
35,52,750,0.002861
35,53,922,0.003517
35,54,1766,0.006737
35,55,1689,0.006443
35,56,1224,0.004669
35,57,797,0.003040
35,58,2204,0.008408
35,59,854,0.003258
35,60,1364,0.005203
35,61,2594,0.009895
35,62,1888,0.007202
35,63,2200,0.008392
35,64,2022,0.007713
35,65,1980,0.007553
35,66,1744,0.006653
35,67,1192,0.004547
35,68,2915,0.011120
35,69,2095,0.007992
35,70,1984,0.007568
35,71,5641,0.021519
35,72,1159,0.004421
35,73,3034,0.011574
35,74,2137,0.008152
35,75,1065,0.004063
35,76,1500,0.005722
35,77,1647,0.006283
35,78,877,0.003345
35,79,1438,0.005486
35,80,2665,0.010166
35,81,3258,0.012428
35,82,2210,0.008430
35,83,2005,0.007648
35,84,1791,0.006832
35,85,1354,0.005165
35,86,1618,0.006172
35,87,2162,0.008247
35,88,976,0.003723
35,89,1690,0.006447
35,90,2046,0.007805
35,91,2094,0.007988
35,92,885,0.003376
35,93,3426,0.013069
35,94,2386,0.009102
35,95,1283,0.004894
35,96,1588,0.006058
35,97,2751,0.010494
35,98,2860,0.010910
35,99,1335,0.005093
35,100,1173,0.004475
35,101,3174,0.012108
35,102,2360,0.009003
35,103,1807,0.006893
35,104,1540,0.005875
35,105,1824,0.006958
35,106,1181,0.004505
35,107,2795,0.010662
35,108,2158,0.008232
35,109,2200,0.008392
35,110,4776,0.018219
35,111,2380,0.009079
35,112,1100,0.004196
35,113,1450,0.005531
35,114,2938,0.011208
35,115,3270,0.012474
35,116,2068,0.007889
35,117,1617,0.006168
35,118,2756,0.010513
35,119,1220,0.004654
35,120,1249,0.004765
35,121,1794,0.006844
35,122,2271,0.008663
35,123,2115,0.008068
35,124,2194,0.008369
35,125,1095,0.004177
35,126,1607,0.006130
35,127,1916,0.007309
36,0,1581,0.006031
36,1,1416,0.005402
36,2,2366,0.009026
36,3,1525,0.005817
36,4,1237,0.004719
36,5,2852,0.010880
36,6,1912,0.007294
36,7,782,0.002983
36,8,2241,0.008549
36,9,3841,0.014652
36,10,2658,0.010139
36,11,2923,0.011150
36,12,3114,0.011879
36,13,2162,0.008247
36,14,1291,0.004925
36,15,2837,0.010822
36,16,1010,0.003853
36,17,1959,0.007473
36,18,2334,0.008904
36,19,2107,0.008038
36,20,1516,0.005783
36,21,1122,0.004280
36,22,3810,0.014534
36,23,2551,0.009731
36,24,1426,0.005440
36,25,1081,0.004124
36,26,2020,0.007706
36,27,1994,0.007607
36,28,1975,0.007534
36,29,3266,0.012459
36,30,1377,0.005253
36,31,2254,0.008598
36,32,819,0.003124
36,33,1643,0.006268
36,34,3299,0.012585
36,35,966,0.003685
36,36,2665,0.010166
36,37,610,0.002327
36,38,1540,0.005875
36,39,1694,0.006462
36,40,1451,0.005535
36,41,2199,0.008389
36,42,2439,0.009304
36,43,2649,0.010105
36,44,1572,0.005997
36,45,1328,0.005066
36,46,3083,0.011761
36,47,1399,0.005337
36,48,2402,0.009163
36,49,1453,0.005543
36,50,2348,0.008957
36,51,5206,0.019859
36,52,2505,0.009556
36,53,5257,0.020054
36,54,1303,0.004971
36,55,1910,0.007286
36,56,2048,0.007812
36,57,1762,0.006721
36,58,2586,0.009865
36,59,2546,0.009712
36,60,2037,0.007771
36,61,3502,0.013359
36,62,1184,0.004517
36,63,1402,0.005348
36,64,552,0.002106
36,65,2104,0.008026
36,66,1606,0.006126
36,67,2170,0.008278
36,68,1306,0.004982
36,69,1203,0.004589
36,70,1962,0.007484
36,71,1410,0.005379
36,72,2199,0.008389
36,73,2076,0.007919
36,74,1822,0.006950
36,75,2561,0.009769
36,76,1960,0.007477
36,77,1564,0.005966
36,78,1209,0.004612
36,79,2231,0.008511
36,80,1259,0.004803
36,81,2793,0.010654
36,82,2174,0.008293
36,83,1499,0.005718
36,84,1081,0.004124
36,85,1035,0.003948
36,86,3289,0.012547
36,87,620,0.002365
36,88,1354,0.005165
36,89,5017,0.019138
36,90,2762,0.010536
36,91,3676,0.014023
36,92,2357,0.008991
36,93,1960,0.007477
36,94,2399,0.009151
36,95,644,0.002457
36,96,994,0.003792
36,97,1263,0.004818
36,98,1109,0.004230
36,99,1045,0.003986
36,100,4851,0.018505
36,101,1207,0.004604
36,102,2806,0.010704
36,103,644,0.002457
36,104,602,0.002296
36,105,1893,0.007221
36,106,2497,0.009525
36,107,1044,0.003983
36,108,1692,0.006454
36,109,3278,0.012505
36,110,3012,0.011490
36,111,1196,0.004562
36,112,3859,0.014721
36,113,3523,0.013439
36,114,2815,0.010738
36,115,863,0.003292
36,116,1319,0.005032
36,117,2299,0.008770
36,118,1859,0.007092
36,119,1945,0.007420
36,120,2382,0.009087
36,121,2089,0.007969
36,122,2600,0.009918
36,123,3485,0.013294
36,124,2164,0.008255
36,125,1651,0.006298
36,126,1918,0.007317
36,127,1039,0.003963
37,0,1943,0.007412
37,1,3150,0.012016
37,2,606,0.002312
37,3,738,0.002815
37,4,2894,0.011040
37,5,1428,0.005447
37,6,1795,0.006847
37,7,2291,0.008739
37,8,3900,0.014877
37,9,2835,0.010815
37,10,2800,0.010681
37,11,2476,0.009445
37,12,1303,0.004971
37,13,2377,0.009068
37,14,3521,0.013432
37,15,393,0.001499
37,16,623,0.002377
37,17,2469,0.009418
37,18,997,0.003803
37,19,1653,0.006306
37,20,2175,0.008297
37,21,3743,0.014278
37,22,1831,0.006985
37,23,2176,0.008301
37,24,3312,0.012634
37,25,1345,0.005131
37,26,880,0.003357
37,27,3269,0.012470
37,28,579,0.002209
37,29,819,0.003124
37,30,994,0.003792
37,31,2646,0.010094
37,32,2763,0.010540
37,33,2497,0.009525
37,34,2927,0.011166
37,35,1271,0.004848
37,36,1642,0.006264
37,37,1435,0.005474
37,38,1925,0.007343
37,39,1898,0.007240
37,40,1072,0.004089
37,41,2159,0.008236
37,42,2421,0.009235
37,43,2576,0.009827
37,44,1798,0.006859
37,45,2133,0.008137
37,46,1670,0.006371
37,47,720,0.002747
37,48,3193,0.012180
37,49,3137,0.011967
37,50,1228,0.004684
37,51,1696,0.006470
37,52,2126,0.008110
37,53,2433,0.009281
37,54,2027,0.007732
37,55,1846,0.007042
37,56,2149,0.008198
37,57,903,0.003445
37,58,2088,0.007965
37,59,1736,0.006622
37,60,4183,0.015957
37,61,3701,0.014118
37,62,2300,0.008774
37,63,1600,0.006104
37,64,2715,0.010357
37,65,1216,0.004639
37,66,3413,0.013020
37,67,1704,0.006500
37,68,1985,0.007572
37,69,1190,0.004539
37,70,1241,0.004734
37,71,3841,0.014652
37,72,2543,0.009701
37,73,1631,0.006222
37,74,3062,0.011681
37,75,1778,0.006783
37,76,2116,0.008072
37,77,2225,0.008488
37,78,1333,0.005085
37,79,1911,0.007290
37,80,2780,0.010605
37,81,2276,0.008682
37,82,930,0.003548
37,83,1584,0.006042
37,84,4760,0.018158
37,85,1227,0.004681
37,86,1415,0.005398
37,87,2034,0.007759
37,88,1036,0.003952
37,89,694,0.002647
37,90,3369,0.012852
37,91,854,0.003258
37,92,3063,0.011684
37,93,2047,0.007809
37,94,2194,0.008369
37,95,4029,0.015369
37,96,1086,0.004143
37,97,876,0.003342
37,98,3160,0.012054
37,99,3018,0.011513
37,100,2216,0.008453
37,101,1359,0.005184
37,102,985,0.003757
37,103,1694,0.006462
37,104,2256,0.008606
37,105,1111,0.004238
37,106,2954,0.011269
37,107,1447,0.005520
37,108,1703,0.006496
37,109,3042,0.011604
37,110,1554,0.005928
37,111,2792,0.010651
37,112,2079,0.007931
37,113,1386,0.005287
37,114,1422,0.005424
37,115,2421,0.009235
37,116,2603,0.009930
37,117,2653,0.010120
37,118,3239,0.012356
37,119,2608,0.009949
37,120,2430,0.009270
37,121,1732,0.006607
37,122,1892,0.007217
37,123,1154,0.004402
37,124,1490,0.005684
37,125,1949,0.007435
37,126,1650,0.006294
37,127,773,0.002949
38,0,1147,0.004375
38,1,3624,0.013824
38,2,1060,0.004044
38,3,3324,0.012680
38,4,2246,0.008568
38,5,2475,0.009441
38,6,2622,0.010002
38,7,1603,0.006115
38,8,1380,0.005264
38,9,1530,0.005836
38,10,2629,0.010029
38,11,1131,0.004314
38,12,1963,0.007488
38,13,2240,0.008545
38,14,2426,0.009254
38,15,2367,0.009029
38,16,1011,0.003857
38,17,4062,0.015495
38,18,1513,0.005772
38,19,2579,0.009838
38,20,1915,0.007305
38,21,1784,0.006805
38,22,1519,0.005795
38,23,3656,0.013947
38,24,1644,0.006271
38,25,1062,0.004051
38,26,1015,0.003872
38,27,1450,0.005531
38,28,3049,0.011631
38,29,1657,0.006321
38,30,2147,0.008190
38,31,3066,0.011696
38,32,2794,0.010658
38,33,2863,0.010921
38,34,2510,0.009575
38,35,2000,0.007629
38,36,2210,0.008430
38,37,2487,0.009487
38,38,2204,0.008408
38,39,2130,0.008125
38,40,1530,0.005836
38,41,1326,0.005058
38,42,1776,0.006775
38,43,1470,0.005608
38,44,942,0.003593
38,45,2996,0.011429
38,46,1196,0.004562
38,47,2796,0.010666
38,48,2534,0.009666
38,49,1932,0.007370
38,50,3650,0.013924
38,51,1044,0.003983
38,52,2026,0.007729
38,53,3470,0.013237
38,54,2352,0.008972
38,55,1371,0.005230
38,56,1070,0.004082
38,57,2061,0.007862
38,58,998,0.003807
38,59,2808,0.010712
38,60,2575,0.009823
38,61,571,0.002178
38,62,1516,0.005783
38,63,3442,0.013130
38,64,2732,0.010422
38,65,1127,0.004299
38,66,1106,0.004219
38,67,1094,0.004173
38,68,1322,0.005043
38,69,2498,0.009529
38,70,2196,0.008377
38,71,3542,0.013512
38,72,2373,0.009052
38,73,2975,0.011349
38,74,1843,0.007030
38,75,1566,0.005974
38,76,1372,0.005234
38,77,1085,0.004139
38,78,316,0.001205
38,79,4069,0.015522
38,80,1295,0.004940
38,81,3048,0.011627
38,82,1713,0.006535
38,83,2415,0.009212
38,84,2510,0.009575
38,85,3311,0.012630
38,86,1402,0.005348
38,87,2265,0.008640
38,88,1583,0.006039
38,89,2648,0.010101
38,90,3199,0.012203
38,91,1282,0.004890
38,92,2789,0.010639
38,93,1668,0.006363
38,94,889,0.003391
38,95,1252,0.004776
38,96,2518,0.009605
38,97,2134,0.008141
38,98,1364,0.005203
38,99,1724,0.006577
38,100,2098,0.008003
38,101,2744,0.010468
38,102,1193,0.004551
38,103,1156,0.004410
38,104,3065,0.011692
38,105,1755,0.006695
38,106,1134,0.004326
38,107,3224,0.012299
38,108,2336,0.008911
38,109,1427,0.005444
38,110,1860,0.007095
38,111,2012,0.007675
38,112,1183,0.004513
38,113,1273,0.004856
38,114,3470,0.013237
38,115,2252,0.008591
38,116,2139,0.008160
38,117,2061,0.007862
38,118,1699,0.006481
38,119,1992,0.007599
38,120,2917,0.011127
38,121,1760,0.006714
38,122,2588,0.009872
38,123,812,0.003098
38,124,1948,0.007431
38,125,2647,0.010098
38,126,2225,0.008488
38,127,1403,0.005352
39,0,2519,0.009609
39,1,3674,0.014015
39,2,536,0.002045
39,3,2189,0.008350
39,4,2140,0.008163
39,5,2137,0.008152
39,6,1219,0.004650
39,7,3414,0.013023
39,8,1233,0.004704
39,9,1959,0.007473
39,10,2654,0.010124
39,11,2854,0.010887
39,12,3697,0.014103
39,13,1220,0.004654
39,14,1448,0.005524
39,15,2705,0.010319
39,16,2649,0.010105
39,17,1967,0.007504
39,18,497,0.001896
39,19,1989,0.007587
39,20,1942,0.007408
39,21,1744,0.006653
39,22,903,0.003445
39,23,3394,0.012947
39,24,990,0.003777
39,25,2363,0.009014
39,26,1535,0.005856
39,27,3230,0.012321
39,28,1416,0.005402
39,29,1367,0.005215
39,30,2959,0.011288
39,31,1207,0.004604
39,32,2629,0.010029
39,33,1615,0.006161
39,34,1876,0.007156
39,35,2967,0.011318
39,36,2922,0.011147
39,37,1648,0.006287
39,38,2527,0.009640
39,39,2451,0.009350
39,40,2738,0.010445
39,41,1552,0.005920
39,42,4008,0.015289
39,43,1508,0.005753
39,44,1027,0.003918
39,45,1680,0.006409
39,46,2067,0.007885
39,47,4829,0.018421
39,48,1307,0.004986
39,49,1912,0.007294
39,50,1513,0.005772
39,51,2101,0.008015
39,52,1702,0.006493
39,53,3402,0.012978
39,54,1319,0.005032
39,55,1413,0.005390
39,56,2443,0.009319
39,57,2006,0.007652
39,58,3018,0.011513
39,59,1523,0.005810
39,60,2918,0.011131
39,61,1595,0.006084
39,62,1410,0.005379
39,63,2913,0.011112
39,64,2138,0.008156
39,65,2237,0.008533
39,66,1180,0.004501
39,67,1559,0.005947
39,68,2217,0.008457
39,69,1520,0.005798
39,70,1232,0.004700
39,71,1486,0.005669
39,72,1865,0.007114
39,73,1016,0.003876
39,74,2845,0.010853
39,75,959,0.003658
39,76,1688,0.006439
39,77,2170,0.008278
39,78,1515,0.005779
39,79,1867,0.007122
39,80,821,0.003132
39,81,1530,0.005836
39,82,2505,0.009556
39,83,2189,0.008350
39,84,1661,0.006336
39,85,2292,0.008743
39,86,1657,0.006321
39,87,1649,0.006290
39,88,2679,0.010220
39,89,1643,0.006268
39,90,1429,0.005451
39,91,2762,0.010536
39,92,4408,0.016815
39,93,696,0.002655
39,94,3277,0.012501
39,95,3699,0.014111
39,96,1424,0.005432
39,97,1035,0.003948
39,98,1281,0.004887
39,99,2578,0.009834
39,100,1388,0.005295
39,101,811,0.003094
39,102,863,0.003292
39,103,2434,0.009285
39,104,1966,0.007500
39,105,1873,0.007145
39,106,1650,0.006294
39,107,3156,0.012039
39,108,1716,0.006546
39,109,2017,0.007694
39,110,3121,0.011906
39,111,2414,0.009209
39,112,957,0.003651
39,113,3760,0.014343
39,114,1329,0.005070
39,115,1071,0.004086
39,116,2413,0.009205
39,117,959,0.003658
39,118,1463,0.005581
39,119,2899,0.011059
39,120,2363,0.009014
39,121,1992,0.007599
39,122,3254,0.012413
39,123,1497,0.005711
39,124,1229,0.004688
39,125,3082,0.011757
39,126,3519,0.013424
39,127,1950,0.007439
40,0,2280,0.008698
40,1,2433,0.009281
40,2,1792,0.006836
40,3,633,0.002415
40,4,2346,0.008949
40,5,1589,0.006062
40,6,2174,0.008293
40,7,1785,0.006809
40,8,3057,0.011662
40,9,2268,0.008652
40,10,1849,0.007053
40,11,615,0.002346
40,12,1497,0.005711
40,13,3367,0.012844
40,14,3825,0.014591
40,15,2594,0.009895
40,16,2010,0.007668
40,17,1731,0.006603
40,18,668,0.002548
40,19,1277,0.004871
40,20,2191,0.008358
40,21,1582,0.006035
40,22,2430,0.009270
40,23,2290,0.008736
40,24,3284,0.012527
40,25,3063,0.011684
40,26,2404,0.009171
40,27,2533,0.009663
40,28,3260,0.012436
40,29,2563,0.009777
40,30,1325,0.005054
40,31,1922,0.007332
40,32,2378,0.009071
40,33,3766,0.014366
40,34,2065,0.007877
40,35,659,0.002514
40,36,1104,0.004211
40,37,3609,0.013767
40,38,803,0.003063
40,39,2089,0.007969
40,40,1639,0.006252
40,41,1790,0.006828
40,42,3867,0.014751
40,43,1322,0.005043
40,44,999,0.003811
40,45,1765,0.006733
40,46,1657,0.006321
40,47,2234,0.008522
40,48,1516,0.005783
40,49,1383,0.005276
40,50,1868,0.007126
40,51,1712,0.006531
40,52,1267,0.004833
40,53,1157,0.004414
40,54,1937,0.007389
40,55,2656,0.010132
40,56,2059,0.007854
40,57,1399,0.005337
40,58,1315,0.005016
40,59,1418,0.005409
40,60,1515,0.005779
40,61,4084,0.015579
40,62,2411,0.009197
40,63,1641,0.006260
40,64,942,0.003593
40,65,3038,0.011589
40,66,2039,0.007778
40,67,3674,0.014015
40,68,3042,0.011604
40,69,1622,0.006187
40,70,2544,0.009705
40,71,666,0.002541
40,72,1728,0.006592
40,73,1845,0.007038
40,74,1766,0.006737
40,75,1309,0.004993
40,76,1535,0.005856
40,77,799,0.003048
40,78,3149,0.012012
40,79,969,0.003696
40,80,1252,0.004776
40,81,4452,0.016983
40,82,1436,0.005478
40,83,3186,0.012154
40,84,3043,0.011608
40,85,1380,0.005264
40,86,1799,0.006863
40,87,894,0.003410
40,88,2422,0.009239
40,89,3915,0.014935
40,90,2593,0.009892
40,91,882,0.003365
40,92,4464,0.017029
40,93,1815,0.006924
40,94,2929,0.011173
40,95,2016,0.007690
40,96,1834,0.006996
40,97,3310,0.012627
40,98,3880,0.014801
40,99,2302,0.008781
40,100,3157,0.012043
40,101,1160,0.004425
40,102,1766,0.006737
40,103,1667,0.006359
40,104,1272,0.004852
40,105,2788,0.010635
40,106,1618,0.006172
40,107,1441,0.005497
40,108,2061,0.007862
40,109,1450,0.005531
40,110,680,0.002594
40,111,1669,0.006367
40,112,726,0.002769
40,113,3264,0.012451
40,114,2555,0.009747
40,115,2280,0.008698
40,116,1864,0.007111
40,117,1370,0.005226
40,118,3116,0.011887
40,119,1748,0.006668
40,120,2641,0.010075
40,121,1975,0.007534
40,122,2267,0.008648
40,123,2193,0.008366
40,124,1150,0.004387
40,125,1103,0.004208
40,126,1997,0.007618
40,127,974,0.003716
41,0,1535,0.005856
41,1,1737,0.006626
41,2,2090,0.007973
41,3,1809,0.006901
41,4,2855,0.010891
41,5,1850,0.007057
41,6,875,0.003338
41,7,1402,0.005348
41,8,908,0.003464
41,9,2236,0.008530
41,10,3588,0.013687
41,11,1572,0.005997
41,12,2517,0.009602
41,13,3289,0.012547
41,14,1679,0.006405
41,15,2850,0.010872
41,16,2957,0.011280
41,17,2522,0.009621
41,18,2699,0.010296
41,19,2365,0.009022
41,20,835,0.003185
41,21,1101,0.004200
41,22,1482,0.005653
41,23,1442,0.005501
41,24,3080,0.011749
41,25,2651,0.010113
41,26,2003,0.007641
41,27,2464,0.009399
41,28,1782,0.006798
41,29,1673,0.006382
41,30,1537,0.005863
41,31,1844,0.007034
41,32,1256,0.004791
41,33,1753,0.006687
41,34,3072,0.011719
41,35,606,0.002312
41,36,1538,0.005867
41,37,5079,0.019375
41,38,2494,0.009514
41,39,2020,0.007706
41,40,1493,0.005695
41,41,1547,0.005901
41,42,3624,0.013824
41,43,3120,0.011902
41,44,3133,0.011951
41,45,2959,0.011288
41,46,1684,0.006424
41,47,2008,0.007660
41,48,914,0.003487
41,49,1665,0.006351
41,50,536,0.002045
41,51,1480,0.005646
41,52,842,0.003212
41,53,744,0.002838
41,54,2278,0.008690
41,55,3486,0.013298
41,56,2945,0.011234
41,57,991,0.003780
41,58,699,0.002666
41,59,1742,0.006645
41,60,2098,0.008003
41,61,1456,0.005554
41,62,2207,0.008419
41,63,709,0.002705
41,64,1258,0.004799
41,65,2213,0.008442
41,66,3034,0.011574
41,67,2074,0.007912
41,68,1898,0.007240
41,69,1788,0.006821
41,70,2952,0.011261
41,71,1386,0.005287
41,72,1972,0.007523
41,73,1542,0.005882
41,74,1704,0.006500
41,75,1810,0.006905
41,76,750,0.002861
41,77,2523,0.009624
41,78,3344,0.012756
41,79,3567,0.013607
41,80,3793,0.014469
41,81,581,0.002216
41,82,1741,0.006641
41,83,1696,0.006470
41,84,2527,0.009640
41,85,1707,0.006512
41,86,1958,0.007469
41,87,1234,0.004707
41,88,2988,0.011398
41,89,1176,0.004486
41,90,1984,0.007568
41,91,4467,0.017040
41,92,2216,0.008453
41,93,1790,0.006828
41,94,3205,0.012226
41,95,2762,0.010536
41,96,1820,0.006943
41,97,1979,0.007549
41,98,2322,0.008858
41,99,3665,0.013981
41,100,1600,0.006104
41,101,2458,0.009377
41,102,1421,0.005421
41,103,619,0.002361
41,104,837,0.003193
41,105,2338,0.008919
41,106,1270,0.004845
41,107,1772,0.006760
41,108,2900,0.011063
41,109,1308,0.004990
41,110,1859,0.007092
41,111,1700,0.006485
41,112,1034,0.003944
41,113,1944,0.007416
41,114,2443,0.009319
41,115,932,0.003555
41,116,1597,0.006092
41,117,2228,0.008499
41,118,2434,0.009285
41,119,2197,0.008381
41,120,4494,0.017143
41,121,2638,0.010063
41,122,2816,0.010742
41,123,1683,0.006420
41,124,2365,0.009022
41,125,2811,0.010723
41,126,1989,0.007587
41,127,1624,0.006195
42,0,3332,0.012711
42,1,1609,0.006138
42,2,1409,0.005375
42,3,2296,0.008759
42,4,2494,0.009514
42,5,1955,0.007458
42,6,1549,0.005909
42,7,2486,0.009483
42,8,1687,0.006435
42,9,1681,0.006413
42,10,1766,0.006737
42,11,915,0.003490
42,12,1410,0.005379
42,13,1117,0.004261
42,14,2693,0.010273
42,15,2542,0.009697
42,16,862,0.003288
42,17,1302,0.004967
42,18,1950,0.007439
42,19,4023,0.015347
42,20,2065,0.007877
42,21,1777,0.006779
42,22,2924,0.011154
42,23,2119,0.008083
42,24,1706,0.006508
42,25,889,0.003391
42,26,2862,0.010918
42,27,3540,0.013504
42,28,2051,0.007824
42,29,2247,0.008572
42,30,1322,0.005043
42,31,2739,0.010448
42,32,1863,0.007107
42,33,1511,0.005764
42,34,3672,0.014008
42,35,2516,0.009598
42,36,3135,0.011959
42,37,2565,0.009785
42,38,1181,0.004505
42,39,768,0.002930
42,40,1354,0.005165
42,41,2477,0.009449
42,42,1719,0.006557
42,43,1832,0.006989
42,44,2154,0.008217
42,45,1621,0.006184
42,46,1529,0.005833
42,47,1657,0.006321
42,48,1797,0.006855
42,49,1102,0.004204
42,50,2609,0.009953
42,51,1887,0.007198
42,52,2190,0.008354
42,53,1578,0.006020
42,54,2932,0.011185
42,55,840,0.003204
42,56,1669,0.006367
42,57,2889,0.011021
42,58,2223,0.008480
42,59,2210,0.008430
42,60,1173,0.004475
42,61,1091,0.004162
42,62,2092,0.007980
42,63,1997,0.007618
42,64,257,0.000980
42,65,3190,0.012169
42,66,1406,0.005363
42,67,1740,0.006638
42,68,1601,0.006107
42,69,1546,0.005898
42,70,1818,0.006935
42,71,2056,0.007843
42,72,3630,0.013847
42,73,1946,0.007423
42,74,2374,0.009056
42,75,3405,0.012989
42,76,1948,0.007431
42,77,1651,0.006298
42,78,3362,0.012825
42,79,1567,0.005978
42,80,1918,0.007317
42,81,1809,0.006901
42,82,2171,0.008282
42,83,3584,0.013672
42,84,3757,0.014332
42,85,2675,0.010204
42,86,1724,0.006577
42,87,3863,0.014736
42,88,1413,0.005390
42,89,2056,0.007843
42,90,4012,0.015305
42,91,2263,0.008633
42,92,1094,0.004173
42,93,2072,0.007904
42,94,2289,0.008732
42,95,3025,0.011539
42,96,1106,0.004219
42,97,3703,0.014126
42,98,1239,0.004726
42,99,2875,0.010967
42,100,1224,0.004669
42,101,1322,0.005043
42,102,2300,0.008774
42,103,1498,0.005714
42,104,1850,0.007057
42,105,3195,0.012188
42,106,1805,0.006886
42,107,1245,0.004749
42,108,3142,0.011986
42,109,1894,0.007225
42,110,817,0.003117
42,111,2342,0.008934
42,112,2157,0.008228
42,113,1350,0.005150
42,114,2188,0.008347
42,115,1952,0.007446
42,116,1921,0.007328
42,117,1810,0.006905
42,118,880,0.003357
42,119,2456,0.009369
42,120,2122,0.008095
42,121,1187,0.004528
42,122,2375,0.009060
42,123,3612,0.013779
42,124,1129,0.004307
42,125,2408,0.009186
42,126,664,0.002533
42,127,2002,0.007637
43,0,3382,0.012901
43,1,1157,0.004414
43,2,1073,0.004093
43,3,2329,0.008884
43,4,2143,0.008175
43,5,1531,0.005840
43,6,2480,0.009460
43,7,1379,0.005260
43,8,2506,0.009560
43,9,3519,0.013424
43,10,1155,0.004406
43,11,3118,0.011894
43,12,3441,0.013126
43,13,1673,0.006382
43,14,3218,0.012276
43,15,1690,0.006447
43,16,2530,0.009651
43,17,4057,0.015476
43,18,2400,0.009155
43,19,2449,0.009342
43,20,1304,0.004974
43,21,1049,0.004002
43,22,1742,0.006645
43,23,1696,0.006470
43,24,2249,0.008579
43,25,609,0.002323
43,26,2554,0.009743
43,27,1315,0.005016
43,28,1296,0.004944
43,29,3870,0.014763
43,30,1357,0.005177
43,31,1097,0.004185
43,32,3780,0.014420
43,33,1060,0.004044
43,34,2642,0.010078
43,35,2672,0.010193
43,36,1377,0.005253
43,37,2826,0.010780
43,38,1264,0.004822
43,39,1669,0.006367
43,40,2942,0.011223
43,41,2735,0.010433
43,42,2070,0.007896
43,43,1937,0.007389
43,44,797,0.003040
43,45,1896,0.007233
43,46,2185,0.008335
43,47,1472,0.005615
43,48,1138,0.004341
43,49,3466,0.013222
43,50,2270,0.008659
43,51,2123,0.008099
43,52,797,0.003040
43,53,3086,0.011772
43,54,2197,0.008381
43,55,1630,0.006218
43,56,1214,0.004631
43,57,2109,0.008045
43,58,1701,0.006489
43,59,2468,0.009415
43,60,2435,0.009289
43,61,2932,0.011185
43,62,1799,0.006863
43,63,3445,0.013142
43,64,1187,0.004528
43,65,1949,0.007435
43,66,1467,0.005596
43,67,1476,0.005630
43,68,1705,0.006504
43,69,3566,0.013603
43,70,639,0.002438
43,71,1215,0.004635
43,72,1481,0.005650
43,73,2028,0.007736
43,74,723,0.002758
43,75,2836,0.010818
43,76,2497,0.009525
43,77,1542,0.005882
43,78,1388,0.005295
43,79,1150,0.004387
43,80,3349,0.012775
43,81,3104,0.011841
43,82,1376,0.005249
43,83,3918,0.014946
43,84,2731,0.010418
43,85,2079,0.007931
43,86,1952,0.007446
43,87,2086,0.007957
43,88,3369,0.012852
43,89,828,0.003159
43,90,2847,0.010860
43,91,2513,0.009586
43,92,1929,0.007359
43,93,1463,0.005581
43,94,2102,0.008018
43,95,1350,0.005150
43,96,1719,0.006557
43,97,870,0.003319
43,98,1901,0.007252
43,99,608,0.002319
43,100,1893,0.007221
43,101,1020,0.003891
43,102,1653,0.006306
43,103,1864,0.007111
43,104,2517,0.009602
43,105,1443,0.005505
43,106,1088,0.004150
43,107,1664,0.006348
43,108,2581,0.009846
43,109,2736,0.010437
43,110,2996,0.011429
43,111,2939,0.011211
43,112,2657,0.010136
43,113,1030,0.003929
43,114,4074,0.015541
43,115,2417,0.009220
43,116,1620,0.006180
43,117,1053,0.004017
43,118,1865,0.007114
43,119,1011,0.003857
43,120,1724,0.006577
43,121,2734,0.010429
43,122,2355,0.008984
43,123,2825,0.010777
43,124,317,0.001209
43,125,2406,0.009178
43,126,3261,0.012440
43,127,1956,0.007462
44,0,2113,0.008060
44,1,1405,0.005360
44,2,2035,0.007763
44,3,2507,0.009563
44,4,1196,0.004562
44,5,1940,0.007401
44,6,1951,0.007442
44,7,1493,0.005695
44,8,1378,0.005257
44,9,4026,0.015358
44,10,1875,0.007153
44,11,1083,0.004131
44,12,1981,0.007557
44,13,2203,0.008404
44,14,2385,0.009098
44,15,2993,0.011417
44,16,1839,0.007015
44,17,2965,0.011311
44,18,2908,0.011093
44,19,2549,0.009724
44,20,1678,0.006401
44,21,3682,0.014046
44,22,1470,0.005608
44,23,1688,0.006439
44,24,1778,0.006783
44,25,2021,0.007710
44,26,2891,0.011028
44,27,2186,0.008339
44,28,1575,0.006008
44,29,2808,0.010712
44,30,1406,0.005363
44,31,1495,0.005703
44,32,2046,0.007805
44,33,2352,0.008972
44,34,1674,0.006386
44,35,1423,0.005428
44,36,1215,0.004635
44,37,1704,0.006500
44,38,1806,0.006889
44,39,1582,0.006035
44,40,1771,0.006756
44,41,1675,0.006390
44,42,2115,0.008068
44,43,4313,0.016453
44,44,1727,0.006588
44,45,960,0.003662
44,46,2481,0.009464
44,47,3243,0.012371
44,48,1626,0.006203
44,49,1858,0.007088
44,50,2940,0.011215
44,51,1520,0.005798
44,52,1651,0.006298
44,53,720,0.002747
44,54,1352,0.005157
44,55,2778,0.010597
44,56,3645,0.013905
44,57,3819,0.014568
44,58,1476,0.005630
44,59,1018,0.003883
44,60,1635,0.006237
44,61,1428,0.005447
44,62,1478,0.005638
44,63,2181,0.008320
44,64,1044,0.003983
44,65,1275,0.004864
44,66,2262,0.008629
44,67,2181,0.008320
44,68,2290,0.008736
44,69,921,0.003513
44,70,2027,0.007732
44,71,2883,0.010998
44,72,1768,0.006744
44,73,1138,0.004341
44,74,1573,0.006001
44,75,2883,0.010998
44,76,2755,0.010509
44,77,1107,0.004223
44,78,1291,0.004925
44,79,2124,0.008102
44,80,3073,0.011723
44,81,3200,0.012207
44,82,466,0.001778
44,83,1768,0.006744
44,84,1405,0.005360
44,85,2013,0.007679
44,86,3779,0.014416
44,87,2073,0.007908
44,88,1292,0.004929
44,89,3595,0.013714
44,90,2879,0.010983
44,91,2271,0.008663
44,92,2542,0.009697
44,93,1735,0.006618
44,94,2091,0.007977
44,95,1046,0.003990
44,96,3096,0.011810
44,97,2218,0.008461
44,98,1403,0.005352
44,99,3484,0.013290
44,100,3158,0.012047
44,101,3051,0.011639
44,102,1980,0.007553
44,103,2475,0.009441
44,104,1198,0.004570
44,105,1473,0.005619
44,106,1173,0.004475
44,107,2563,0.009777
44,108,1479,0.005642
44,109,2124,0.008102
44,110,1585,0.006046
44,111,2067,0.007885
44,112,1383,0.005276
44,113,1371,0.005230
44,114,1065,0.004063
44,115,1923,0.007336
44,116,2233,0.008518
44,117,942,0.003593
44,118,2815,0.010738
44,119,3409,0.013004
44,120,1246,0.004753
44,121,1638,0.006248
44,122,1251,0.004772
44,123,2989,0.011402
44,124,3835,0.014629
44,125,2120,0.008087
44,126,659,0.002514
44,127,3273,0.012486
45,0,881,0.003361
45,1,2490,0.009499
45,2,2331,0.008892
45,3,1897,0.007236
45,4,1721,0.006565
45,5,1414,0.005394
45,6,1687,0.006435
45,7,3130,0.011940
45,8,2521,0.009617
45,9,1679,0.006405
45,10,1372,0.005234
45,11,1277,0.004871
45,12,1631,0.006222
45,13,2647,0.010098
45,14,2479,0.009457
45,15,2227,0.008495
45,16,1646,0.006279
45,17,1539,0.005871
45,18,1865,0.007114
45,19,2625,0.010014
45,20,1034,0.003944
45,21,1184,0.004517
45,22,2120,0.008087
45,23,1108,0.004227
45,24,2971,0.011333
45,25,3057,0.011662
45,26,1671,0.006374
45,27,2587,0.009869
45,28,1184,0.004517
45,29,1108,0.004227
45,30,2085,0.007954
45,31,3590,0.013695
45,32,3065,0.011692
45,33,5668,0.021622
45,34,5518,0.021049
45,35,2467,0.009411
45,36,2191,0.008358
45,37,1236,0.004715
45,38,2257,0.008610
45,39,1787,0.006817
45,40,2495,0.009518
45,41,1040,0.003967
45,42,1820,0.006943
45,43,821,0.003132
45,44,3102,0.011833
45,45,806,0.003075
45,46,4345,0.016575
45,47,3339,0.012737
45,48,1593,0.006077
45,49,2316,0.008835
45,50,4309,0.016438
45,51,625,0.002384
45,52,2474,0.009438
45,53,3750,0.014305
45,54,2611,0.009960
45,55,2349,0.008961
45,56,1816,0.006927
45,57,1343,0.005123
45,58,1941,0.007404
45,59,1963,0.007488
45,60,2537,0.009678
45,61,2389,0.009113
45,62,2796,0.010666
45,63,2041,0.007786
45,64,2145,0.008183
45,65,2053,0.007832
45,66,1631,0.006222
45,67,1569,0.005985
45,68,1017,0.003880
45,69,1119,0.004269
45,70,1057,0.004032
45,71,2167,0.008266
45,72,789,0.003010
45,73,2151,0.008205
45,74,987,0.003765
45,75,1172,0.004471
45,76,2019,0.007702
45,77,1887,0.007198
45,78,2684,0.010239
45,79,2272,0.008667
45,80,1494,0.005699
45,81,1782,0.006798
45,82,2695,0.010281
45,83,2010,0.007668
45,84,2977,0.011356
45,85,1413,0.005390
45,86,1321,0.005039
45,87,1107,0.004223
45,88,2837,0.010822
45,89,3676,0.014023
45,90,1569,0.005985
45,91,1511,0.005764
45,92,1104,0.004211
45,93,3153,0.012028
45,94,1726,0.006584
45,95,2291,0.008739
45,96,2056,0.007843
45,97,932,0.003555
45,98,798,0.003044
45,99,3491,0.013317
45,100,3243,0.012371
45,101,2978,0.011360
45,102,1835,0.007000
45,103,1366,0.005211
45,104,2076,0.007919
45,105,1263,0.004818
45,106,2269,0.008656
45,107,1881,0.007175
45,108,1598,0.006096
45,109,2231,0.008511
45,110,1805,0.006886
45,111,1307,0.004986
45,112,1351,0.005154
45,113,1889,0.007206
45,114,1702,0.006493
45,115,2718,0.010368
45,116,2226,0.008492
45,117,2222,0.008476
45,118,1076,0.004105
45,119,1781,0.006794
45,120,1029,0.003925
45,121,1585,0.006046
45,122,2521,0.009617
45,123,1476,0.005630
45,124,1668,0.006363
45,125,2164,0.008255
45,126,1595,0.006084
45,127,3059,0.011669
46,0,1410,0.005379
46,1,1592,0.006073
46,2,3086,0.011772
46,3,1912,0.007294
46,4,1672,0.006378
46,5,3645,0.013905
46,6,2024,0.007721
46,7,3056,0.011658
46,8,2370,0.009041
46,9,2371,0.009045
46,10,3004,0.011459
46,11,2235,0.008526
46,12,1540,0.005875
46,13,1731,0.006603
46,14,1852,0.007065
46,15,2932,0.011185
46,16,2782,0.010612
46,17,2037,0.007771
46,18,1827,0.006969
46,19,1961,0.007481
46,20,2839,0.010830
46,21,3719,0.014187
46,22,2129,0.008121
46,23,1136,0.004333
46,24,1014,0.003868
46,25,1226,0.004677
46,26,3761,0.014347
46,27,1003,0.003826
46,28,1505,0.005741
46,29,1896,0.007233
46,30,1224,0.004669
46,31,1850,0.007057
46,32,345,0.001316
46,33,2236,0.008530
46,34,2039,0.007778
46,35,2723,0.010387
46,36,3787,0.014446
46,37,688,0.002625
46,38,3795,0.014477
46,39,2766,0.010551
46,40,1322,0.005043
46,41,3036,0.011581
46,42,2066,0.007881
46,43,1121,0.004276
46,44,1505,0.005741
46,45,926,0.003532
46,46,2515,0.009594
46,47,1697,0.006474
46,48,3164,0.012070
46,49,1671,0.006374
46,50,1635,0.006237
46,51,1173,0.004475
46,52,3678,0.014030
46,53,1553,0.005924
46,54,3214,0.012260
46,55,3143,0.011990
46,56,2229,0.008503
46,57,1957,0.007465
46,58,1601,0.006107
46,59,1888,0.007202
46,60,2309,0.008808
46,61,2568,0.009796
46,62,3067,0.011700
46,63,2720,0.010376
46,64,1991,0.007595
46,65,1246,0.004753
46,66,1374,0.005241
46,67,1644,0.006271
46,68,2512,0.009583
46,69,2687,0.010250
46,70,1341,0.005116
46,71,1544,0.005890
46,72,655,0.002499
46,73,663,0.002529
46,74,2363,0.009014
46,75,4878,0.018608
46,76,1250,0.004768
46,77,1236,0.004715
46,78,1064,0.004059
46,79,1839,0.007015
46,80,822,0.003136
46,81,4166,0.015892
46,82,1711,0.006527
46,83,2921,0.011143
46,84,1136,0.004333
46,85,1779,0.006786
46,86,2870,0.010948
46,87,518,0.001976
46,88,951,0.003628
46,89,2149,0.008198
46,90,4044,0.015427
46,91,1880,0.007172
46,92,1207,0.004604
46,93,1868,0.007126
46,94,742,0.002831
46,95,2639,0.010067
46,96,1974,0.007530
46,97,1887,0.007198
46,98,1159,0.004421
46,99,2634,0.010048
46,100,626,0.002388
46,101,2442,0.009315
46,102,1288,0.004913
46,103,876,0.003342
46,104,1324,0.005051
46,105,2217,0.008457
46,106,2906,0.011086
46,107,4750,0.018120
46,108,2338,0.008919
46,109,1847,0.007046
46,110,1811,0.006908
46,111,2162,0.008247
46,112,1340,0.005112
46,113,1424,0.005432
46,114,1991,0.007595
46,115,2245,0.008564
46,116,642,0.002449
46,117,1818,0.006935
46,118,1510,0.005760
46,119,1805,0.006886
46,120,3397,0.012959
46,121,3995,0.015240
46,122,2249,0.008579
46,123,3133,0.011951
46,124,2825,0.010777
46,125,618,0.002357
46,126,2137,0.008152
46,127,606,0.002312
47,0,514,0.001961
47,1,1755,0.006695
47,2,1641,0.006260
47,3,3063,0.011684
47,4,1678,0.006401
47,5,835,0.003185
47,6,1695,0.006466
47,7,1278,0.004875
47,8,1004,0.003830
47,9,2634,0.010048
47,10,1744,0.006653
47,11,3319,0.012661
47,12,2001,0.007633
47,13,3773,0.014393
47,14,1387,0.005291
47,15,1443,0.005505
47,16,1419,0.005413
47,17,2018,0.007698
47,18,3249,0.012394
47,19,2212,0.008438
47,20,997,0.003803
47,21,2044,0.007797
47,22,613,0.002338
47,23,1774,0.006767
47,24,1392,0.005310
47,25,3569,0.013615
47,26,2349,0.008961
47,27,2985,0.011387
47,28,1877,0.007160
47,29,2731,0.010418
47,30,1564,0.005966
47,31,2221,0.008472
47,32,2082,0.007942
47,33,2070,0.007896
47,34,1974,0.007530
47,35,1161,0.004429
47,36,2346,0.008949
47,37,1839,0.007015
47,38,1516,0.005783
47,39,1992,0.007599
47,40,2626,0.010017
47,41,2068,0.007889
47,42,1748,0.006668
47,43,2879,0.010983
47,44,948,0.003616
47,45,2510,0.009575
47,46,1626,0.006203
47,47,1943,0.007412
47,48,1945,0.007420
47,49,3816,0.014557
47,50,556,0.002121
47,51,2632,0.010040
47,52,2378,0.009071
47,53,2019,0.007702
47,54,1501,0.005726
47,55,1936,0.007385
47,56,3787,0.014446
47,57,823,0.003139
47,58,3414,0.013023
47,59,3008,0.011475
47,60,2558,0.009758
47,61,2613,0.009968
47,62,3180,0.012131
47,63,569,0.002171
47,64,1726,0.006584
47,65,2304,0.008789
47,66,1202,0.004585
47,67,2183,0.008327
47,68,4155,0.015850
47,69,1836,0.007004
47,70,2360,0.009003
47,71,1038,0.003960
47,72,2942,0.011223
47,73,2465,0.009403
47,74,2268,0.008652
47,75,1217,0.004642
47,76,1960,0.007477
47,77,813,0.003101
47,78,3618,0.013802
47,79,1535,0.005856
47,80,1506,0.005745
47,81,2053,0.007832
47,82,2316,0.008835
47,83,1022,0.003899
47,84,947,0.003613
47,85,2231,0.008511
47,86,2368,0.009033
47,87,3390,0.012932
47,88,2190,0.008354
47,89,2773,0.010578
47,90,1570,0.005989
47,91,1750,0.006676
47,92,2575,0.009823
47,93,2499,0.009533
47,94,3012,0.011490
47,95,801,0.003056
47,96,1408,0.005371
47,97,2649,0.010105
47,98,1954,0.007454
47,99,858,0.003273
47,100,599,0.002285
47,101,374,0.001427
47,102,1197,0.004566
47,103,1269,0.004841
47,104,1630,0.006218
47,105,2623,0.010006
47,106,2568,0.009796
47,107,1094,0.004173
47,108,1601,0.006107
47,109,1861,0.007099
47,110,1793,0.006840
47,111,2961,0.011295
47,112,2657,0.010136
47,113,3401,0.012974
47,114,2191,0.008358
47,115,4938,0.018837
47,116,1809,0.006901
47,117,1762,0.006721
47,118,2644,0.010086
47,119,2605,0.009937
47,120,2994,0.011421
47,121,3186,0.012154
47,122,1246,0.004753
47,123,1416,0.005402
47,124,2526,0.009636
47,125,1260,0.004807
47,126,2555,0.009747
47,127,1049,0.004002
