layer,expert,activation_count,share_of_layer_topk_picks
0,0,151,0.009216
0,1,127,0.007751
0,2,104,0.006348
0,3,140,0.008545
0,4,92,0.005615
0,5,133,0.008118
0,6,122,0.007446
0,7,147,0.008972
0,8,61,0.003723
0,9,39,0.002380
0,10,69,0.004211
0,11,153,0.009338
0,12,130,0.007935
0,13,62,0.003784
0,14,153,0.009338
0,15,76,0.004639
0,16,78,0.004761
0,17,185,0.011292
0,18,126,0.007690
0,19,149,0.009094
0,20,149,0.009094
0,21,64,0.003906
0,22,135,0.008240
0,23,292,0.017822
0,24,71,0.004333
0,25,158,0.009644
0,26,169,0.010315
0,27,180,0.010986
0,28,79,0.004822
0,29,92,0.005615
0,30,66,0.004028
0,31,134,0.008179
0,32,226,0.013794
0,33,109,0.006653
0,34,45,0.002747
0,35,128,0.007812
0,36,181,0.011047
0,37,112,0.006836
0,38,240,0.014648
0,39,106,0.006470
0,40,128,0.007812
0,41,77,0.004700
0,42,88,0.005371
0,43,179,0.010925
0,44,157,0.009583
0,45,174,0.010620
0,46,178,0.010864
0,47,170,0.010376
0,48,47,0.002869
0,49,79,0.004822
0,50,314,0.019165
0,51,96,0.005859
0,52,161,0.009827
0,53,120,0.007324
0,54,167,0.010193
0,55,96,0.005859
0,56,89,0.005432
0,57,76,0.004639
0,58,145,0.008850
0,59,93,0.005676
0,60,43,0.002625
0,61,159,0.009705
0,62,207,0.012634
0,63,198,0.012085
0,64,188,0.011475
0,65,53,0.003235
0,66,228,0.013916
0,67,93,0.005676
0,68,66,0.004028
0,69,107,0.006531
0,70,86,0.005249
0,71,58,0.003540
0,72,123,0.007507
0,73,133,0.008118
0,74,109,0.006653
0,75,149,0.009094
0,76,90,0.005493
0,77,113,0.006897
0,78,107,0.006531
0,79,146,0.008911
0,80,65,0.003967
0,81,87,0.005310
0,82,164,0.010010
0,83,136,0.008301
0,84,136,0.008301
0,85,134,0.008179
0,86,76,0.004639
0,87,115,0.007019
0,88,103,0.006287
0,89,107,0.006531
0,90,124,0.007568
0,91,158,0.009644
0,92,184,0.011230
0,93,85,0.005188
0,94,237,0.014465
0,95,125,0.007629
0,96,180,0.010986
0,97,210,0.012817
0,98,239,0.014587
0,99,194,0.011841
0,100,181,0.011047
0,101,253,0.015442
0,102,49,0.002991
0,103,72,0.004395
0,104,165,0.010071
0,105,35,0.002136
0,106,125,0.007629
0,107,143,0.008728
0,108,71,0.004333
0,109,86,0.005249
0,110,189,0.011536
0,111,145,0.008850
0,112,98,0.005981
0,113,74,0.004517
0,114,98,0.005981
0,115,168,0.010254
0,116,64,0.003906
0,117,126,0.007690
0,118,58,0.003540
0,119,187,0.011414
0,120,136,0.008301
0,121,209,0.012756
0,122,25,0.001526
0,123,42,0.002563
0,124,81,0.004944
0,125,239,0.014587
0,126,93,0.005676
0,127,190,0.011597
1,0,150,0.009155
1,1,131,0.007996
1,2,166,0.010132
1,3,74,0.004517
1,4,98,0.005981
1,5,68,0.004150
1,6,141,0.008606
1,7,246,0.015015
1,8,112,0.006836
1,9,175,0.010681
1,10,145,0.008850
1,11,148,0.009033
1,12,114,0.006958
1,13,232,0.014160
1,14,143,0.008728
1,15,111,0.006775
1,16,207,0.012634
1,17,165,0.010071
1,18,164,0.010010
1,19,118,0.007202
1,20,243,0.014832
1,21,122,0.007446
1,22,99,0.006042
1,23,164,0.010010
1,24,116,0.007080
1,25,127,0.007751
1,26,105,0.006409
1,27,121,0.007385
1,28,47,0.002869
1,29,100,0.006104
1,30,92,0.005615
1,31,67,0.004089
1,32,138,0.008423
1,33,144,0.008789
1,34,95,0.005798
1,35,289,0.017639
1,36,114,0.006958
1,37,181,0.011047
1,38,59,0.003601
1,39,86,0.005249
1,40,229,0.013977
1,41,180,0.010986
1,42,132,0.008057
1,43,66,0.004028
1,44,259,0.015808
1,45,86,0.005249
1,46,104,0.006348
1,47,107,0.006531
1,48,169,0.010315
1,49,119,0.007263
1,50,145,0.008850
1,51,253,0.015442
1,52,148,0.009033
1,53,130,0.007935
1,54,70,0.004272
1,55,188,0.011475
1,56,54,0.003296
1,57,121,0.007385
1,58,332,0.020264
1,59,105,0.006409
1,60,126,0.007690
1,61,80,0.004883
1,62,89,0.005432
1,63,217,0.013245
1,64,114,0.006958
1,65,126,0.007690
1,66,124,0.007568
1,67,84,0.005127
1,68,115,0.007019
1,69,223,0.013611
1,70,91,0.005554
1,71,181,0.011047
1,72,185,0.011292
1,73,82,0.005005
1,74,162,0.009888
1,75,53,0.003235
1,76,168,0.010254
1,77,101,0.006165
1,78,83,0.005066
1,79,132,0.008057
1,80,108,0.006592
1,81,63,0.003845
1,82,210,0.012817
1,83,216,0.013184
1,84,88,0.005371
1,85,122,0.007446
1,86,109,0.006653
1,87,120,0.007324
1,88,80,0.004883
1,89,186,0.011353
1,90,136,0.008301
1,91,103,0.006287
1,92,94,0.005737
1,93,90,0.005493
1,94,124,0.007568
1,95,163,0.009949
1,96,178,0.010864
1,97,57,0.003479
1,98,139,0.008484
1,99,106,0.006470
1,100,59,0.003601
1,101,75,0.004578
1,102,124,0.007568
1,103,54,0.003296
1,104,102,0.006226
1,105,178,0.010864
1,106,88,0.005371
1,107,100,0.006104
1,108,93,0.005676
1,109,50,0.003052
1,110,115,0.007019
1,111,149,0.009094
1,112,142,0.008667
1,113,81,0.004944
1,114,77,0.004700
1,115,170,0.010376
1,116,91,0.005554
1,117,114,0.006958
1,118,30,0.001831
1,119,88,0.005371
1,120,80,0.004883
1,121,62,0.003784
1,122,262,0.015991
1,123,114,0.006958
1,124,46,0.002808
1,125,119,0.007263
1,126,132,0.008057
1,127,147,0.008972
2,0,205,0.012512
2,1,120,0.007324
2,2,124,0.007568
2,3,93,0.005676
2,4,79,0.004822
2,5,130,0.007935
2,6,118,0.007202
2,7,64,0.003906
2,8,103,0.006287
2,9,122,0.007446
2,10,119,0.007263
2,11,90,0.005493
2,12,53,0.003235
2,13,140,0.008545
2,14,110,0.006714
2,15,68,0.004150
2,16,102,0.006226
2,17,65,0.003967
2,18,118,0.007202
2,19,93,0.005676
2,20,55,0.003357
2,21,127,0.007751
2,22,149,0.009094
2,23,126,0.007690
2,24,153,0.009338
2,25,53,0.003235
2,26,217,0.013245
2,27,133,0.008118
2,28,175,0.010681
2,29,52,0.003174
2,30,87,0.005310
2,31,107,0.006531
2,32,249,0.015198
2,33,111,0.006775
2,34,76,0.004639
2,35,133,0.008118
2,36,133,0.008118
2,37,95,0.005798
2,38,160,0.009766
2,39,209,0.012756
2,40,90,0.005493
2,41,81,0.004944
2,42,163,0.009949
2,43,138,0.008423
2,44,98,0.005981
2,45,92,0.005615
2,46,119,0.007263
2,47,154,0.009399
2,48,111,0.006775
2,49,32,0.001953
2,50,159,0.009705
2,51,257,0.015686
2,52,142,0.008667
2,53,158,0.009644
2,54,122,0.007446
2,55,248,0.015137
2,56,130,0.007935
2,57,228,0.013916
2,58,257,0.015686
2,59,118,0.007202
2,60,168,0.010254
2,61,58,0.003540
2,62,154,0.009399
2,63,73,0.004456
2,64,140,0.008545
2,65,99,0.006042
2,66,107,0.006531
2,67,93,0.005676
2,68,124,0.007568
2,69,171,0.010437
2,70,72,0.004395
2,71,108,0.006592
2,72,129,0.007874
2,73,89,0.005432
2,74,218,0.013306
2,75,286,0.017456
2,76,120,0.007324
2,77,107,0.006531
2,78,128,0.007812
2,79,83,0.005066
2,80,79,0.004822
2,81,98,0.005981
2,82,130,0.007935
2,83,105,0.006409
2,84,81,0.004944
2,85,68,0.004150
2,86,130,0.007935
2,87,87,0.005310
2,88,146,0.008911
2,89,58,0.003540
2,90,330,0.020142
2,91,132,0.008057
2,92,300,0.018311
2,93,98,0.005981
2,94,146,0.008911
2,95,110,0.006714
2,96,235,0.014343
2,97,175,0.010681
2,98,89,0.005432
2,99,105,0.006409
2,100,170,0.010376
2,101,52,0.003174
2,102,88,0.005371
2,103,85,0.005188
2,104,29,0.001770
2,105,138,0.008423
2,106,265,0.016174
2,107,45,0.002747
2,108,60,0.003662
2,109,116,0.007080
2,110,144,0.008789
2,111,161,0.009827
2,112,102,0.006226
2,113,76,0.004639
2,114,50,0.003052
2,115,234,0.014282
2,116,203,0.012390
2,117,76,0.004639
2,118,113,0.006897
2,119,101,0.006165
2,120,91,0.005554
2,121,68,0.004150
2,122,298,0.018188
2,123,108,0.006592
2,124,170,0.010376
2,125,122,0.007446
2,126,151,0.009216
2,127,226,0.013794
3,0,126,0.007690
3,1,227,0.013855
3,2,88,0.005371
3,3,153,0.009338
3,4,227,0.013855
3,5,152,0.009277
3,6,92,0.005615
3,7,76,0.004639
3,8,82,0.005005
3,9,86,0.005249
3,10,117,0.007141
3,11,125,0.007629
3,12,87,0.005310
3,13,70,0.004272
3,14,86,0.005249
3,15,132,0.008057
3,16,189,0.011536
3,17,138,0.008423
3,18,143,0.008728
3,19,202,0.012329
3,20,130,0.007935
3,21,52,0.003174
3,22,111,0.006775
3,23,55,0.003357
3,24,124,0.007568
3,25,37,0.002258
3,26,92,0.005615
3,27,121,0.007385
3,28,125,0.007629
3,29,139,0.008484
3,30,320,0.019531
3,31,84,0.005127
3,32,172,0.010498
3,33,88,0.005371
3,34,71,0.004333
3,35,88,0.005371
3,36,46,0.002808
3,37,132,0.008057
3,38,49,0.002991
3,39,178,0.010864
3,40,116,0.007080
3,41,145,0.008850
3,42,65,0.003967
3,43,191,0.011658
3,44,189,0.011536
3,45,159,0.009705
3,46,115,0.007019
3,47,181,0.011047
3,48,129,0.007874
3,49,205,0.012512
3,50,67,0.004089
3,51,128,0.007812
3,52,184,0.011230
3,53,155,0.009460
3,54,169,0.010315
3,55,187,0.011414
3,56,114,0.006958
3,57,77,0.004700
3,58,170,0.010376
3,59,99,0.006042
3,60,112,0.006836
3,61,109,0.006653
3,62,131,0.007996
3,63,77,0.004700
3,64,162,0.009888
3,65,141,0.008606
3,66,173,0.010559
3,67,258,0.015747
3,68,153,0.009338
3,69,116,0.007080
3,70,58,0.003540
3,71,103,0.006287
3,72,108,0.006592
3,73,151,0.009216
3,74,130,0.007935
3,75,82,0.005005
3,76,175,0.010681
3,77,126,0.007690
3,78,185,0.011292
3,79,84,0.005127
3,80,152,0.009277
3,81,178,0.010864
3,82,200,0.012207
3,83,50,0.003052
3,84,119,0.007263
3,85,101,0.006165
3,86,215,0.013123
3,87,159,0.009705
3,88,88,0.005371
3,89,114,0.006958
3,90,99,0.006042
3,91,142,0.008667
3,92,102,0.006226
3,93,120,0.007324
3,94,182,0.011108
3,95,262,0.015991
3,96,146,0.008911
3,97,247,0.015076
3,98,45,0.002747
3,99,139,0.008484
3,100,140,0.008545
3,101,156,0.009521
3,102,116,0.007080
3,103,32,0.001953
3,104,78,0.004761
3,105,118,0.007202
3,106,178,0.010864
3,107,86,0.005249
3,108,100,0.006104
3,109,98,0.005981
3,110,130,0.007935
3,111,121,0.007385
3,112,143,0.008728
3,113,104,0.006348
3,114,112,0.006836
3,115,82,0.005005
3,116,85,0.005188
3,117,77,0.004700
3,118,139,0.008484
3,119,277,0.016907
3,120,239,0.014587
3,121,75,0.004578
3,122,142,0.008667
3,123,113,0.006897
3,124,58,0.003540
3,125,39,0.002380
3,126,81,0.004944
3,127,114,0.006958
4,0,63,0.003845
4,1,79,0.004822
4,2,91,0.005554
4,3,81,0.004944
4,4,60,0.003662
4,5,112,0.006836
4,6,157,0.009583
4,7,154,0.009399
4,8,79,0.004822
4,9,136,0.008301
4,10,135,0.008240
4,11,37,0.002258
4,12,189,0.011536
4,13,83,0.005066
4,14,69,0.004211
4,15,307,0.018738
4,16,82,0.005005
4,17,121,0.007385
4,18,93,0.005676
4,19,176,0.010742
4,20,100,0.006104
4,21,49,0.002991
4,22,31,0.001892
4,23,97,0.005920
4,24,235,0.014343
4,25,80,0.004883
4,26,185,0.011292
4,27,87,0.005310
4,28,52,0.003174
4,29,33,0.002014
4,30,114,0.006958
4,31,134,0.008179
4,32,107,0.006531
4,33,42,0.002563
4,34,95,0.005798
4,35,122,0.007446
4,36,98,0.005981
4,37,163,0.009949
4,38,68,0.004150
4,39,315,0.019226
4,40,89,0.005432
4,41,131,0.007996
4,42,119,0.007263
4,43,192,0.011719
4,44,97,0.005920
4,45,128,0.007812
4,46,118,0.007202
4,47,131,0.007996
4,48,149,0.009094
4,49,113,0.006897
4,50,174,0.010620
4,51,208,0.012695
4,52,83,0.005066
4,53,94,0.005737
4,54,93,0.005676
4,55,94,0.005737
4,56,100,0.006104
4,57,128,0.007812
4,58,152,0.009277
4,59,89,0.005432
4,60,131,0.007996
4,61,96,0.005859
4,62,292,0.017822
4,63,116,0.007080
4,64,167,0.010193
4,65,88,0.005371
4,66,80,0.004883
4,67,120,0.007324
4,68,82,0.005005
4,69,109,0.006653
4,70,204,0.012451
4,71,85,0.005188
4,72,100,0.006104
4,73,122,0.007446
4,74,113,0.006897
4,75,162,0.009888
4,76,109,0.006653
4,77,64,0.003906
4,78,31,0.001892
4,79,140,0.008545
4,80,98,0.005981
4,81,139,0.008484
4,82,51,0.003113
4,83,92,0.005615
4,84,126,0.007690
4,85,190,0.011597
4,86,190,0.011597
4,87,225,0.013733
4,88,128,0.007812
4,89,186,0.011353
4,90,137,0.008362
4,91,99,0.006042
4,92,92,0.005615
4,93,83,0.005066
4,94,203,0.012390
4,95,121,0.007385
4,96,71,0.004333
4,97,122,0.007446
4,98,244,0.014893
4,99,63,0.003845
4,100,64,0.003906
4,101,207,0.012634
4,102,66,0.004028
4,103,213,0.013000
4,104,92,0.005615
4,105,139,0.008484
4,106,219,0.013367
4,107,215,0.013123
4,108,176,0.010742
4,109,128,0.007812
4,110,110,0.006714
4,111,111,0.006775
4,112,220,0.013428
4,113,146,0.008911
4,114,216,0.013184
4,115,32,0.001953
4,116,112,0.006836
4,117,126,0.007690
4,118,87,0.005310
4,119,283,0.017273
4,120,74,0.004517
4,121,152,0.009277
4,122,178,0.010864
4,123,89,0.005432
4,124,160,0.009766
4,125,154,0.009399
4,126,325,0.019836
4,127,226,0.013794
5,0,96,0.005859
5,1,172,0.010498
5,2,124,0.007568
5,3,86,0.005249
5,4,153,0.009338
5,5,136,0.008301
5,6,193,0.011780
5,7,45,0.002747
5,8,64,0.003906
5,9,80,0.004883
5,10,152,0.009277
5,11,169,0.010315
5,12,121,0.007385
5,13,136,0.008301
5,14,125,0.007629
5,15,48,0.002930
5,16,95,0.005798
5,17,161,0.009827
5,18,146,0.008911
5,19,189,0.011536
5,20,142,0.008667
5,21,28,0.001709
5,22,141,0.008606
5,23,134,0.008179
5,24,60,0.003662
5,25,215,0.013123
5,26,104,0.006348
5,27,170,0.010376
5,28,144,0.008789
5,29,164,0.010010
5,30,186,0.011353
5,31,118,0.007202
5,32,179,0.010925
5,33,129,0.007874
5,34,57,0.003479
5,35,90,0.005493
5,36,71,0.004333
5,37,50,0.003052
5,38,146,0.008911
5,39,44,0.002686
5,40,175,0.010681
5,41,88,0.005371
5,42,100,0.006104
5,43,75,0.004578
5,44,126,0.007690
5,45,79,0.004822
5,46,155,0.009460
5,47,147,0.008972
5,48,41,0.002502
5,49,148,0.009033
5,50,29,0.001770
5,51,154,0.009399
5,52,36,0.002197
5,53,62,0.003784
5,54,204,0.012451
5,55,139,0.008484
5,56,150,0.009155
5,57,35,0.002136
5,58,164,0.010010
5,59,87,0.005310
5,60,215,0.013123
5,61,116,0.007080
5,62,105,0.006409
5,63,43,0.002625
5,64,65,0.003967
5,65,123,0.007507
5,66,210,0.012817
5,67,214,0.013062
5,68,104,0.006348
5,69,61,0.003723
5,70,58,0.003540
5,71,231,0.014099
5,72,125,0.007629
5,73,73,0.004456
5,74,234,0.014282
5,75,146,0.008911
5,76,171,0.010437
5,77,134,0.008179
5,78,145,0.008850
5,79,83,0.005066
5,80,50,0.003052
5,81,63,0.003845
5,82,78,0.004761
5,83,148,0.009033
5,84,73,0.004456
5,85,159,0.009705
5,86,168,0.010254
5,87,219,0.013367
5,88,224,0.013672
5,89,223,0.013611
5,90,129,0.007874
5,91,137,0.008362
5,92,75,0.004578
5,93,154,0.009399
5,94,136,0.008301
5,95,79,0.004822
5,96,48,0.002930
5,97,212,0.012939
5,98,141,0.008606
5,99,55,0.003357
5,100,91,0.005554
5,101,183,0.011169
5,102,80,0.004883
5,103,152,0.009277
5,104,193,0.011780
5,105,194,0.011841
5,106,98,0.005981
5,107,88,0.005371
5,108,94,0.005737
5,109,153,0.009338
5,110,112,0.006836
5,111,275,0.016785
5,112,232,0.014160
5,113,218,0.013306
5,114,154,0.009399
5,115,76,0.004639
5,116,266,0.016235
5,117,148,0.009033
5,118,87,0.005310
5,119,82,0.005005
5,120,90,0.005493
5,121,120,0.007324
5,122,51,0.003113
5,123,217,0.013245
5,124,106,0.006470
5,125,154,0.009399
5,126,41,0.002502
5,127,345,0.021057
6,0,185,0.011292
6,1,122,0.007446
6,2,69,0.004211
6,3,215,0.013123
6,4,100,0.006104
6,5,113,0.006897
6,6,74,0.004517
6,7,66,0.004028
6,8,141,0.008606
6,9,130,0.007935
6,10,103,0.006287
6,11,62,0.003784
6,12,231,0.014099
6,13,241,0.014709
6,14,67,0.004089
6,15,218,0.013306
6,16,134,0.008179
6,17,112,0.006836
6,18,287,0.017517
6,19,268,0.016357
6,20,98,0.005981
6,21,170,0.010376
6,22,95,0.005798
6,23,56,0.003418
6,24,172,0.010498
6,25,143,0.008728
6,26,161,0.009827
6,27,302,0.018433
6,28,111,0.006775
6,29,147,0.008972
6,30,154,0.009399
6,31,47,0.002869
6,32,107,0.006531
6,33,50,0.003052
6,34,142,0.008667
6,35,61,0.003723
6,36,61,0.003723
6,37,223,0.013611
6,38,95,0.005798
6,39,99,0.006042
6,40,107,0.006531
6,41,37,0.002258
6,42,69,0.004211
6,43,83,0.005066
6,44,148,0.009033
6,45,132,0.008057
6,46,103,0.006287
6,47,270,0.016479
6,48,79,0.004822
6,49,84,0.005127
6,50,140,0.008545
6,51,91,0.005554
6,52,204,0.012451
6,53,107,0.006531
6,54,84,0.005127
6,55,299,0.018250
6,56,100,0.006104
6,57,114,0.006958
6,58,112,0.006836
6,59,148,0.009033
6,60,150,0.009155
6,61,52,0.003174
6,62,115,0.007019
6,63,47,0.002869
6,64,92,0.005615
6,65,110,0.006714
6,66,141,0.008606
6,67,67,0.004089
6,68,138,0.008423
6,69,106,0.006470
6,70,126,0.007690
6,71,74,0.004517
6,72,167,0.010193
6,73,195,0.011902
6,74,46,0.002808
6,75,110,0.006714
6,76,111,0.006775
6,77,33,0.002014
6,78,62,0.003784
6,79,105,0.006409
6,80,67,0.004089
6,81,135,0.008240
6,82,147,0.008972
6,83,94,0.005737
6,84,158,0.009644
6,85,221,0.013489
6,86,116,0.007080
6,87,195,0.011902
6,88,200,0.012207
6,89,196,0.011963
6,90,109,0.006653
6,91,140,0.008545
6,92,80,0.004883
6,93,185,0.011292
6,94,166,0.010132
6,95,133,0.008118
6,96,119,0.007263
6,97,98,0.005981
6,98,38,0.002319
6,99,98,0.005981
6,100,40,0.002441
6,101,119,0.007263
6,102,98,0.005981
6,103,291,0.017761
6,104,82,0.005005
6,105,77,0.004700
6,106,257,0.015686
6,107,49,0.002991
6,108,190,0.011597
6,109,224,0.013672
6,110,123,0.007507
6,111,68,0.004150
6,112,102,0.006226
6,113,147,0.008972
6,114,196,0.011963
6,115,154,0.009399
6,116,160,0.009766
6,117,109,0.006653
6,118,183,0.011169
6,119,73,0.004456
6,120,67,0.004089
6,121,132,0.008057
6,122,161,0.009827
6,123,143,0.008728
6,124,138,0.008423
6,125,94,0.005737
6,126,185,0.011292
6,127,37,0.002258
7,0,82,0.005005
7,1,61,0.003723
7,2,88,0.005371
7,3,127,0.007751
7,4,165,0.010071
7,5,58,0.003540
7,6,116,0.007080
7,7,267,0.016296
7,8,124,0.007568
7,9,197,0.012024
7,10,179,0.010925
7,11,188,0.011475
7,12,112,0.006836
7,13,148,0.009033
7,14,296,0.018066
7,15,83,0.005066
7,16,68,0.004150
7,17,186,0.011353
7,18,89,0.005432
7,19,118,0.007202
7,20,158,0.009644
7,21,106,0.006470
7,22,116,0.007080
7,23,62,0.003784
7,24,130,0.007935
7,25,60,0.003662
7,26,140,0.008545
7,27,139,0.008484
7,28,170,0.010376
7,29,108,0.006592
7,30,186,0.011353
7,31,193,0.011780
7,32,203,0.012390
7,33,169,0.010315
7,34,125,0.007629
7,35,147,0.008972
7,36,105,0.006409
7,37,124,0.007568
7,38,126,0.007690
7,39,259,0.015808
7,40,60,0.003662
7,41,84,0.005127
7,42,126,0.007690
7,43,63,0.003845
7,44,166,0.010132
7,45,83,0.005066
7,46,146,0.008911
7,47,127,0.007751
7,48,30,0.001831
7,49,158,0.009644
7,50,53,0.003235
7,51,116,0.007080
7,52,210,0.012817
7,53,168,0.010254
7,54,130,0.007935
7,55,118,0.007202
7,56,142,0.008667
7,57,89,0.005432
7,58,93,0.005676
7,59,102,0.006226
7,60,121,0.007385
7,61,288,0.017578
7,62,162,0.009888
7,63,303,0.018494
7,64,132,0.008057
7,65,144,0.008789
7,66,124,0.007568
7,67,85,0.005188
7,68,79,0.004822
7,69,102,0.006226
7,70,170,0.010376
7,71,66,0.004028
7,72,61,0.003723
7,73,107,0.006531
7,74,83,0.005066
7,75,70,0.004272
7,76,240,0.014648
7,77,103,0.006287
7,78,139,0.008484
7,79,130,0.007935
7,80,158,0.009644
7,81,109,0.006653
7,82,96,0.005859
7,83,146,0.008911
7,84,126,0.007690
7,85,207,0.012634
7,86,72,0.004395
7,87,220,0.013428
7,88,68,0.004150
7,89,93,0.005676
7,90,116,0.007080
7,91,62,0.003784
7,92,82,0.005005
7,93,160,0.009766
7,94,93,0.005676
7,95,89,0.005432
7,96,160,0.009766
7,97,124,0.007568
7,98,157,0.009583
7,99,211,0.012878
7,100,127,0.007751
7,101,140,0.008545
7,102,327,0.019958
7,103,27,0.001648
7,104,132,0.008057
7,105,67,0.004089
7,106,128,0.007812
7,107,69,0.004211
7,108,71,0.004333
7,109,58,0.003540
7,110,156,0.009521
7,111,127,0.007751
7,112,93,0.005676
7,113,69,0.004211
7,114,197,0.012024
7,115,35,0.002136
7,116,183,0.011169
7,117,129,0.007874
7,118,94,0.005737
7,119,126,0.007690
7,120,50,0.003052
7,121,194,0.011841
7,122,52,0.003174
7,123,102,0.006226
7,124,187,0.011414
7,125,93,0.005676
7,126,138,0.008423
7,127,113,0.006897
8,0,75,0.004578
8,1,97,0.005920
8,2,208,0.012695
8,3,183,0.011169
8,4,141,0.008606
8,5,111,0.006775
8,6,64,0.003906
8,7,69,0.004211
8,8,167,0.010193
8,9,88,0.005371
8,10,98,0.005981
8,11,83,0.005066
8,12,52,0.003174
8,13,132,0.008057
8,14,62,0.003784
8,15,232,0.014160
8,16,246,0.015015
8,17,98,0.005981
8,18,209,0.012756
8,19,62,0.003784
8,20,181,0.011047
8,21,242,0.014771
8,22,152,0.009277
8,23,284,0.017334
8,24,35,0.002136
8,25,105,0.006409
8,26,110,0.006714
8,27,152,0.009277
8,28,109,0.006653
8,29,142,0.008667
8,30,113,0.006897
8,31,79,0.004822
8,32,59,0.003601
8,33,181,0.011047
8,34,75,0.004578
8,35,141,0.008606
8,36,141,0.008606
8,37,96,0.005859
8,38,52,0.003174
8,39,135,0.008240
8,40,173,0.010559
8,41,26,0.001587
8,42,60,0.003662
8,43,283,0.017273
8,44,120,0.007324
8,45,116,0.007080
8,46,187,0.011414
8,47,245,0.014954
8,48,149,0.009094
8,49,173,0.010559
8,50,79,0.004822
8,51,124,0.007568
8,52,70,0.004272
8,53,171,0.010437
8,54,139,0.008484
8,55,136,0.008301
8,56,146,0.008911
8,57,42,0.002563
8,58,91,0.005554
8,59,73,0.004456
8,60,104,0.006348
8,61,145,0.008850
8,62,221,0.013489
8,63,106,0.006470
8,64,85,0.005188
8,65,88,0.005371
8,66,100,0.006104
8,67,94,0.005737
8,68,142,0.008667
8,69,149,0.009094
8,70,49,0.002991
8,71,53,0.003235
8,72,86,0.005249
8,73,80,0.004883
8,74,229,0.013977
8,75,103,0.006287
8,76,164,0.010010
8,77,68,0.004150
8,78,68,0.004150
8,79,287,0.017517
8,80,178,0.010864
8,81,79,0.004822
8,82,105,0.006409
8,83,257,0.015686
8,84,135,0.008240
8,85,88,0.005371
8,86,167,0.010193
8,87,140,0.008545
8,88,33,0.002014
8,89,290,0.017700
8,90,176,0.010742
8,91,115,0.007019
8,92,78,0.004761
8,93,95,0.005798
8,94,60,0.003662
8,95,124,0.007568
8,96,84,0.005127
8,97,52,0.003174
8,98,96,0.005859
8,99,269,0.016418
8,100,78,0.004761
8,101,175,0.010681
8,102,193,0.011780
8,103,107,0.006531
8,104,190,0.011597
8,105,80,0.004883
8,106,93,0.005676
8,107,136,0.008301
8,108,89,0.005432
8,109,87,0.005310
8,110,289,0.017639
8,111,188,0.011475
8,112,121,0.007385
8,113,66,0.004028
8,114,113,0.006897
8,115,67,0.004089
8,116,116,0.007080
8,117,134,0.008179
8,118,134,0.008179
8,119,73,0.004456
8,120,184,0.011230
8,121,198,0.012085
8,122,81,0.004944
8,123,123,0.007507
8,124,91,0.005554
8,125,147,0.008972
8,126,233,0.014221
8,127,92,0.005615
9,0,86,0.005249
9,1,107,0.006531
9,2,109,0.006653
9,3,120,0.007324
9,4,122,0.007446
9,5,35,0.002136
9,6,187,0.011414
9,7,81,0.004944
9,8,129,0.007874
9,9,93,0.005676
9,10,198,0.012085
9,11,165,0.010071
9,12,124,0.007568
9,13,155,0.009460
9,14,122,0.007446
9,15,72,0.004395
9,16,112,0.006836
9,17,207,0.012634
9,18,140,0.008545
9,19,266,0.016235
9,20,151,0.009216
9,21,68,0.004150
9,22,138,0.008423
9,23,96,0.005859
9,24,68,0.004150
9,25,48,0.002930
9,26,177,0.010803
9,27,173,0.010559
9,28,77,0.004700
9,29,98,0.005981
9,30,117,0.007141
9,31,164,0.010010
9,32,136,0.008301
9,33,185,0.011292
9,34,105,0.006409
9,35,212,0.012939
9,36,155,0.009460
9,37,123,0.007507
9,38,122,0.007446
9,39,135,0.008240
9,40,181,0.011047
9,41,95,0.005798
9,42,98,0.005981
9,43,109,0.006653
9,44,102,0.006226
9,45,170,0.010376
9,46,146,0.008911
9,47,43,0.002625
9,48,96,0.005859
9,49,71,0.004333
9,50,107,0.006531
9,51,83,0.005066
9,52,74,0.004517
9,53,136,0.008301
9,54,89,0.005432
9,55,119,0.007263
9,56,113,0.006897
9,57,152,0.009277
9,58,128,0.007812
9,59,121,0.007385
9,60,151,0.009216
9,61,129,0.007874
9,62,213,0.013000
9,63,78,0.004761
9,64,122,0.007446
9,65,119,0.007263
9,66,130,0.007935
9,67,256,0.015625
9,68,128,0.007812
9,69,173,0.010559
9,70,174,0.010620
9,71,117,0.007141
9,72,149,0.009094
9,73,63,0.003845
9,74,85,0.005188
9,75,105,0.006409
9,76,46,0.002808
9,77,177,0.010803
9,78,223,0.013611
9,79,73,0.004456
9,80,122,0.007446
9,81,179,0.010925
9,82,98,0.005981
9,83,93,0.005676
9,84,51,0.003113
9,85,170,0.010376
9,86,116,0.007080
9,87,146,0.008911
9,88,97,0.005920
9,89,125,0.007629
9,90,186,0.011353
9,91,125,0.007629
9,92,130,0.007935
9,93,176,0.010742
9,94,114,0.006958
9,95,166,0.010132
9,96,182,0.011108
9,97,149,0.009094
9,98,189,0.011536
9,99,111,0.006775
9,100,113,0.006897
9,101,257,0.015686
9,102,135,0.008240
9,103,159,0.009705
9,104,265,0.016174
9,105,38,0.002319
9,106,107,0.006531
9,107,31,0.001892
9,108,179,0.010925
9,109,304,0.018555
9,110,104,0.006348
9,111,161,0.009827
9,112,151,0.009216
9,113,43,0.002625
9,114,117,0.007141
9,115,137,0.008362
9,116,62,0.003784
9,117,81,0.004944
9,118,193,0.011780
9,119,127,0.007751
9,120,60,0.003662
9,121,68,0.004150
9,122,150,0.009155
9,123,49,0.002991
9,124,68,0.004150
9,125,110,0.006714
9,126,177,0.010803
9,127,91,0.005554
10,0,104,0.006348
10,1,127,0.007751
10,2,101,0.006165
10,3,101,0.006165
10,4,211,0.012878
10,5,215,0.013123
10,6,162,0.009888
10,7,137,0.008362
10,8,136,0.008301
10,9,216,0.013184
10,10,94,0.005737
10,11,184,0.011230
10,12,155,0.009460
10,13,237,0.014465
10,14,183,0.011169
10,15,99,0.006042
10,16,165,0.010071
10,17,164,0.010010
10,18,75,0.004578
10,19,100,0.006104
10,20,71,0.004333
10,21,53,0.003235
10,22,153,0.009338
10,23,72,0.004395
10,24,123,0.007507
10,25,88,0.005371
10,26,199,0.012146
10,27,162,0.009888
10,28,152,0.009277
10,29,174,0.010620
10,30,120,0.007324
10,31,70,0.004272
10,32,124,0.007568
10,33,134,0.008179
10,34,135,0.008240
10,35,154,0.009399
10,36,67,0.004089
10,37,133,0.008118
10,38,297,0.018127
10,39,70,0.004272
10,40,90,0.005493
10,41,334,0.020386
10,42,167,0.010193
10,43,245,0.014954
10,44,200,0.012207
10,45,56,0.003418
10,46,224,0.013672
10,47,155,0.009460
10,48,74,0.004517
10,49,177,0.010803
10,50,142,0.008667
10,51,158,0.009644
10,52,71,0.004333
10,53,261,0.015930
10,54,110,0.006714
10,55,180,0.010986
10,56,57,0.003479
10,57,61,0.003723
10,58,150,0.009155
10,59,190,0.011597
10,60,101,0.006165
10,61,165,0.010071
10,62,81,0.004944
10,63,79,0.004822
10,64,93,0.005676
10,65,92,0.005615
10,66,61,0.003723
10,67,108,0.006592
10,68,172,0.010498
10,69,164,0.010010
10,70,295,0.018005
10,71,102,0.006226
10,72,142,0.008667
10,73,98,0.005981
10,74,102,0.006226
10,75,180,0.010986
10,76,132,0.008057
10,77,86,0.005249
10,78,66,0.004028
10,79,105,0.006409
10,80,81,0.004944
10,81,70,0.004272
10,82,127,0.007751
10,83,65,0.003967
10,84,86,0.005249
10,85,157,0.009583
10,86,43,0.002625
10,87,151,0.009216
10,88,77,0.004700
10,89,63,0.003845
10,90,101,0.006165
10,91,96,0.005859
10,92,110,0.006714
10,93,229,0.013977
10,94,125,0.007629
10,95,62,0.003784
10,96,101,0.006165
10,97,154,0.009399
10,98,133,0.008118
10,99,76,0.004639
10,100,89,0.005432
10,101,101,0.006165
10,102,60,0.003662
10,103,99,0.006042
10,104,82,0.005005
10,105,116,0.007080
10,106,125,0.007629
10,107,80,0.004883
10,108,240,0.014648
10,109,127,0.007751
10,110,103,0.006287
10,111,130,0.007935
10,112,207,0.012634
10,113,63,0.003845
10,114,164,0.010010
10,115,74,0.004517
10,116,142,0.008667
10,117,74,0.004517
10,118,118,0.007202
10,119,90,0.005493
10,120,109,0.006653
10,121,182,0.011108
10,122,156,0.009521
10,123,112,0.006836
10,124,94,0.005737
10,125,160,0.009766
10,126,77,0.004700
10,127,60,0.003662
11,0,109,0.006653
11,1,115,0.007019
11,2,133,0.008118
11,3,121,0.007385
11,4,319,0.019470
11,5,91,0.005554
11,6,98,0.005981
11,7,83,0.005066
11,8,192,0.011719
11,9,67,0.004089
11,10,69,0.004211
11,11,115,0.007019
11,12,101,0.006165
11,13,155,0.009460
11,14,34,0.002075
11,15,172,0.010498
11,16,138,0.008423
11,17,95,0.005798
11,18,71,0.004333
11,19,137,0.008362
11,20,105,0.006409
11,21,151,0.009216
11,22,237,0.014465
11,23,135,0.008240
11,24,197,0.012024
11,25,163,0.009949
11,26,91,0.005554
11,27,178,0.010864
11,28,146,0.008911
11,29,77,0.004700
11,30,158,0.009644
11,31,244,0.014893
11,32,163,0.009949
11,33,176,0.010742
11,34,90,0.005493
11,35,119,0.007263
11,36,148,0.009033
11,37,82,0.005005
11,38,48,0.002930
11,39,204,0.012451
11,40,98,0.005981
11,41,211,0.012878
11,42,122,0.007446
11,43,69,0.004211
11,44,56,0.003418
11,45,191,0.011658
11,46,97,0.005920
11,47,68,0.004150
11,48,142,0.008667
11,49,111,0.006775
11,50,90,0.005493
11,51,84,0.005127
11,52,101,0.006165
11,53,118,0.007202
11,54,100,0.006104
11,55,72,0.004395
11,56,168,0.010254
11,57,199,0.012146
11,58,110,0.006714
11,59,114,0.006958
11,60,205,0.012512
11,61,70,0.004272
11,62,132,0.008057
11,63,193,0.011780
11,64,99,0.006042
11,65,35,0.002136
11,66,83,0.005066
11,67,71,0.004333
11,68,125,0.007629
11,69,42,0.002563
11,70,62,0.003784
11,71,152,0.009277
11,72,247,0.015076
11,73,150,0.009155
11,74,98,0.005981
11,75,186,0.011353
11,76,187,0.011414
11,77,164,0.010010
11,78,63,0.003845
11,79,224,0.013672
11,80,65,0.003967
11,81,115,0.007019
11,82,33,0.002014
11,83,140,0.008545
11,84,101,0.006165
11,85,153,0.009338
11,86,117,0.007141
11,87,72,0.004395
11,88,121,0.007385
11,89,59,0.003601
11,90,258,0.015747
11,91,55,0.003357
11,92,175,0.010681
11,93,76,0.004639
11,94,83,0.005066
11,95,95,0.005798
11,96,151,0.009216
11,97,109,0.006653
11,98,126,0.007690
11,99,66,0.004028
11,100,166,0.010132
11,101,115,0.007019
11,102,90,0.005493
11,103,196,0.011963
11,104,177,0.010803
11,105,133,0.008118
11,106,184,0.011230
11,107,86,0.005249
11,108,111,0.006775
11,109,133,0.008118
11,110,102,0.006226
11,111,96,0.005859
11,112,111,0.006775
11,113,72,0.004395
11,114,124,0.007568
11,115,194,0.011841
11,116,133,0.008118
11,117,130,0.007935
11,118,98,0.005981
11,119,247,0.015076
11,120,125,0.007629
11,121,77,0.004700
11,122,258,0.015747
11,123,282,0.017212
11,124,125,0.007629
11,125,139,0.008484
11,126,146,0.008911
11,127,128,0.007812
12,0,172,0.010498
12,1,75,0.004578
12,2,93,0.005676
12,3,67,0.004089
12,4,141,0.008606
12,5,111,0.006775
12,6,113,0.006897
12,7,167,0.010193
12,8,103,0.006287
12,9,121,0.007385
12,10,149,0.009094
12,11,243,0.014832
12,12,225,0.013733
12,13,166,0.010132
12,14,120,0.007324
12,15,144,0.008789
12,16,137,0.008362
12,17,185,0.011292
12,18,121,0.007385
12,19,50,0.003052
12,20,164,0.010010
12,21,91,0.005554
12,22,109,0.006653
12,23,99,0.006042
12,24,115,0.007019
12,25,47,0.002869
12,26,106,0.006470
12,27,173,0.010559
12,28,120,0.007324
12,29,96,0.005859
12,30,189,0.011536
12,31,303,0.018494
12,32,106,0.006470
12,33,96,0.005859
12,34,69,0.004211
12,35,138,0.008423
12,36,152,0.009277
12,37,128,0.007812
12,38,104,0.006348
12,39,142,0.008667
12,40,132,0.008057
12,41,115,0.007019
12,42,73,0.004456
12,43,152,0.009277
12,44,110,0.006714
12,45,223,0.013611
12,46,83,0.005066
12,47,127,0.007751
12,48,144,0.008789
12,49,78,0.004761
12,50,100,0.006104
12,51,108,0.006592
12,52,139,0.008484
12,53,227,0.013855
12,54,145,0.008850
12,55,50,0.003052
12,56,86,0.005249
12,57,99,0.006042
12,58,177,0.010803
12,59,135,0.008240
12,60,160,0.009766
12,61,75,0.004578
12,62,316,0.019287
12,63,106,0.006470
12,64,52,0.003174
12,65,124,0.007568
12,66,237,0.014465
12,67,105,0.006409
12,68,151,0.009216
12,69,145,0.008850
12,70,201,0.012268
12,71,125,0.007629
12,72,180,0.010986
12,73,139,0.008484
12,74,140,0.008545
12,75,92,0.005615
12,76,63,0.003845
12,77,130,0.007935
12,78,133,0.008118
12,79,113,0.006897
12,80,184,0.011230
12,81,69,0.004211
12,82,97,0.005920
12,83,198,0.012085
12,84,60,0.003662
12,85,74,0.004517
12,86,43,0.002625
12,87,178,0.010864
12,88,127,0.007751
12,89,60,0.003662
12,90,170,0.010376
12,91,92,0.005615
12,92,98,0.005981
12,93,136,0.008301
12,94,161,0.009827
12,95,71,0.004333
12,96,130,0.007935
12,97,98,0.005981
12,98,203,0.012390
12,99,79,0.004822
12,100,204,0.012451
12,101,47,0.002869
12,102,148,0.009033
12,103,222,0.013550
12,104,180,0.010986
12,105,189,0.011536
12,106,172,0.010498
12,107,70,0.004272
12,108,91,0.005554
12,109,194,0.011841
12,110,145,0.008850
12,111,122,0.007446
12,112,221,0.013489
12,113,148,0.009033
12,114,28,0.001709
12,115,63,0.003845
12,116,133,0.008118
12,117,98,0.005981
12,118,83,0.005066
12,119,90,0.005493
12,120,90,0.005493
12,121,116,0.007080
12,122,116,0.007080
12,123,98,0.005981
12,124,98,0.005981
12,125,122,0.007446
12,126,107,0.006531
12,127,121,0.007385
13,0,117,0.007141
13,1,84,0.005127
13,2,141,0.008606
13,3,71,0.004333
13,4,146,0.008911
13,5,263,0.016052
13,6,119,0.007263
13,7,143,0.008728
13,8,298,0.018188
13,9,121,0.007385
13,10,80,0.004883
13,11,140,0.008545
13,12,85,0.005188
13,13,153,0.009338
13,14,55,0.003357
13,15,139,0.008484
13,16,143,0.008728
13,17,211,0.012878
13,18,158,0.009644
13,19,79,0.004822
13,20,132,0.008057
13,21,138,0.008423
13,22,224,0.013672
13,23,100,0.006104
13,24,130,0.007935
13,25,146,0.008911
13,26,123,0.007507
13,27,78,0.004761
13,28,68,0.004150
13,29,136,0.008301
13,30,134,0.008179
13,31,80,0.004883
13,32,108,0.006592
13,33,106,0.006470
13,34,40,0.002441
13,35,64,0.003906
13,36,51,0.003113
13,37,62,0.003784
13,38,154,0.009399
13,39,127,0.007751
13,40,58,0.003540
13,41,147,0.008972
13,42,188,0.011475
13,43,128,0.007812
13,44,154,0.009399
13,45,149,0.009094
13,46,95,0.005798
13,47,215,0.013123
13,48,83,0.005066
13,49,103,0.006287
13,50,33,0.002014
13,51,179,0.010925
13,52,90,0.005493
13,53,244,0.014893
13,54,52,0.003174
13,55,223,0.013611
13,56,35,0.002136
13,57,102,0.006226
13,58,129,0.007874
13,59,111,0.006775
13,60,226,0.013794
13,61,79,0.004822
13,62,117,0.007141
13,63,140,0.008545
13,64,124,0.007568
13,65,119,0.007263
13,66,133,0.008118
13,67,100,0.006104
13,68,235,0.014343
13,69,83,0.005066
13,70,119,0.007263
13,71,150,0.009155
13,72,162,0.009888
13,73,216,0.013184
13,74,87,0.005310
13,75,186,0.011353
13,76,118,0.007202
13,77,55,0.003357
13,78,183,0.011169
13,79,66,0.004028
13,80,86,0.005249
13,81,165,0.010071
13,82,110,0.006714
13,83,71,0.004333
13,84,151,0.009216
13,85,177,0.010803
13,86,78,0.004761
13,87,103,0.006287
13,88,132,0.008057
13,89,131,0.007996
13,90,105,0.006409
13,91,241,0.014709
13,92,96,0.005859
13,93,85,0.005188
13,94,99,0.006042
13,95,140,0.008545
13,96,95,0.005798
13,97,77,0.004700
13,98,61,0.003723
13,99,299,0.018250
13,100,161,0.009827
13,101,77,0.004700
13,102,132,0.008057
13,103,147,0.008972
13,104,193,0.011780
13,105,74,0.004517
13,106,182,0.011108
13,107,181,0.011047
13,108,73,0.004456
13,109,122,0.007446
13,110,142,0.008667
13,111,140,0.008545
13,112,39,0.002380
13,113,115,0.007019
13,114,108,0.006592
13,115,180,0.010986
13,116,135,0.008240
13,117,88,0.005371
13,118,71,0.004333
13,119,105,0.006409
13,120,129,0.007874
13,121,148,0.009033
13,122,68,0.004150
13,123,238,0.014526
13,124,200,0.012207
13,125,146,0.008911
13,126,144,0.008789
13,127,181,0.011047
14,0,137,0.008362
14,1,107,0.006531
14,2,199,0.012146
14,3,107,0.006531
14,4,114,0.006958
14,5,136,0.008301
14,6,115,0.007019
14,7,128,0.007812
14,8,378,0.023071
14,9,88,0.005371
14,10,163,0.009949
14,11,172,0.010498
14,12,67,0.004089
14,13,109,0.006653
14,14,63,0.003845
14,15,88,0.005371
14,16,69,0.004211
14,17,143,0.008728
14,18,91,0.005554
14,19,192,0.011719
14,20,115,0.007019
14,21,101,0.006165
14,22,79,0.004822
14,23,84,0.005127
14,24,181,0.011047
14,25,62,0.003784
14,26,203,0.012390
14,27,108,0.006592
14,28,69,0.004211
14,29,127,0.007751
14,30,92,0.005615
14,31,93,0.005676
14,32,207,0.012634
14,33,159,0.009705
14,34,37,0.002258
14,35,113,0.006897
14,36,107,0.006531
14,37,94,0.005737
14,38,235,0.014343
14,39,79,0.004822
14,40,65,0.003967
14,41,115,0.007019
14,42,189,0.011536
14,43,54,0.003296
14,44,111,0.006775
14,45,109,0.006653
14,46,157,0.009583
14,47,293,0.017883
14,48,183,0.011169
14,49,87,0.005310
14,50,78,0.004761
14,51,21,0.001282
14,52,146,0.008911
14,53,165,0.010071
14,54,154,0.009399
14,55,84,0.005127
14,56,233,0.014221
14,57,77,0.004700
14,58,170,0.010376
14,59,152,0.009277
14,60,95,0.005798
14,61,180,0.010986
14,62,67,0.004089
14,63,83,0.005066
14,64,133,0.008118
14,65,233,0.014221
14,66,160,0.009766
14,67,101,0.006165
14,68,227,0.013855
14,69,318,0.019409
14,70,139,0.008484
14,71,142,0.008667
14,72,71,0.004333
14,73,69,0.004211
14,74,82,0.005005
14,75,79,0.004822
14,76,64,0.003906
14,77,113,0.006897
14,78,72,0.004395
14,79,104,0.006348
14,80,119,0.007263
14,81,75,0.004578
14,82,78,0.004761
14,83,140,0.008545
14,84,276,0.016846
14,85,157,0.009583
14,86,34,0.002075
14,87,155,0.009460
14,88,157,0.009583
14,89,127,0.007751
14,90,26,0.001587
14,91,82,0.005005
14,92,147,0.008972
14,93,254,0.015503
14,94,173,0.010559
14,95,108,0.006592
14,96,117,0.007141
14,97,122,0.007446
14,98,165,0.010071
14,99,215,0.013123
14,100,29,0.001770
14,101,99,0.006042
14,102,109,0.006653
14,103,83,0.005066
14,104,133,0.008118
14,105,93,0.005676
14,106,93,0.005676
14,107,58,0.003540
14,108,96,0.005859
14,109,154,0.009399
14,110,202,0.012329
14,111,136,0.008301
14,112,264,0.016113
14,113,220,0.013428
14,114,39,0.002380
14,115,130,0.007935
14,116,109,0.006653
14,117,152,0.009277
14,118,179,0.010925
14,119,105,0.006409
14,120,204,0.012451
14,121,44,0.002686
14,122,174,0.010620
14,123,71,0.004333
14,124,67,0.004089
14,125,175,0.010681
14,126,111,0.006775
14,127,142,0.008667
15,0,93,0.005676
15,1,132,0.008057
15,2,110,0.006714
15,3,40,0.002441
15,4,199,0.012146
15,5,185,0.011292
15,6,123,0.007507
15,7,127,0.007751
15,8,95,0.005798
15,9,55,0.003357
15,10,54,0.003296
15,11,56,0.003418
15,12,96,0.005859
15,13,186,0.011353
15,14,83,0.005066
15,15,128,0.007812
15,16,157,0.009583
15,17,68,0.004150
15,18,154,0.009399
15,19,119,0.007263
15,20,213,0.013000
15,21,194,0.011841
15,22,114,0.006958
15,23,94,0.005737
15,24,232,0.014160
15,25,80,0.004883
15,26,227,0.013855
15,27,166,0.010132
15,28,101,0.006165
15,29,106,0.006470
15,30,155,0.009460
15,31,66,0.004028
15,32,91,0.005554
15,33,175,0.010681
15,34,132,0.008057
15,35,146,0.008911
15,36,288,0.017578
15,37,138,0.008423
15,38,88,0.005371
15,39,158,0.009644
15,40,142,0.008667
15,41,95,0.005798
15,42,60,0.003662
15,43,135,0.008240
15,44,104,0.006348
15,45,96,0.005859
15,46,85,0.005188
15,47,218,0.013306
15,48,99,0.006042
15,49,157,0.009583
15,50,55,0.003357
15,51,66,0.004028
15,52,48,0.002930
15,53,121,0.007385
15,54,74,0.004517
15,55,35,0.002136
15,56,265,0.016174
15,57,114,0.006958
15,58,111,0.006775
15,59,170,0.010376
15,60,154,0.009399
15,61,127,0.007751
15,62,204,0.012451
15,63,104,0.006348
15,64,174,0.010620
15,65,67,0.004089
15,66,69,0.004211
15,67,75,0.004578
15,68,125,0.007629
15,69,129,0.007874
15,70,90,0.005493
15,71,145,0.008850
15,72,171,0.010437
15,73,59,0.003601
15,74,158,0.009644
15,75,162,0.009888
15,76,120,0.007324
15,77,162,0.009888
15,78,97,0.005920
15,79,67,0.004089
15,80,160,0.009766
15,81,81,0.004944
15,82,155,0.009460
15,83,220,0.013428
15,84,180,0.010986
15,85,118,0.007202
15,86,132,0.008057
15,87,178,0.010864
15,88,194,0.011841
15,89,72,0.004395
15,90,52,0.003174
15,91,139,0.008484
15,92,155,0.009460
15,93,144,0.008789
15,94,140,0.008545
15,95,106,0.006470
15,96,123,0.007507
15,97,59,0.003601
15,98,144,0.008789
15,99,163,0.009949
15,100,134,0.008179
15,101,72,0.004395
15,102,100,0.006104
15,103,147,0.008972
15,104,100,0.006104
15,105,132,0.008057
15,106,135,0.008240
15,107,69,0.004211
15,108,134,0.008179
15,109,268,0.016357
15,110,102,0.006226
15,111,88,0.005371
15,112,122,0.007446
15,113,121,0.007385
15,114,182,0.011108
15,115,153,0.009338
15,116,185,0.011292
15,117,109,0.006653
15,118,179,0.010925
15,119,152,0.009277
15,120,197,0.012024
15,121,203,0.012390
15,122,77,0.004700
15,123,76,0.004639
15,124,93,0.005676
15,125,216,0.013184
15,126,132,0.008057
15,127,58,0.003540
16,0,118,0.007202
16,1,42,0.002563
16,2,260,0.015869
16,3,157,0.009583
16,4,66,0.004028
16,5,137,0.008362
16,6,298,0.018188
16,7,133,0.008118
16,8,66,0.004028
16,9,111,0.006775
16,10,143,0.008728
16,11,252,0.015381
16,12,164,0.010010
16,13,162,0.009888
16,14,76,0.004639
16,15,175,0.010681
16,16,232,0.014160
16,17,74,0.004517
16,18,78,0.004761
16,19,74,0.004517
16,20,151,0.009216
16,21,99,0.006042
16,22,242,0.014771
16,23,215,0.013123
16,24,142,0.008667
16,25,127,0.007751
16,26,60,0.003662
16,27,107,0.006531
16,28,121,0.007385
16,29,218,0.013306
16,30,103,0.006287
16,31,196,0.011963
16,32,149,0.009094
16,33,140,0.008545
16,34,108,0.006592
16,35,65,0.003967
16,36,181,0.011047
16,37,186,0.011353
16,38,41,0.002502
16,39,94,0.005737
16,40,110,0.006714
16,41,165,0.010071
16,42,59,0.003601
16,43,272,0.016602
16,44,107,0.006531
16,45,134,0.008179
16,46,108,0.006592
16,47,175,0.010681
16,48,150,0.009155
16,49,201,0.012268
16,50,97,0.005920
16,51,162,0.009888
16,52,156,0.009521
16,53,308,0.018799
16,54,173,0.010559
16,55,111,0.006775
16,56,216,0.013184
16,57,101,0.006165
16,58,173,0.010559
16,59,129,0.007874
16,60,118,0.007202
16,61,120,0.007324
16,62,171,0.010437
16,63,47,0.002869
16,64,126,0.007690
16,65,25,0.001526
16,66,26,0.001587
16,67,204,0.012451
16,68,129,0.007874
16,69,156,0.009521
16,70,155,0.009460
16,71,43,0.002625
16,72,186,0.011353
16,73,130,0.007935
16,74,111,0.006775
16,75,102,0.006226
16,76,18,0.001099
16,77,39,0.002380
16,78,161,0.009827
16,79,40,0.002441
16,80,149,0.009094
16,81,160,0.009766
16,82,57,0.003479
16,83,62,0.003784
16,84,64,0.003906
16,85,72,0.004395
16,86,111,0.006775
16,87,98,0.005981
16,88,91,0.005554
16,89,80,0.004883
16,90,250,0.015259
16,91,115,0.007019
16,92,95,0.005798
16,93,63,0.003845
16,94,134,0.008179
16,95,119,0.007263
16,96,165,0.010071
16,97,120,0.007324
16,98,134,0.008179
16,99,85,0.005188
16,100,46,0.002808
16,101,84,0.005127
16,102,88,0.005371
16,103,70,0.004272
16,104,162,0.009888
16,105,138,0.008423
16,106,100,0.006104
16,107,98,0.005981
16,108,163,0.009949
16,109,95,0.005798
16,110,137,0.008362
16,111,159,0.009705
16,112,93,0.005676
16,113,82,0.005005
16,114,187,0.011414
16,115,99,0.006042
16,116,143,0.008728
16,117,171,0.010437
16,118,111,0.006775
16,119,88,0.005371
16,120,251,0.015320
16,121,150,0.009155
16,122,57,0.003479
16,123,140,0.008545
16,124,101,0.006165
16,125,118,0.007202
16,126,205,0.012512
16,127,47,0.002869
17,0,48,0.002930
17,1,152,0.009277
17,2,89,0.005432
17,3,83,0.005066
17,4,58,0.003540
17,5,239,0.014587
17,6,204,0.012451
17,7,116,0.007080
17,8,81,0.004944
17,9,144,0.008789
17,10,184,0.011230
17,11,148,0.009033
17,12,123,0.007507
17,13,76,0.004639
17,14,116,0.007080
17,15,245,0.014954
17,16,75,0.004578
17,17,37,0.002258
17,18,55,0.003357
17,19,108,0.006592
17,20,185,0.011292
17,21,190,0.011597
17,22,93,0.005676
17,23,89,0.005432
17,24,241,0.014709
17,25,123,0.007507
17,26,169,0.010315
17,27,113,0.006897
17,28,168,0.010254
17,29,131,0.007996
17,30,209,0.012756
17,31,88,0.005371
17,32,71,0.004333
17,33,154,0.009399
17,34,41,0.002502
17,35,167,0.010193
17,36,180,0.010986
17,37,166,0.010132
17,38,138,0.008423
17,39,133,0.008118
17,40,139,0.008484
17,41,50,0.003052
17,42,141,0.008606
17,43,79,0.004822
17,44,226,0.013794
17,45,185,0.011292
17,46,122,0.007446
17,47,143,0.008728
17,48,101,0.006165
17,49,252,0.015381
17,50,84,0.005127
17,51,240,0.014648
17,52,215,0.013123
17,53,62,0.003784
17,54,117,0.007141
17,55,139,0.008484
17,56,141,0.008606
17,57,209,0.012756
17,58,79,0.004822
17,59,82,0.005005
17,60,117,0.007141
17,61,30,0.001831
17,62,82,0.005005
17,63,111,0.006775
17,64,68,0.004150
17,65,302,0.018433
17,66,177,0.010803
17,67,99,0.006042
17,68,175,0.010681
17,69,124,0.007568
17,70,84,0.005127
17,71,168,0.010254
17,72,62,0.003784
17,73,98,0.005981
17,74,191,0.011658
17,75,124,0.007568
17,76,174,0.010620
17,77,128,0.007812
17,78,48,0.002930
17,79,112,0.006836
17,80,184,0.011230
17,81,120,0.007324
17,82,164,0.010010
17,83,134,0.008179
17,84,62,0.003784
17,85,182,0.011108
17,86,114,0.006958
17,87,43,0.002625
17,88,210,0.012817
17,89,92,0.005615
17,90,107,0.006531
17,91,33,0.002014
17,92,100,0.006104
17,93,128,0.007812
17,94,37,0.002258
17,95,101,0.006165
17,96,37,0.002258
17,97,203,0.012390
17,98,127,0.007751
17,99,172,0.010498
17,100,244,0.014893
17,101,90,0.005493
17,102,30,0.001831
17,103,172,0.010498
17,104,85,0.005188
17,105,47,0.002869
17,106,154,0.009399
17,107,92,0.005615
17,108,240,0.014648
17,109,162,0.009888
17,110,37,0.002258
17,111,107,0.006531
17,112,91,0.005554
17,113,187,0.011414
17,114,102,0.006226
17,115,183,0.011169
17,116,170,0.010376
17,117,268,0.016357
17,118,162,0.009888
17,119,85,0.005188
17,120,111,0.006775
17,121,71,0.004333
17,122,63,0.003845
17,123,138,0.008423
17,124,160,0.009766
17,125,106,0.006470
17,126,110,0.006714
17,127,57,0.003479
18,0,102,0.006226
18,1,104,0.006348
18,2,51,0.003113
18,3,99,0.006042
18,4,68,0.004150
18,5,103,0.006287
18,6,41,0.002502
18,7,159,0.009705
18,8,215,0.013123
18,9,136,0.008301
18,10,171,0.010437
18,11,114,0.006958
18,12,178,0.010864
18,13,124,0.007568
18,14,54,0.003296
18,15,247,0.015076
18,16,50,0.003052
18,17,154,0.009399
18,18,170,0.010376
18,19,65,0.003967
18,20,102,0.006226
18,21,104,0.006348
18,22,128,0.007812
18,23,174,0.010620
18,24,52,0.003174
18,25,117,0.007141
18,26,166,0.010132
18,27,185,0.011292
18,28,205,0.012512
18,29,186,0.011353
18,30,118,0.007202
18,31,58,0.003540
18,32,212,0.012939
18,33,99,0.006042
18,34,169,0.010315
18,35,83,0.005066
18,36,42,0.002563
18,37,160,0.009766
18,38,256,0.015625
18,39,104,0.006348
18,40,56,0.003418
18,41,170,0.010376
18,42,158,0.009644
18,43,86,0.005249
18,44,37,0.002258
18,45,199,0.012146
18,46,111,0.006775
18,47,191,0.011658
18,48,58,0.003540
18,49,149,0.009094
18,50,78,0.004761
18,51,125,0.007629
18,52,154,0.009399
18,53,115,0.007019
18,54,160,0.009766
18,55,147,0.008972
18,56,79,0.004822
18,57,71,0.004333
18,58,76,0.004639
18,59,214,0.013062
18,60,89,0.005432
18,61,44,0.002686
18,62,168,0.010254
18,63,223,0.013611
18,64,73,0.004456
18,65,160,0.009766
18,66,88,0.005371
18,67,64,0.003906
18,68,144,0.008789
18,69,67,0.004089
18,70,163,0.009949
18,71,131,0.007996
18,72,71,0.004333
18,73,189,0.011536
18,74,87,0.005310
18,75,108,0.006592
18,76,128,0.007812
18,77,172,0.010498
18,78,109,0.006653
18,79,105,0.006409
18,80,80,0.004883
18,81,62,0.003784
18,82,130,0.007935
18,83,156,0.009521
18,84,206,0.012573
18,85,139,0.008484
18,86,246,0.015015
18,87,80,0.004883
18,88,77,0.004700
18,89,125,0.007629
18,90,55,0.003357
18,91,155,0.009460
18,92,142,0.008667
18,93,130,0.007935
18,94,54,0.003296
18,95,87,0.005310
18,96,174,0.010620
18,97,142,0.008667
18,98,135,0.008240
18,99,167,0.010193
18,100,269,0.016418
18,101,107,0.006531
18,102,70,0.004272
18,103,295,0.018005
18,104,82,0.005005
18,105,199,0.012146
18,106,163,0.009949
18,107,67,0.004089
18,108,177,0.010803
18,109,267,0.016296
18,110,34,0.002075
18,111,157,0.009583
18,112,136,0.008301
18,113,244,0.014893
18,114,167,0.010193
18,115,73,0.004456
18,116,33,0.002014
18,117,143,0.008728
18,118,175,0.010681
18,119,92,0.005615
18,120,117,0.007141
18,121,91,0.005554
18,122,163,0.009949
18,123,134,0.008179
18,124,164,0.010010
18,125,108,0.006592
18,126,84,0.005127
18,127,89,0.005432
19,0,216,0.013184
19,1,212,0.012939
19,2,168,0.010254
19,3,191,0.011658
19,4,109,0.006653
19,5,116,0.007080
19,6,53,0.003235
19,7,158,0.009644
19,8,180,0.010986
19,9,104,0.006348
19,10,233,0.014221
19,11,58,0.003540
19,12,108,0.006592
19,13,105,0.006409
19,14,189,0.011536
19,15,180,0.010986
19,16,81,0.004944
19,17,184,0.011230
19,18,331,0.020203
19,19,105,0.006409
19,20,142,0.008667
19,21,103,0.006287
19,22,154,0.009399
19,23,103,0.006287
19,24,165,0.010071
19,25,21,0.001282
19,26,88,0.005371
19,27,117,0.007141
19,28,156,0.009521
19,29,115,0.007019
19,30,81,0.004944
19,31,199,0.012146
19,32,88,0.005371
19,33,197,0.012024
19,34,93,0.005676
19,35,137,0.008362
19,36,133,0.008118
19,37,94,0.005737
19,38,126,0.007690
19,39,50,0.003052
19,40,112,0.006836
19,41,118,0.007202
19,42,131,0.007996
19,43,77,0.004700
19,44,89,0.005432
19,45,51,0.003113
19,46,154,0.009399
19,47,82,0.005005
19,48,88,0.005371
19,49,33,0.002014
19,50,61,0.003723
19,51,170,0.010376
19,52,213,0.013000
19,53,25,0.001526
19,54,213,0.013000
19,55,92,0.005615
19,56,73,0.004456
19,57,108,0.006592
19,58,84,0.005127
19,59,144,0.008789
19,60,101,0.006165
19,61,115,0.007019
19,62,115,0.007019
19,63,128,0.007812
19,64,199,0.012146
19,65,117,0.007141
19,66,123,0.007507
19,67,176,0.010742
19,68,145,0.008850
19,69,122,0.007446
19,70,88,0.005371
19,71,86,0.005249
19,72,89,0.005432
19,73,203,0.012390
19,74,46,0.002808
19,75,173,0.010559
19,76,188,0.011475
19,77,143,0.008728
19,78,97,0.005920
19,79,105,0.006409
19,80,147,0.008972
19,81,123,0.007507
19,82,54,0.003296
19,83,68,0.004150
19,84,96,0.005859
19,85,75,0.004578
19,86,146,0.008911
19,87,110,0.006714
19,88,264,0.016113
19,89,114,0.006958
19,90,108,0.006592
19,91,234,0.014282
19,92,172,0.010498
19,93,68,0.004150
19,94,174,0.010620
19,95,74,0.004517
19,96,129,0.007874
19,97,271,0.016541
19,98,100,0.006104
19,99,170,0.010376
19,100,158,0.009644
19,101,226,0.013794
19,102,91,0.005554
19,103,121,0.007385
19,104,141,0.008606
19,105,113,0.006897
19,106,85,0.005188
19,107,119,0.007263
19,108,140,0.008545
19,109,149,0.009094
19,110,86,0.005249
19,111,118,0.007202
19,112,131,0.007996
19,113,194,0.011841
19,114,91,0.005554
19,115,101,0.006165
19,116,215,0.013123
19,117,113,0.006897
19,118,68,0.004150
19,119,97,0.005920
19,120,87,0.005310
19,121,98,0.005981
19,122,215,0.013123
19,123,77,0.004700
19,124,55,0.003357
19,125,195,0.011902
19,126,129,0.007874
19,127,154,0.009399
20,0,152,0.009277
20,1,169,0.010315
20,2,177,0.010803
20,3,126,0.007690
20,4,46,0.002808
20,5,137,0.008362
20,6,90,0.005493
20,7,142,0.008667
20,8,102,0.006226
20,9,213,0.013000
20,10,90,0.005493
20,11,97,0.005920
20,12,64,0.003906
20,13,161,0.009827
20,14,68,0.004150
20,15,69,0.004211
20,16,179,0.010925
20,17,74,0.004517
20,18,53,0.003235
20,19,60,0.003662
20,20,130,0.007935
20,21,54,0.003296
20,22,125,0.007629
20,23,83,0.005066
20,24,170,0.010376
20,25,112,0.006836
20,26,231,0.014099
20,27,109,0.006653
20,28,83,0.005066
20,29,120,0.007324
20,30,101,0.006165
20,31,81,0.004944
20,32,303,0.018494
20,33,211,0.012878
20,34,187,0.011414
20,35,207,0.012634
20,36,84,0.005127
20,37,92,0.005615
20,38,68,0.004150
20,39,189,0.011536
20,40,246,0.015015
20,41,104,0.006348
20,42,127,0.007751
20,43,97,0.005920
20,44,123,0.007507
20,45,132,0.008057
20,46,152,0.009277
20,47,154,0.009399
20,48,116,0.007080
20,49,112,0.006836
20,50,214,0.013062
20,51,153,0.009338
20,52,90,0.005493
20,53,212,0.012939
20,54,136,0.008301
20,55,182,0.011108
20,56,124,0.007568
20,57,244,0.014893
20,58,254,0.015503
20,59,99,0.006042
20,60,99,0.006042
20,61,104,0.006348
20,62,165,0.010071
20,63,161,0.009827
20,64,50,0.003052
20,65,84,0.005127
20,66,194,0.011841
20,67,119,0.007263
20,68,52,0.003174
20,69,120,0.007324
20,70,98,0.005981
20,71,103,0.006287
20,72,80,0.004883
20,73,77,0.004700
20,74,71,0.004333
20,75,101,0.006165
20,76,99,0.006042
20,77,165,0.010071
20,78,98,0.005981
20,79,134,0.008179
20,80,64,0.003906
20,81,160,0.009766
20,82,133,0.008118
20,83,103,0.006287
20,84,199,0.012146
20,85,95,0.005798
20,86,275,0.016785
20,87,139,0.008484
20,88,131,0.007996
20,89,149,0.009094
20,90,185,0.011292
20,91,146,0.008911
20,92,108,0.006592
20,93,67,0.004089
20,94,239,0.014587
20,95,198,0.012085
20,96,210,0.012817
20,97,110,0.006714
20,98,82,0.005005
20,99,136,0.008301
20,100,84,0.005127
20,101,106,0.006470
20,102,208,0.012695
20,103,93,0.005676
20,104,49,0.002991
20,105,130,0.007935
20,106,68,0.004150
20,107,167,0.010193
20,108,71,0.004333
20,109,179,0.010925
20,110,64,0.003906
20,111,53,0.003235
20,112,98,0.005981
20,113,29,0.001770
20,114,80,0.004883
20,115,103,0.006287
20,116,154,0.009399
20,117,119,0.007263
20,118,158,0.009644
20,119,122,0.007446
20,120,121,0.007385
20,121,66,0.004028
20,122,105,0.006409
20,123,164,0.010010
20,124,174,0.010620
20,125,173,0.010559
20,126,79,0.004822
20,127,184,0.011230
21,0,87,0.005310
21,1,126,0.007690
21,2,235,0.014343
21,3,44,0.002686
21,4,105,0.006409
21,5,166,0.010132
21,6,121,0.007385
21,7,49,0.002991
21,8,162,0.009888
21,9,200,0.012207
21,10,228,0.013916
21,11,78,0.004761
21,12,53,0.003235
21,13,157,0.009583
21,14,259,0.015808
21,15,112,0.006836
21,16,189,0.011536
21,17,97,0.005920
21,18,163,0.009949
21,19,162,0.009888
21,20,108,0.006592
21,21,269,0.016418
21,22,105,0.006409
21,23,257,0.015686
21,24,93,0.005676
21,25,68,0.004150
21,26,57,0.003479
21,27,196,0.011963
21,28,132,0.008057
21,29,115,0.007019
21,30,90,0.005493
21,31,88,0.005371
21,32,206,0.012573
21,33,150,0.009155
21,34,30,0.001831
21,35,63,0.003845
21,36,42,0.002563
21,37,132,0.008057
21,38,114,0.006958
21,39,202,0.012329
21,40,85,0.005188
21,41,99,0.006042
21,42,90,0.005493
21,43,176,0.010742
21,44,61,0.003723
21,45,89,0.005432
21,46,48,0.002930
21,47,181,0.011047
21,48,65,0.003967
21,49,80,0.004883
21,50,116,0.007080
21,51,96,0.005859
21,52,33,0.002014
21,53,144,0.008789
21,54,155,0.009460
21,55,143,0.008728
21,56,114,0.006958
21,57,131,0.007996
21,58,262,0.015991
21,59,90,0.005493
21,60,66,0.004028
21,61,176,0.010742
21,62,250,0.015259
21,63,192,0.011719
21,64,126,0.007690
21,65,249,0.015198
21,66,88,0.005371
21,67,157,0.009583
21,68,33,0.002014
21,69,165,0.010071
21,70,100,0.006104
21,71,201,0.012268
21,72,28,0.001709
21,73,162,0.009888
21,74,112,0.006836
21,75,103,0.006287
21,76,142,0.008667
21,77,86,0.005249
21,78,172,0.010498
21,79,79,0.004822
21,80,152,0.009277
21,81,220,0.013428
21,82,77,0.004700
21,83,265,0.016174
21,84,110,0.006714
21,85,79,0.004822
21,86,136,0.008301
21,87,165,0.010071
21,88,125,0.007629
21,89,68,0.004150
21,90,156,0.009521
21,91,175,0.010681
21,92,82,0.005005
21,93,255,0.015564
21,94,104,0.006348
21,95,140,0.008545
21,96,66,0.004028
21,97,168,0.010254
21,98,72,0.004395
21,99,57,0.003479
21,100,121,0.007385
21,101,209,0.012756
21,102,81,0.004944
21,103,66,0.004028
21,104,204,0.012451
21,105,195,0.011902
21,106,124,0.007568
21,107,141,0.008606
21,108,67,0.004089
21,109,58,0.003540
21,110,63,0.003845
21,111,122,0.007446
21,112,190,0.011597
21,113,94,0.005737
21,114,156,0.009521
21,115,179,0.010925
21,116,46,0.002808
21,117,202,0.012329
21,118,144,0.008789
21,119,68,0.004150
21,120,117,0.007141
21,121,56,0.003418
21,122,149,0.009094
21,123,123,0.007507
21,124,116,0.007080
21,125,73,0.004456
21,126,145,0.008850
21,127,148,0.009033
22,0,157,0.009583
22,1,43,0.002625
22,2,88,0.005371
22,3,100,0.006104
22,4,166,0.010132
22,5,164,0.010010
22,6,133,0.008118
22,7,175,0.010681
22,8,128,0.007812
22,9,314,0.019165
22,10,95,0.005798
22,11,104,0.006348
22,12,71,0.004333
22,13,124,0.007568
22,14,151,0.009216
22,15,171,0.010437
22,16,146,0.008911
22,17,63,0.003845
22,18,140,0.008545
22,19,105,0.006409
22,20,162,0.009888
22,21,124,0.007568
22,22,94,0.005737
22,23,121,0.007385
22,24,136,0.008301
22,25,70,0.004272
22,26,77,0.004700
22,27,144,0.008789
22,28,178,0.010864
22,29,112,0.006836
22,30,98,0.005981
22,31,146,0.008911
22,32,142,0.008667
22,33,62,0.003784
22,34,93,0.005676
22,35,190,0.011597
22,36,112,0.006836
22,37,72,0.004395
22,38,148,0.009033
22,39,133,0.008118
22,40,277,0.016907
22,41,75,0.004578
22,42,159,0.009705
22,43,195,0.011902
22,44,165,0.010071
22,45,74,0.004517
22,46,121,0.007385
22,47,80,0.004883
22,48,102,0.006226
22,49,166,0.010132
22,50,66,0.004028
22,51,189,0.011536
22,52,225,0.013733
22,53,165,0.010071
22,54,93,0.005676
22,55,223,0.013611
22,56,132,0.008057
22,57,41,0.002502
22,58,82,0.005005
22,59,148,0.009033
22,60,120,0.007324
22,61,149,0.009094
22,62,152,0.009277
22,63,81,0.004944
22,64,105,0.006409
22,65,122,0.007446
22,66,218,0.013306
22,67,207,0.012634
22,68,202,0.012329
22,69,146,0.008911
22,70,120,0.007324
22,71,75,0.004578
22,72,63,0.003845
22,73,101,0.006165
22,74,145,0.008850
22,75,79,0.004822
22,76,55,0.003357
22,77,40,0.002441
22,78,47,0.002869
22,79,214,0.013062
22,80,216,0.013184
22,81,196,0.011963
22,82,143,0.008728
22,83,140,0.008545
22,84,52,0.003174
22,85,288,0.017578
22,86,120,0.007324
22,87,128,0.007812
22,88,104,0.006348
22,89,77,0.004700
22,90,133,0.008118
22,91,170,0.010376
22,92,155,0.009460
22,93,61,0.003723
22,94,33,0.002014
22,95,221,0.013489
22,96,192,0.011719
22,97,60,0.003662
22,98,77,0.004700
22,99,256,0.015625
22,100,92,0.005615
22,101,96,0.005859
22,102,110,0.006714
22,103,136,0.008301
22,104,114,0.006958
22,105,177,0.010803
22,106,123,0.007507
22,107,91,0.005554
22,108,47,0.002869
22,109,135,0.008240
22,110,261,0.015930
22,111,164,0.010010
22,112,212,0.012939
22,113,136,0.008301
22,114,133,0.008118
22,115,35,0.002136
22,116,90,0.005493
22,117,90,0.005493
22,118,147,0.008972
22,119,91,0.005554
22,120,51,0.003113
22,121,45,0.002747
22,122,95,0.005798
22,123,106,0.006470
22,124,264,0.016113
22,125,65,0.003967
22,126,101,0.006165
22,127,84,0.005127
23,0,232,0.014160
23,1,112,0.006836
23,2,105,0.006409
23,3,140,0.008545
23,4,21,0.001282
23,5,176,0.010742
23,6,104,0.006348
23,7,152,0.009277
23,8,45,0.002747
23,9,170,0.010376
23,10,139,0.008484
23,11,293,0.017883
23,12,106,0.006470
23,13,177,0.010803
23,14,158,0.009644
23,15,127,0.007751
23,16,40,0.002441
23,17,158,0.009644
23,18,106,0.006470
23,19,209,0.012756
23,20,102,0.006226
23,21,52,0.003174
23,22,108,0.006592
23,23,116,0.007080
23,24,124,0.007568
23,25,139,0.008484
23,26,96,0.005859
23,27,49,0.002991
23,28,56,0.003418
23,29,110,0.006714
23,30,109,0.006653
23,31,188,0.011475
23,32,119,0.007263
23,33,161,0.009827
23,34,141,0.008606
23,35,93,0.005676
23,36,228,0.013916
23,37,111,0.006775
23,38,88,0.005371
23,39,112,0.006836
23,40,164,0.010010
23,41,123,0.007507
23,42,126,0.007690
23,43,96,0.005859
23,44,142,0.008667
23,45,29,0.001770
23,46,90,0.005493
23,47,94,0.005737
23,48,108,0.006592
23,49,102,0.006226
23,50,173,0.010559
23,51,158,0.009644
23,52,55,0.003357
23,53,125,0.007629
23,54,190,0.011597
23,55,82,0.005005
23,56,94,0.005737
23,57,145,0.008850
23,58,58,0.003540
23,59,111,0.006775
23,60,163,0.009949
23,61,201,0.012268
23,62,77,0.004700
23,63,191,0.011658
23,64,68,0.004150
23,65,251,0.015320
23,66,130,0.007935
23,67,122,0.007446
23,68,108,0.006592
23,69,163,0.009949
23,70,202,0.012329
23,71,155,0.009460
23,72,198,0.012085
23,73,198,0.012085
23,74,160,0.009766
23,75,269,0.016418
23,76,160,0.009766
23,77,135,0.008240
23,78,137,0.008362
23,79,67,0.004089
23,80,57,0.003479
23,81,107,0.006531
23,82,116,0.007080
23,83,93,0.005676
23,84,113,0.006897
23,85,167,0.010193
23,86,125,0.007629
23,87,51,0.003113
23,88,170,0.010376
23,89,158,0.009644
23,90,111,0.006775
23,91,128,0.007812
23,92,75,0.004578
23,93,144,0.008789
23,94,89,0.005432
23,95,97,0.005920
23,96,174,0.010620
23,97,127,0.007751
23,98,112,0.006836
23,99,231,0.014099
23,100,97,0.005920
23,101,185,0.011292
23,102,145,0.008850
23,103,103,0.006287
23,104,82,0.005005
23,105,150,0.009155
23,106,239,0.014587
23,107,63,0.003845
23,108,59,0.003601
23,109,219,0.013367
23,110,154,0.009399
23,111,143,0.008728
23,112,61,0.003723
23,113,188,0.011475
23,114,52,0.003174
23,115,168,0.010254
23,116,105,0.006409
23,117,132,0.008057
23,118,98,0.005981
23,119,77,0.004700
23,120,101,0.006165
23,121,146,0.008911
23,122,32,0.001953
23,123,69,0.004211
23,124,154,0.009399
23,125,123,0.007507
23,126,250,0.015259
23,127,52,0.003174
24,0,73,0.004456
24,1,113,0.006897
24,2,152,0.009277
24,3,143,0.008728
24,4,149,0.009094
24,5,197,0.012024
24,6,49,0.002991
24,7,151,0.009216
24,8,110,0.006714
24,9,93,0.005676
24,10,261,0.015930
24,11,114,0.006958
24,12,214,0.013062
24,13,368,0.022461
24,14,114,0.006958
24,15,125,0.007629
24,16,125,0.007629
24,17,151,0.009216
24,18,250,0.015259
24,19,193,0.011780
24,20,120,0.007324
24,21,128,0.007812
24,22,86,0.005249
24,23,162,0.009888
24,24,82,0.005005
24,25,93,0.005676
24,26,145,0.008850
24,27,98,0.005981
24,28,71,0.004333
24,29,124,0.007568
24,30,80,0.004883
24,31,182,0.011108
24,32,130,0.007935
24,33,69,0.004211
24,34,156,0.009521
24,35,161,0.009827
24,36,161,0.009827
24,37,123,0.007507
24,38,96,0.005859
24,39,263,0.016052
24,40,144,0.008789
24,41,123,0.007507
24,42,122,0.007446
24,43,82,0.005005
24,44,109,0.006653
24,45,167,0.010193
24,46,147,0.008972
24,47,147,0.008972
24,48,125,0.007629
24,49,75,0.004578
24,50,142,0.008667
24,51,180,0.010986
24,52,117,0.007141
24,53,40,0.002441
24,54,87,0.005310
24,55,45,0.002747
24,56,91,0.005554
24,57,302,0.018433
24,58,110,0.006714
24,59,80,0.004883
24,60,49,0.002991
24,61,127,0.007751
24,62,209,0.012756
24,63,84,0.005127
24,64,143,0.008728
24,65,144,0.008789
24,66,108,0.006592
24,67,173,0.010559
24,68,93,0.005676
24,69,90,0.005493
24,70,106,0.006470
24,71,148,0.009033
24,72,272,0.016602
24,73,158,0.009644
24,74,93,0.005676
24,75,141,0.008606
24,76,87,0.005310
24,77,78,0.004761
24,78,52,0.003174
24,79,133,0.008118
24,80,107,0.006531
24,81,109,0.006653
24,82,161,0.009827
24,83,65,0.003967
24,84,72,0.004395
24,85,141,0.008606
24,86,67,0.004089
24,87,85,0.005188
24,88,201,0.012268
24,89,35,0.002136
24,90,134,0.008179
24,91,224,0.013672
24,92,244,0.014893
24,93,242,0.014771
24,94,53,0.003235
24,95,136,0.008301
24,96,173,0.010559
24,97,177,0.010803
24,98,109,0.006653
24,99,72,0.004395
24,100,162,0.009888
24,101,58,0.003540
24,102,54,0.003296
24,103,95,0.005798
24,104,125,0.007629
24,105,215,0.013123
24,106,113,0.006897
24,107,199,0.012146
24,108,91,0.005554
24,109,108,0.006592
24,110,84,0.005127
24,111,97,0.005920
24,112,194,0.011841
24,113,59,0.003601
24,114,57,0.003479
24,115,212,0.012939
24,116,131,0.007996
24,117,181,0.011047
24,118,95,0.005798
24,119,163,0.009949
24,120,63,0.003845
24,121,109,0.006653
24,122,148,0.009033
24,123,37,0.002258
24,124,82,0.005005
24,125,54,0.003296
24,126,71,0.004333
24,127,122,0.007446
25,0,109,0.006653
25,1,47,0.002869
25,2,161,0.009827
25,3,69,0.004211
25,4,133,0.008118
25,5,79,0.004822
25,6,54,0.003296
25,7,175,0.010681
25,8,104,0.006348
25,9,153,0.009338
25,10,162,0.009888
25,11,142,0.008667
25,12,82,0.005005
25,13,137,0.008362
25,14,172,0.010498
25,15,80,0.004883
25,16,76,0.004639
25,17,101,0.006165
25,18,209,0.012756
25,19,118,0.007202
25,20,228,0.013916
25,21,116,0.007080
25,22,128,0.007812
25,23,246,0.015015
25,24,254,0.015503
25,25,156,0.009521
25,26,70,0.004272
25,27,121,0.007385
25,28,110,0.006714
25,29,80,0.004883
25,30,235,0.014343
25,31,147,0.008972
25,32,72,0.004395
25,33,89,0.005432
25,34,149,0.009094
25,35,54,0.003296
25,36,200,0.012207
25,37,103,0.006287
25,38,63,0.003845
25,39,171,0.010437
25,40,81,0.004944
25,41,124,0.007568
25,42,137,0.008362
25,43,77,0.004700
25,44,153,0.009338
25,45,219,0.013367
25,46,208,0.012695
25,47,133,0.008118
25,48,194,0.011841
25,49,64,0.003906
25,50,106,0.006470
25,51,205,0.012512
25,52,86,0.005249
25,53,136,0.008301
25,54,156,0.009521
25,55,145,0.008850
25,56,238,0.014526
25,57,106,0.006470
25,58,95,0.005798
25,59,69,0.004211
25,60,138,0.008423
25,61,153,0.009338
25,62,81,0.004944
25,63,139,0.008484
25,64,243,0.014832
25,65,87,0.005310
25,66,211,0.012878
25,67,170,0.010376
25,68,103,0.006287
25,69,43,0.002625
25,70,58,0.003540
25,71,134,0.008179
25,72,89,0.005432
25,73,127,0.007751
25,74,101,0.006165
25,75,119,0.007263
25,76,82,0.005005
25,77,111,0.006775
25,78,142,0.008667
25,79,48,0.002930
25,80,193,0.011780
25,81,191,0.011658
25,82,39,0.002380
25,83,136,0.008301
25,84,110,0.006714
25,85,99,0.006042
25,86,109,0.006653
25,87,129,0.007874
25,88,99,0.006042
25,89,105,0.006409
25,90,203,0.012390
25,91,53,0.003235
25,92,174,0.010620
25,93,77,0.004700
25,94,165,0.010071
25,95,60,0.003662
25,96,79,0.004822
25,97,113,0.006897
25,98,43,0.002625
25,99,77,0.004700
25,100,239,0.014587
25,101,179,0.010925
25,102,182,0.011108
25,103,150,0.009155
25,104,98,0.005981
25,105,249,0.015198
25,106,291,0.017761
25,107,72,0.004395
25,108,110,0.006714
25,109,121,0.007385
25,110,139,0.008484
25,111,188,0.011475
25,112,108,0.006592
25,113,146,0.008911
25,114,139,0.008484
25,115,62,0.003784
25,116,237,0.014465
25,117,72,0.004395
25,118,109,0.006653
25,119,96,0.005859
25,120,134,0.008179
25,121,158,0.009644
25,122,47,0.002869
25,123,136,0.008301
25,124,63,0.003845
25,125,165,0.010071
25,126,43,0.002625
25,127,131,0.007996
26,0,25,0.001526
26,1,78,0.004761
26,2,120,0.007324
26,3,147,0.008972
26,4,162,0.009888
26,5,125,0.007629
26,6,90,0.005493
26,7,112,0.006836
26,8,101,0.006165
26,9,94,0.005737
26,10,181,0.011047
26,11,124,0.007568
26,12,116,0.007080
26,13,182,0.011108
26,14,115,0.007019
26,15,120,0.007324
26,16,59,0.003601
26,17,82,0.005005
26,18,58,0.003540
26,19,64,0.003906
26,20,85,0.005188
26,21,113,0.006897
26,22,165,0.010071
26,23,91,0.005554
26,24,124,0.007568
26,25,286,0.017456
26,26,91,0.005554
26,27,86,0.005249
26,28,447,0.027283
26,29,100,0.006104
26,30,226,0.013794
26,31,132,0.008057
26,32,48,0.002930
26,33,139,0.008484
26,34,76,0.004639
26,35,104,0.006348
26,36,155,0.009460
26,37,137,0.008362
26,38,72,0.004395
26,39,72,0.004395
26,40,94,0.005737
26,41,110,0.006714
26,42,71,0.004333
26,43,81,0.004944
26,44,341,0.020813
26,45,119,0.007263
26,46,179,0.010925
26,47,33,0.002014
26,48,69,0.004211
26,49,61,0.003723
26,50,87,0.005310
26,51,185,0.011292
26,52,131,0.007996
26,53,122,0.007446
26,54,145,0.008850
26,55,107,0.006531
26,56,104,0.006348
26,57,218,0.013306
26,58,165,0.010071
26,59,207,0.012634
26,60,248,0.015137
26,61,72,0.004395
26,62,265,0.016174
26,63,54,0.003296
26,64,221,0.013489
26,65,116,0.007080
26,66,266,0.016235
26,67,223,0.013611
26,68,83,0.005066
26,69,152,0.009277
26,70,167,0.010193
26,71,94,0.005737
26,72,136,0.008301
26,73,77,0.004700
26,74,101,0.006165
26,75,103,0.006287
26,76,119,0.007263
26,77,68,0.004150
26,78,256,0.015625
26,79,56,0.003418
26,80,106,0.006470
26,81,77,0.004700
26,82,217,0.013245
26,83,89,0.005432
26,84,93,0.005676
26,85,230,0.014038
26,86,104,0.006348
26,87,111,0.006775
26,88,94,0.005737
26,89,135,0.008240
26,90,130,0.007935
26,91,82,0.005005
26,92,111,0.006775
26,93,78,0.004761
26,94,143,0.008728
26,95,75,0.004578
26,96,187,0.011414
26,97,174,0.010620
26,98,61,0.003723
26,99,118,0.007202
26,100,164,0.010010
26,101,57,0.003479
26,102,137,0.008362
26,103,126,0.007690
26,104,59,0.003601
26,105,77,0.004700
26,106,203,0.012390
26,107,132,0.008057
26,108,99,0.006042
26,109,70,0.004272
26,110,139,0.008484
26,111,98,0.005981
26,112,278,0.016968
26,113,164,0.010010
26,114,195,0.011902
26,115,130,0.007935
26,116,232,0.014160
26,117,147,0.008972
26,118,64,0.003906
26,119,134,0.008179
26,120,104,0.006348
26,121,129,0.007874
26,122,119,0.007263
26,123,101,0.006165
26,124,79,0.004822
26,125,107,0.006531
26,126,118,0.007202
26,127,97,0.005920
27,0,182,0.011108
27,1,182,0.011108
27,2,86,0.005249
27,3,68,0.004150
27,4,197,0.012024
27,5,96,0.005859
27,6,70,0.004272
27,7,84,0.005127
27,8,107,0.006531
27,9,207,0.012634
27,10,191,0.011658
27,11,136,0.008301
27,12,58,0.003540
27,13,97,0.005920
27,14,73,0.004456
27,15,187,0.011414
27,16,117,0.007141
27,17,295,0.018005
27,18,185,0.011292
27,19,88,0.005371
27,20,136,0.008301
27,21,90,0.005493
27,22,153,0.009338
27,23,31,0.001892
27,24,182,0.011108
27,25,135,0.008240
27,26,165,0.010071
27,27,55,0.003357
27,28,280,0.017090
27,29,73,0.004456
27,30,129,0.007874
27,31,69,0.004211
27,32,101,0.006165
27,33,122,0.007446
27,34,55,0.003357
27,35,100,0.006104
27,36,150,0.009155
27,37,68,0.004150
27,38,152,0.009277
27,39,105,0.006409
27,40,60,0.003662
27,41,69,0.004211
27,42,60,0.003662
27,43,129,0.007874
27,44,168,0.010254
27,45,128,0.007812
27,46,152,0.009277
27,47,121,0.007385
27,48,158,0.009644
27,49,181,0.011047
27,50,51,0.003113
27,51,133,0.008118
27,52,125,0.007629
27,53,220,0.013428
27,54,170,0.010376
27,55,65,0.003967
27,56,86,0.005249
27,57,41,0.002502
27,58,143,0.008728
27,59,122,0.007446
27,60,111,0.006775
27,61,53,0.003235
27,62,152,0.009277
27,63,70,0.004272
27,64,138,0.008423
27,65,80,0.004883
27,66,280,0.017090
27,67,182,0.011108
27,68,227,0.013855
27,69,39,0.002380
27,70,183,0.011169
27,71,180,0.010986
27,72,83,0.005066
27,73,118,0.007202
27,74,105,0.006409
27,75,165,0.010071
27,76,280,0.017090
27,77,69,0.004211
27,78,63,0.003845
27,79,143,0.008728
27,80,82,0.005005
27,81,165,0.010071
27,82,87,0.005310
27,83,154,0.009399
27,84,161,0.009827
27,85,137,0.008362
27,86,200,0.012207
27,87,57,0.003479
27,88,58,0.003540
27,89,150,0.009155
27,90,76,0.004639
27,91,120,0.007324
27,92,162,0.009888
27,93,109,0.006653
27,94,155,0.009460
27,95,144,0.008789
27,96,26,0.001587
27,97,111,0.006775
27,98,98,0.005981
27,99,195,0.011902
27,100,207,0.012634
27,101,91,0.005554
27,102,174,0.010620
27,103,111,0.006775
27,104,153,0.009338
27,105,72,0.004395
27,106,151,0.009216
27,107,162,0.009888
27,108,49,0.002991
27,109,149,0.009094
27,110,220,0.013428
27,111,122,0.007446
27,112,202,0.012329
27,113,69,0.004211
27,114,61,0.003723
27,115,58,0.003540
27,116,159,0.009705
27,117,30,0.001831
27,118,160,0.009766
27,119,114,0.006958
27,120,162,0.009888
27,121,150,0.009155
27,122,104,0.006348
27,123,143,0.008728
27,124,187,0.011414
27,125,178,0.010864
27,126,177,0.010803
27,127,162,0.009888
28,0,104,0.006348
28,1,120,0.007324
28,2,50,0.003052
28,3,117,0.007141
28,4,123,0.007507
28,5,238,0.014526
28,6,277,0.016907
28,7,79,0.004822
28,8,51,0.003113
28,9,101,0.006165
28,10,127,0.007751
28,11,276,0.016846
28,12,60,0.003662
28,13,56,0.003418
28,14,70,0.004272
28,15,211,0.012878
28,16,112,0.006836
28,17,110,0.006714
28,18,60,0.003662
28,19,181,0.011047
28,20,109,0.006653
28,21,116,0.007080
28,22,74,0.004517
28,23,95,0.005798
28,24,216,0.013184
28,25,90,0.005493
28,26,167,0.010193
28,27,94,0.005737
28,28,81,0.004944
28,29,160,0.009766
28,30,72,0.004395
28,31,141,0.008606
28,32,180,0.010986
28,33,113,0.006897
28,34,94,0.005737
28,35,226,0.013794
28,36,117,0.007141
28,37,100,0.006104
28,38,127,0.007751
28,39,187,0.011414
28,40,176,0.010742
28,41,154,0.009399
28,42,150,0.009155
28,43,138,0.008423
28,44,76,0.004639
28,45,149,0.009094
28,46,61,0.003723
28,47,166,0.010132
28,48,68,0.004150
28,49,81,0.004944
28,50,256,0.015625
28,51,135,0.008240
28,52,154,0.009399
28,53,100,0.006104
28,54,140,0.008545
28,55,80,0.004883
28,56,106,0.006470
28,57,134,0.008179
28,58,117,0.007141
28,59,25,0.001526
28,60,203,0.012390
28,61,94,0.005737
28,62,165,0.010071
28,63,214,0.013062
28,64,178,0.010864
28,65,118,0.007202
28,66,174,0.010620
28,67,108,0.006592
28,68,57,0.003479
28,69,42,0.002563
28,70,160,0.009766
28,71,125,0.007629
28,72,209,0.012756
28,73,139,0.008484
28,74,153,0.009338
28,75,151,0.009216
28,76,114,0.006958
28,77,175,0.010681
28,78,157,0.009583
28,79,150,0.009155
28,80,83,0.005066
28,81,109,0.006653
28,82,267,0.016296
28,83,144,0.008789
28,84,96,0.005859
28,85,67,0.004089
28,86,201,0.012268
28,87,197,0.012024
28,88,180,0.010986
28,89,109,0.006653
28,90,166,0.010132
28,91,192,0.011719
28,92,142,0.008667
28,93,121,0.007385
28,94,96,0.005859
28,95,131,0.007996
28,96,81,0.004944
28,97,147,0.008972
28,98,84,0.005127
28,99,85,0.005188
28,100,66,0.004028
28,101,55,0.003357
28,102,136,0.008301
28,103,263,0.016052
28,104,48,0.002930
28,105,117,0.007141
28,106,40,0.002441
28,107,116,0.007080
28,108,56,0.003418
28,109,116,0.007080
28,110,101,0.006165
28,111,141,0.008606
28,112,180,0.010986
28,113,104,0.006348
28,114,143,0.008728
28,115,81,0.004944
28,116,98,0.005981
28,117,109,0.006653
28,118,113,0.006897
28,119,134,0.008179
28,120,143,0.008728
28,121,62,0.003784
28,122,187,0.011414
28,123,155,0.009460
28,124,140,0.008545
28,125,108,0.006592
28,126,81,0.004944
28,127,159,0.009705
29,0,34,0.002075
29,1,22,0.001343
29,2,167,0.010193
29,3,81,0.004944
29,4,114,0.006958
29,5,87,0.005310
29,6,159,0.009705
29,7,67,0.004089
29,8,97,0.005920
29,9,153,0.009338
29,10,233,0.014221
29,11,176,0.010742
29,12,119,0.007263
29,13,170,0.010376
29,14,101,0.006165
29,15,124,0.007568
29,16,156,0.009521
29,17,210,0.012817
29,18,58,0.003540
29,19,106,0.006470
29,20,149,0.009094
29,21,143,0.008728
29,22,128,0.007812
29,23,111,0.006775
29,24,62,0.003784
29,25,78,0.004761
29,26,130,0.007935
29,27,91,0.005554
29,28,110,0.006714
29,29,78,0.004761
29,30,103,0.006287
29,31,82,0.005005
29,32,108,0.006592
29,33,104,0.006348
29,34,157,0.009583
29,35,77,0.004700
29,36,39,0.002380
29,37,107,0.006531
29,38,149,0.009094
29,39,89,0.005432
29,40,163,0.009949
29,41,111,0.006775
29,42,78,0.004761
29,43,178,0.010864
29,44,154,0.009399
29,45,116,0.007080
29,46,102,0.006226
29,47,80,0.004883
29,48,34,0.002075
29,49,135,0.008240
29,50,298,0.018188
29,51,164,0.010010
29,52,152,0.009277
29,53,119,0.007263
29,54,102,0.006226
29,55,222,0.013550
29,56,155,0.009460
29,57,182,0.011108
29,58,108,0.006592
29,59,162,0.009888
29,60,198,0.012085
29,61,77,0.004700
29,62,52,0.003174
29,63,163,0.009949
29,64,176,0.010742
29,65,158,0.009644
29,66,112,0.006836
29,67,54,0.003296
29,68,79,0.004822
29,69,192,0.011719
29,70,189,0.011536
29,71,85,0.005188
29,72,162,0.009888
29,73,114,0.006958
29,74,72,0.004395
29,75,137,0.008362
29,76,78,0.004761
29,77,189,0.011536
29,78,82,0.005005
29,79,124,0.007568
29,80,198,0.012085
29,81,115,0.007019
29,82,77,0.004700
29,83,164,0.010010
29,84,149,0.009094
29,85,188,0.011475
29,86,125,0.007629
29,87,167,0.010193
29,88,121,0.007385
29,89,178,0.010864
29,90,123,0.007507
29,91,111,0.006775
29,92,48,0.002930
29,93,96,0.005859
29,94,93,0.005676
29,95,154,0.009399
29,96,177,0.010803
29,97,97,0.005920
29,98,196,0.011963
29,99,223,0.013611
29,100,111,0.006775
29,101,154,0.009399
29,102,148,0.009033
29,103,147,0.008972
29,104,145,0.008850
29,105,39,0.002380
29,106,193,0.011780
29,107,45,0.002747
29,108,63,0.003845
29,109,143,0.008728
29,110,161,0.009827
29,111,161,0.009827
29,112,67,0.004089
29,113,67,0.004089
29,114,124,0.007568
29,115,46,0.002808
29,116,214,0.013062
29,117,206,0.012573
29,118,133,0.008118
29,119,126,0.007690
29,120,125,0.007629
29,121,261,0.015930
29,122,75,0.004578
29,123,95,0.005798
29,124,144,0.008789
29,125,109,0.006653
29,126,154,0.009399
29,127,291,0.017761
30,0,146,0.008911
30,1,100,0.006104
30,2,143,0.008728
30,3,86,0.005249
30,4,68,0.004150
30,5,140,0.008545
30,6,198,0.012085
30,7,157,0.009583
30,8,215,0.013123
30,9,57,0.003479
30,10,103,0.006287
30,11,63,0.003845
30,12,106,0.006470
30,13,201,0.012268
30,14,105,0.006409
30,15,109,0.006653
30,16,168,0.010254
30,17,169,0.010315
30,18,110,0.006714
30,19,117,0.007141
30,20,218,0.013306
30,21,123,0.007507
30,22,187,0.011414
30,23,68,0.004150
30,24,108,0.006592
30,25,86,0.005249
30,26,67,0.004089
30,27,68,0.004150
30,28,173,0.010559
30,29,190,0.011597
30,30,99,0.006042
30,31,90,0.005493
30,32,216,0.013184
30,33,77,0.004700
30,34,143,0.008728
30,35,67,0.004089
30,36,37,0.002258
30,37,120,0.007324
30,38,108,0.006592
30,39,86,0.005249
30,40,55,0.003357
30,41,119,0.007263
30,42,75,0.004578
30,43,225,0.013733
30,44,141,0.008606
30,45,90,0.005493
30,46,61,0.003723
30,47,108,0.006592
30,48,81,0.004944
30,49,73,0.004456
30,50,167,0.010193
30,51,86,0.005249
30,52,153,0.009338
30,53,105,0.006409
30,54,143,0.008728
30,55,140,0.008545
30,56,184,0.011230
30,57,171,0.010437
30,58,73,0.004456
30,59,172,0.010498
30,60,250,0.015259
30,61,83,0.005066
30,62,132,0.008057
30,63,121,0.007385
30,64,132,0.008057
30,65,285,0.017395
30,66,41,0.002502
30,67,69,0.004211
30,68,101,0.006165
30,69,64,0.003906
30,70,111,0.006775
30,71,203,0.012390
30,72,111,0.006775
30,73,71,0.004333
30,74,170,0.010376
30,75,136,0.008301
30,76,89,0.005432
30,77,136,0.008301
30,78,30,0.001831
30,79,105,0.006409
30,80,101,0.006165
30,81,204,0.012451
30,82,116,0.007080
30,83,45,0.002747
30,84,288,0.017578
30,85,127,0.007751
30,86,128,0.007812
30,87,64,0.003906
30,88,263,0.016052
30,89,229,0.013977
30,90,225,0.013733
30,91,151,0.009216
30,92,189,0.011536
30,93,164,0.010010
30,94,63,0.003845
30,95,217,0.013245
30,96,73,0.004456
30,97,145,0.008850
30,98,34,0.002075
30,99,148,0.009033
30,100,39,0.002380
30,101,171,0.010437
30,102,142,0.008667
30,103,137,0.008362
30,104,99,0.006042
30,105,132,0.008057
30,106,150,0.009155
30,107,90,0.005493
30,108,70,0.004272
30,109,177,0.010803
30,110,36,0.002197
30,111,176,0.010742
30,112,33,0.002014
30,113,118,0.007202
30,114,196,0.011963
30,115,197,0.012024
30,116,61,0.003723
30,117,111,0.006775
30,118,191,0.011658
30,119,171,0.010437
30,120,20,0.001221
30,121,136,0.008301
30,122,82,0.005005
30,123,236,0.014404
30,124,92,0.005615
30,125,245,0.014954
30,126,150,0.009155
30,127,198,0.012085
31,0,174,0.010620
31,1,129,0.007874
31,2,90,0.005493
31,3,89,0.005432
31,4,85,0.005188
31,5,67,0.004089
31,6,76,0.004639
31,7,121,0.007385
31,8,104,0.006348
31,9,178,0.010864
31,10,103,0.006287
31,11,167,0.010193
31,12,128,0.007812
31,13,231,0.014099
31,14,146,0.008911
31,15,184,0.011230
31,16,172,0.010498
31,17,117,0.007141
31,18,139,0.008484
31,19,76,0.004639
31,20,134,0.008179
31,21,129,0.007874
31,22,181,0.011047
31,23,56,0.003418
31,24,100,0.006104
31,25,145,0.008850
31,26,150,0.009155
31,27,89,0.005432
31,28,68,0.004150
31,29,127,0.007751
31,30,59,0.003601
31,31,116,0.007080
31,32,124,0.007568
31,33,114,0.006958
31,34,196,0.011963
31,35,177,0.010803
31,36,127,0.007751
31,37,134,0.008179
31,38,108,0.006592
31,39,147,0.008972
31,40,118,0.007202
31,41,80,0.004883
31,42,124,0.007568
31,43,231,0.014099
31,44,115,0.007019
31,45,136,0.008301
31,46,73,0.004456
31,47,71,0.004333
31,48,55,0.003357
31,49,68,0.004150
31,50,229,0.013977
31,51,204,0.012451
31,52,117,0.007141
31,53,41,0.002502
31,54,176,0.010742
31,55,90,0.005493
31,56,69,0.004211
31,57,203,0.012390
31,58,104,0.006348
31,59,249,0.015198
31,60,149,0.009094
31,61,80,0.004883
31,62,82,0.005005
31,63,30,0.001831
31,64,130,0.007935
31,65,72,0.004395
31,66,138,0.008423
31,67,107,0.006531
31,68,236,0.014404
31,69,101,0.006165
31,70,123,0.007507
31,71,237,0.014465
31,72,155,0.009460
31,73,181,0.011047
31,74,215,0.013123
31,75,79,0.004822
31,76,97,0.005920
31,77,35,0.002136
31,78,107,0.006531
31,79,95,0.005798
31,80,142,0.008667
31,81,204,0.012451
31,82,117,0.007141
31,83,108,0.006592
31,84,124,0.007568
31,85,105,0.006409
31,86,83,0.005066
31,87,80,0.004883
31,88,104,0.006348
31,89,157,0.009583
31,90,75,0.004578
31,91,94,0.005737
31,92,111,0.006775
31,93,63,0.003845
31,94,170,0.010376
31,95,191,0.011658
31,96,92,0.005615
31,97,290,0.017700
31,98,160,0.009766
31,99,138,0.008423
31,100,133,0.008118
31,101,173,0.010559
31,102,194,0.011841
31,103,133,0.008118
31,104,263,0.016052
31,105,137,0.008362
31,106,101,0.006165
31,107,79,0.004822
31,108,84,0.005127
31,109,114,0.006958
31,110,104,0.006348
31,111,105,0.006409
31,112,162,0.009888
31,113,76,0.004639
31,114,53,0.003235
31,115,98,0.005981
31,116,102,0.006226
31,117,61,0.003723
31,118,238,0.014526
31,119,117,0.007141
31,120,139,0.008484
31,121,47,0.002869
31,122,335,0.020447
31,123,101,0.006165
31,124,164,0.010010
31,125,134,0.008179
31,126,172,0.010498
31,127,98,0.005981
32,0,37,0.002258
32,1,52,0.003174
32,2,198,0.012085
32,3,142,0.008667
32,4,138,0.008423
32,5,96,0.005859
32,6,99,0.006042
32,7,95,0.005798
32,8,53,0.003235
32,9,176,0.010742
32,10,92,0.005615
32,11,48,0.002930
32,12,130,0.007935
32,13,106,0.006470
32,14,94,0.005737
32,15,137,0.008362
32,16,149,0.009094
32,17,191,0.011658
32,18,91,0.005554
32,19,96,0.005859
32,20,169,0.010315
32,21,123,0.007507
32,22,112,0.006836
32,23,192,0.011719
32,24,219,0.013367
32,25,142,0.008667
32,26,72,0.004395
32,27,33,0.002014
32,28,166,0.010132
32,29,104,0.006348
32,30,118,0.007202
32,31,269,0.016418
32,32,192,0.011719
32,33,153,0.009338
32,34,126,0.007690
32,35,58,0.003540
32,36,140,0.008545
32,37,105,0.006409
32,38,144,0.008789
32,39,232,0.014160
32,40,79,0.004822
32,41,147,0.008972
32,42,44,0.002686
32,43,52,0.003174
32,44,157,0.009583
32,45,139,0.008484
32,46,82,0.005005
32,47,197,0.012024
32,48,133,0.008118
32,49,178,0.010864
32,50,81,0.004944
32,51,70,0.004272
32,52,181,0.011047
32,53,202,0.012329
32,54,73,0.004456
32,55,205,0.012512
32,56,68,0.004150
32,57,128,0.007812
32,58,79,0.004822
32,59,72,0.004395
32,60,131,0.007996
32,61,90,0.005493
32,62,187,0.011414
32,63,109,0.006653
32,64,62,0.003784
32,65,165,0.010071
32,66,261,0.015930
32,67,36,0.002197
32,68,191,0.011658
32,69,54,0.003296
32,70,162,0.009888
32,71,97,0.005920
32,72,63,0.003845
32,73,137,0.008362
32,74,96,0.005859
32,75,244,0.014893
32,76,104,0.006348
32,77,132,0.008057
32,78,126,0.007690
32,79,159,0.009705
32,80,102,0.006226
32,81,236,0.014404
32,82,151,0.009216
32,83,136,0.008301
32,84,135,0.008240
32,85,153,0.009338
32,86,103,0.006287
32,87,95,0.005798
32,88,122,0.007446
32,89,133,0.008118
32,90,175,0.010681
32,91,144,0.008789
32,92,107,0.006531
32,93,137,0.008362
32,94,183,0.011169
32,95,159,0.009705
32,96,228,0.013916
32,97,144,0.008789
32,98,115,0.007019
32,99,82,0.005005
32,100,84,0.005127
32,101,141,0.008606
32,102,95,0.005798
32,103,153,0.009338
32,104,127,0.007751
32,105,111,0.006775
32,106,257,0.015686
32,107,160,0.009766
32,108,174,0.010620
32,109,88,0.005371
32,110,78,0.004761
32,111,99,0.006042
32,112,171,0.010437
32,113,71,0.004333
32,114,123,0.007507
32,115,211,0.012878
32,116,108,0.006592
32,117,103,0.006287
32,118,153,0.009338
32,119,52,0.003174
32,120,177,0.010803
32,121,113,0.006897
32,122,93,0.005676
32,123,43,0.002625
32,124,87,0.005310
32,125,28,0.001709
32,126,181,0.011047
32,127,201,0.012268
33,0,95,0.005798
33,1,181,0.011047
33,2,144,0.008789
33,3,83,0.005066
33,4,84,0.005127
33,5,59,0.003601
33,6,63,0.003845
33,7,50,0.003052
33,8,153,0.009338
33,9,286,0.017456
33,10,181,0.011047
33,11,43,0.002625
33,12,100,0.006104
33,13,129,0.007874
33,14,83,0.005066
33,15,81,0.004944
33,16,165,0.010071
33,17,95,0.005798
33,18,84,0.005127
33,19,54,0.003296
33,20,170,0.010376
33,21,161,0.009827
33,22,267,0.016296
33,23,70,0.004272
33,24,170,0.010376
33,25,166,0.010132
33,26,147,0.008972
33,27,103,0.006287
33,28,101,0.006165
33,29,136,0.008301
33,30,46,0.002808
33,31,183,0.011169
33,32,152,0.009277
33,33,114,0.006958
33,34,142,0.008667
33,35,128,0.007812
33,36,166,0.010132
33,37,153,0.009338
33,38,86,0.005249
33,39,105,0.006409
33,40,135,0.008240
33,41,121,0.007385
33,42,225,0.013733
33,43,102,0.006226
33,44,92,0.005615
33,45,109,0.006653
33,46,57,0.003479
33,47,135,0.008240
33,48,66,0.004028
33,49,95,0.005798
33,50,96,0.005859
33,51,168,0.010254
33,52,139,0.008484
33,53,31,0.001892
33,54,123,0.007507
33,55,166,0.010132
33,56,86,0.005249
33,57,98,0.005981
33,58,246,0.015015
33,59,113,0.006897
33,60,155,0.009460
33,61,83,0.005066
33,62,192,0.011719
33,63,54,0.003296
33,64,129,0.007874
33,65,138,0.008423
33,66,137,0.008362
33,67,118,0.007202
33,68,158,0.009644
33,69,55,0.003357
33,70,49,0.002991
33,71,151,0.009216
33,72,150,0.009155
33,73,35,0.002136
33,74,240,0.014648
33,75,102,0.006226
33,76,117,0.007141
33,77,61,0.003723
33,78,130,0.007935
33,79,157,0.009583
33,80,182,0.011108
33,81,83,0.005066
33,82,373,0.022766
33,83,181,0.011047
33,84,161,0.009827
33,85,261,0.015930
33,86,110,0.006714
33,87,136,0.008301
33,88,40,0.002441
33,89,50,0.003052
33,90,124,0.007568
33,91,124,0.007568
33,92,111,0.006775
33,93,98,0.005981
33,94,163,0.009949
33,95,155,0.009460
33,96,102,0.006226
33,97,130,0.007935
33,98,140,0.008545
33,99,134,0.008179
33,100,69,0.004211
33,101,69,0.004211
33,102,90,0.005493
33,103,209,0.012756
33,104,77,0.004700
33,105,117,0.007141
33,106,110,0.006714
33,107,101,0.006165
33,108,63,0.003845
33,109,243,0.014832
33,110,115,0.007019
33,111,152,0.009277
33,112,147,0.008972
33,113,106,0.006470
33,114,124,0.007568
33,115,221,0.013489
33,116,57,0.003479
33,117,124,0.007568
33,118,142,0.008667
33,119,111,0.006775
33,120,95,0.005798
33,121,157,0.009583
33,122,109,0.006653
33,123,274,0.016724
33,124,169,0.010315
33,125,232,0.014160
33,126,156,0.009521
33,127,94,0.005737
34,0,118,0.007202
34,1,122,0.007446
34,2,129,0.007874
34,3,39,0.002380
34,4,161,0.009827
34,5,150,0.009155
34,6,127,0.007751
34,7,63,0.003845
34,8,258,0.015747
34,9,109,0.006653
34,10,98,0.005981
34,11,37,0.002258
34,12,146,0.008911
34,13,192,0.011719
34,14,152,0.009277
34,15,48,0.002930
34,16,168,0.010254
34,17,102,0.006226
34,18,104,0.006348
34,19,96,0.005859
34,20,165,0.010071
34,21,189,0.011536
34,22,120,0.007324
34,23,95,0.005798
34,24,211,0.012878
34,25,115,0.007019
34,26,135,0.008240
34,27,94,0.005737
34,28,147,0.008972
34,29,146,0.008911
34,30,82,0.005005
34,31,45,0.002747
34,32,96,0.005859
34,33,57,0.003479
34,34,113,0.006897
34,35,176,0.010742
34,36,103,0.006287
34,37,34,0.002075
34,38,89,0.005432
34,39,112,0.006836
34,40,124,0.007568
34,41,73,0.004456
34,42,395,0.024109
34,43,148,0.009033
34,44,74,0.004517
34,45,245,0.014954
34,46,175,0.010681
34,47,314,0.019165
34,48,151,0.009216
34,49,134,0.008179
34,50,65,0.003967
34,51,119,0.007263
34,52,70,0.004272
34,53,181,0.011047
34,54,103,0.006287
34,55,286,0.017456
34,56,122,0.007446
34,57,248,0.015137
34,58,61,0.003723
34,59,116,0.007080
34,60,64,0.003906
34,61,63,0.003845
34,62,126,0.007690
34,63,51,0.003113
34,64,155,0.009460
34,65,110,0.006714
34,66,98,0.005981
34,67,90,0.005493
34,68,94,0.005737
34,69,333,0.020325
34,70,121,0.007385
34,71,109,0.006653
34,72,108,0.006592
34,73,193,0.011780
34,74,147,0.008972
34,75,142,0.008667
34,76,46,0.002808
34,77,108,0.006592
34,78,174,0.010620
34,79,68,0.004150
34,80,174,0.010620
34,81,127,0.007751
34,82,152,0.009277
34,83,170,0.010376
34,84,92,0.005615
34,85,126,0.007690
34,86,184,0.011230
34,87,206,0.012573
34,88,188,0.011475
34,89,201,0.012268
34,90,187,0.011414
34,91,54,0.003296
34,92,141,0.008606
34,93,58,0.003540
34,94,78,0.004761
34,95,69,0.004211
34,96,94,0.005737
34,97,132,0.008057
34,98,86,0.005249
34,99,146,0.008911
34,100,184,0.011230
34,101,145,0.008850
34,102,54,0.003296
34,103,122,0.007446
34,104,176,0.010742
34,105,98,0.005981
34,106,130,0.007935
34,107,84,0.005127
34,108,100,0.006104
34,109,146,0.008911
34,110,62,0.003784
34,111,122,0.007446
34,112,122,0.007446
34,113,108,0.006592
34,114,152,0.009277
34,115,218,0.013306
34,116,113,0.006897
34,117,78,0.004761
34,118,106,0.006470
34,119,208,0.012695
34,120,77,0.004700
34,121,80,0.004883
34,122,83,0.005066
34,123,152,0.009277
34,124,129,0.007874
34,125,163,0.009949
34,126,61,0.003723
34,127,99,0.006042
35,0,67,0.004089
35,1,78,0.004761
35,2,140,0.008545
35,3,120,0.007324
35,4,273,0.016663
35,5,190,0.011597
35,6,122,0.007446
35,7,102,0.006226
35,8,53,0.003235
35,9,53,0.003235
35,10,174,0.010620
35,11,104,0.006348
35,12,137,0.008362
35,13,120,0.007324
35,14,160,0.009766
35,15,234,0.014282
35,16,181,0.011047
35,17,109,0.006653
35,18,205,0.012512
35,19,149,0.009094
35,20,120,0.007324
35,21,132,0.008057
35,22,169,0.010315
35,23,197,0.012024
35,24,97,0.005920
35,25,107,0.006531
35,26,75,0.004578
35,27,197,0.012024
35,28,117,0.007141
35,29,225,0.013733
35,30,228,0.013916
35,31,105,0.006409
35,32,151,0.009216
35,33,102,0.006226
35,34,76,0.004639
35,35,115,0.007019
35,36,97,0.005920
35,37,255,0.015564
35,38,87,0.005310
35,39,156,0.009521
35,40,124,0.007568
35,41,123,0.007507
35,42,142,0.008667
35,43,60,0.003662
35,44,173,0.010559
35,45,208,0.012695
35,46,178,0.010864
35,47,106,0.006470
35,48,78,0.004761
35,49,165,0.010071
35,50,91,0.005554
35,51,137,0.008362
35,52,43,0.002625
35,53,40,0.002441
35,54,106,0.006470
35,55,112,0.006836
35,56,80,0.004883
35,57,43,0.002625
35,58,127,0.007751
35,59,48,0.002930
35,60,67,0.004089
35,61,160,0.009766
35,62,136,0.008301
35,63,120,0.007324
35,64,101,0.006165
35,65,126,0.007690
35,66,118,0.007202
35,67,79,0.004822
35,68,198,0.012085
35,69,128,0.007812
35,70,149,0.009094
35,71,335,0.020447
35,72,65,0.003967
35,73,178,0.010864
35,74,153,0.009338
35,75,54,0.003296
35,76,99,0.006042
35,77,89,0.005432
35,78,55,0.003357
35,79,75,0.004578
35,80,194,0.011841
35,81,211,0.012878
35,82,122,0.007446
35,83,121,0.007385
35,84,120,0.007324
35,85,90,0.005493
35,86,92,0.005615
35,87,137,0.008362
35,88,56,0.003418
35,89,98,0.005981
35,90,140,0.008545
35,91,126,0.007690
35,92,62,0.003784
35,93,218,0.013306
35,94,142,0.008667
35,95,66,0.004028
35,96,91,0.005554
35,97,145,0.008850
35,98,157,0.009583
35,99,89,0.005432
35,100,67,0.004089
35,101,205,0.012512
35,102,158,0.009644
35,103,127,0.007751
35,104,85,0.005188
35,105,110,0.006714
35,106,79,0.004822
35,107,177,0.010803
35,108,144,0.008789
35,109,135,0.008240
35,110,280,0.017090
35,111,140,0.008545
35,112,67,0.004089
35,113,102,0.006226
35,114,181,0.011047
35,115,194,0.011841
35,116,145,0.008850
35,117,107,0.006531
35,118,178,0.010864
35,119,83,0.005066
35,120,72,0.004395
35,121,114,0.006958
35,122,157,0.009583
35,123,144,0.008789
35,124,135,0.008240
35,125,67,0.004089
35,126,99,0.006042
35,127,107,0.006531
36,0,98,0.005981
36,1,96,0.005859
36,2,150,0.009155
36,3,115,0.007019
36,4,82,0.005005
36,5,163,0.009949
36,6,104,0.006348
36,7,61,0.003723
36,8,118,0.007202
36,9,234,0.014282
36,10,175,0.010681
36,11,200,0.012207
36,12,172,0.010498
36,13,138,0.008423
36,14,89,0.005432
36,15,169,0.010315
36,16,53,0.003235
36,17,129,0.007874
36,18,148,0.009033
36,19,111,0.006775
36,20,109,0.006653
36,21,70,0.004272
36,22,234,0.014282
36,23,166,0.010132
36,24,84,0.005127
36,25,79,0.004822
36,26,125,0.007629
36,27,110,0.006714
36,28,122,0.007446
36,29,208,0.012695
36,30,71,0.004333
36,31,133,0.008118
36,32,56,0.003418
36,33,104,0.006348
36,34,220,0.013428
36,35,58,0.003540
36,36,156,0.009521
36,37,43,0.002625
36,38,111,0.006775
36,39,107,0.006531
36,40,90,0.005493
36,41,139,0.008484
36,42,147,0.008972
36,43,187,0.011414
36,44,104,0.006348
36,45,66,0.004028
36,46,193,0.011780
36,47,78,0.004761
36,48,166,0.010132
36,49,99,0.006042
36,50,128,0.007812
36,51,348,0.021240
36,52,149,0.009094
36,53,296,0.018066
36,54,82,0.005005
36,55,122,0.007446
36,56,140,0.008545
36,57,133,0.008118
36,58,154,0.009399
36,59,172,0.010498
36,60,126,0.007690
36,61,200,0.012207
36,62,79,0.004822
36,63,102,0.006226
36,64,38,0.002319
36,65,120,0.007324
36,66,98,0.005981
36,67,144,0.008789
36,68,105,0.006409
36,69,69,0.004211
36,70,126,0.007690
36,71,102,0.006226
36,72,126,0.007690
36,73,119,0.007263
36,74,117,0.007141
36,75,156,0.009521
36,76,112,0.006836
36,77,102,0.006226
36,78,72,0.004395
36,79,146,0.008911
36,80,82,0.005005
36,81,173,0.010559
36,82,124,0.007568
36,83,91,0.005554
36,84,76,0.004639
36,85,63,0.003845
36,86,204,0.012451
36,87,29,0.001770
36,88,71,0.004333
36,89,295,0.018005
36,90,156,0.009521
36,91,229,0.013977
36,92,177,0.010803
36,93,118,0.007202
36,94,154,0.009399
36,95,40,0.002441
36,96,49,0.002991
36,97,89,0.005432
36,98,67,0.004089
36,99,60,0.003662
36,100,299,0.018250
36,101,77,0.004700
36,102,168,0.010254
36,103,52,0.003174
36,104,33,0.002014
36,105,122,0.007446
36,106,157,0.009583
36,107,60,0.003662
36,108,107,0.006531
36,109,192,0.011719
36,110,215,0.013123
36,111,82,0.005005
36,112,241,0.014709
36,113,231,0.014099
36,114,170,0.010376
36,115,56,0.003418
36,116,84,0.005127
36,117,126,0.007690
36,118,116,0.007080
36,119,138,0.008423
36,120,154,0.009399
36,121,118,0.007202
36,122,163,0.009949
36,123,238,0.014526
36,124,119,0.007263
36,125,96,0.005859
36,126,132,0.008057
36,127,68,0.004150
37,0,118,0.007202
37,1,191,0.011658
37,2,41,0.002502
37,3,43,0.002625
37,4,189,0.011536
37,5,77,0.004700
37,6,106,0.006470
37,7,136,0.008301
37,8,269,0.016418
37,9,181,0.011047
37,10,205,0.012512
37,11,171,0.010437
37,12,79,0.004822
37,13,140,0.008545
37,14,178,0.010864
37,15,24,0.001465
37,16,41,0.002502
37,17,152,0.009277
37,18,64,0.003906
37,19,89,0.005432
37,20,151,0.009216
37,21,230,0.014038
37,22,100,0.006104
37,23,134,0.008179
37,24,217,0.013245
37,25,81,0.004944
37,26,54,0.003296
37,27,211,0.012878
37,28,31,0.001892
37,29,47,0.002869
37,30,51,0.003113
37,31,170,0.010376
37,32,165,0.010071
37,33,166,0.010132
37,34,184,0.011230
37,35,90,0.005493
37,36,128,0.007812
37,37,81,0.004944
37,38,124,0.007568
37,39,136,0.008301
37,40,64,0.003906
37,41,124,0.007568
37,42,153,0.009338
37,43,162,0.009888
37,44,108,0.006592
37,45,130,0.007935
37,46,92,0.005615
37,47,55,0.003357
37,48,205,0.012512
37,49,199,0.012146
37,50,70,0.004272
37,51,103,0.006287
37,52,129,0.007874
37,53,139,0.008484
37,54,112,0.006836
37,55,113,0.006897
37,56,136,0.008301
37,57,56,0.003418
37,58,125,0.007629
37,59,123,0.007507
37,60,275,0.016785
37,61,232,0.014160
37,62,162,0.009888
37,63,88,0.005371
37,64,178,0.010864
37,65,87,0.005310
37,66,199,0.012146
37,67,104,0.006348
37,68,137,0.008362
37,69,87,0.005310
37,70,74,0.004517
37,71,253,0.015442
37,72,156,0.009521
37,73,92,0.005615
37,74,178,0.010864
37,75,105,0.006409
37,76,139,0.008484
37,77,167,0.010193
37,78,98,0.005981
37,79,95,0.005798
37,80,176,0.010742
37,81,126,0.007690
37,82,64,0.003906
37,83,96,0.005859
37,84,280,0.017090
37,85,82,0.005005
37,86,91,0.005554
37,87,144,0.008789
37,88,58,0.003540
37,89,51,0.003113
37,90,217,0.013245
37,91,47,0.002869
37,92,190,0.011597
37,93,124,0.007568
37,94,133,0.008118
37,95,245,0.014954
37,96,79,0.004822
37,97,60,0.003662
37,98,170,0.010376
37,99,195,0.011902
37,100,123,0.007507
37,101,76,0.004639
37,102,70,0.004272
37,103,97,0.005920
37,104,152,0.009277
37,105,62,0.003784
37,106,191,0.011658
37,107,95,0.005798
37,108,99,0.006042
37,109,189,0.011536
37,110,111,0.006775
37,111,167,0.010193
37,112,135,0.008240
37,113,87,0.005310
37,114,83,0.005066
37,115,142,0.008667
37,116,154,0.009399
37,117,159,0.009705
37,118,220,0.013428
37,119,170,0.010376
37,120,139,0.008484
37,121,124,0.007568
37,122,131,0.007996
37,123,76,0.004639
37,124,84,0.005127
37,125,117,0.007141
37,126,108,0.006592
37,127,46,0.002808
38,0,80,0.004883
38,1,248,0.015137
38,2,63,0.003845
38,3,187,0.011414
38,4,135,0.008240
38,5,177,0.010803
38,6,150,0.009155
38,7,114,0.006958
38,8,84,0.005127
38,9,114,0.006958
38,10,170,0.010376
38,11,64,0.003906
38,12,128,0.007812
38,13,144,0.008789
38,14,164,0.010010
38,15,142,0.008667
38,16,53,0.003235
38,17,253,0.015442
38,18,81,0.004944
38,19,140,0.008545
38,20,110,0.006714
38,21,106,0.006470
38,22,101,0.006165
38,23,242,0.014771
38,24,112,0.006836
38,25,65,0.003967
38,26,65,0.003967
38,27,82,0.005005
38,28,180,0.010986
38,29,105,0.006409
38,30,142,0.008667
38,31,194,0.011841
38,32,202,0.012329
38,33,177,0.010803
38,34,174,0.010620
38,35,113,0.006897
38,36,132,0.008057
38,37,160,0.009766
38,38,149,0.009094
38,39,122,0.007446
38,40,103,0.006287
38,41,79,0.004822
38,42,120,0.007324
38,43,81,0.004944
38,44,56,0.003418
38,45,163,0.009949
38,46,88,0.005371
38,47,175,0.010681
38,48,170,0.010376
38,49,111,0.006775
38,50,231,0.014099
38,51,61,0.003723
38,52,128,0.007812
38,53,233,0.014221
38,54,140,0.008545
38,55,91,0.005554
38,56,67,0.004089
38,57,151,0.009216
38,58,43,0.002625
38,59,181,0.011047
38,60,172,0.010498
38,61,38,0.002319
38,62,93,0.005676
38,63,230,0.014038
38,64,177,0.010803
38,65,64,0.003906
38,66,66,0.004028
38,67,63,0.003845
38,68,76,0.004639
38,69,153,0.009338
38,70,118,0.007202
38,71,223,0.013611
38,72,172,0.010498
38,73,176,0.010742
38,74,125,0.007629
38,75,103,0.006287
38,76,87,0.005310
38,77,57,0.003479
38,78,19,0.001160
38,79,266,0.016235
38,80,87,0.005310
38,81,181,0.011047
38,82,115,0.007019
38,83,159,0.009705
38,84,133,0.008118
38,85,205,0.012512
38,86,82,0.005005
38,87,142,0.008667
38,88,100,0.006104
38,89,153,0.009338
38,90,188,0.011475
38,91,67,0.004089
38,92,171,0.010437
38,93,97,0.005920
38,94,57,0.003479
38,95,75,0.004578
38,96,147,0.008972
38,97,157,0.009583
38,98,87,0.005310
38,99,96,0.005859
38,100,113,0.006897
38,101,176,0.010742
38,102,82,0.005005
38,103,84,0.005127
38,104,197,0.012024
38,105,115,0.007019
38,106,76,0.004639
38,107,197,0.012024
38,108,146,0.008911
38,109,97,0.005920
38,110,110,0.006714
38,111,114,0.006958
38,112,61,0.003723
38,113,83,0.005066
38,114,236,0.014404
38,115,151,0.009216
38,116,122,0.007446
38,117,140,0.008545
38,118,83,0.005066
38,119,145,0.008850
38,120,172,0.010498
38,121,104,0.006348
38,122,177,0.010803
38,123,47,0.002869
38,124,110,0.006714
38,125,162,0.009888
38,126,122,0.007446
38,127,89,0.005432
39,0,148,0.009033
39,1,213,0.013000
39,2,36,0.002197
39,3,139,0.008484
39,4,133,0.008118
39,5,149,0.009094
39,6,76,0.004639
39,7,229,0.013977
39,8,79,0.004822
39,9,117,0.007141
39,10,166,0.010132
39,11,165,0.010071
39,12,234,0.014282
39,13,77,0.004700
39,14,98,0.005981
39,15,177,0.010803
39,16,170,0.010376
39,17,138,0.008423
39,18,33,0.002014
39,19,115,0.007019
39,20,111,0.006775
39,21,113,0.006897
39,22,55,0.003357
39,23,207,0.012634
39,24,57,0.003479
39,25,120,0.007324
39,26,86,0.005249
39,27,200,0.012207
39,28,83,0.005066
39,29,97,0.005920
39,30,212,0.012939
39,31,68,0.004150
39,32,165,0.010071
39,33,119,0.007263
39,34,112,0.006836
39,35,202,0.012329
39,36,191,0.011658
39,37,88,0.005371
39,38,175,0.010681
39,39,156,0.009521
39,40,163,0.009949
39,41,88,0.005371
39,42,234,0.014282
39,43,80,0.004883
39,44,78,0.004761
39,45,106,0.006470
39,46,137,0.008362
39,47,290,0.017700
39,48,76,0.004639
39,49,142,0.008667
39,50,90,0.005493
39,51,137,0.008362
39,52,117,0.007141
39,53,201,0.012268
39,54,84,0.005127
39,55,93,0.005676
39,56,130,0.007935
39,57,133,0.008118
39,58,215,0.013123
39,59,92,0.005615
39,60,186,0.011353
39,61,102,0.006226
39,62,92,0.005615
39,63,182,0.011108
39,64,173,0.010559
39,65,130,0.007935
39,66,71,0.004333
39,67,110,0.006714
39,68,124,0.007568
39,69,91,0.005554
39,70,71,0.004333
39,71,86,0.005249
39,72,129,0.007874
39,73,60,0.003662
39,74,179,0.010925
39,75,53,0.003235
39,76,115,0.007019
39,77,138,0.008423
39,78,92,0.005615
39,79,99,0.006042
39,80,53,0.003235
39,81,106,0.006470
39,82,165,0.010071
39,83,132,0.008057
39,84,110,0.006714
39,85,144,0.008789
39,86,97,0.005920
39,87,104,0.006348
39,88,180,0.010986
39,89,109,0.006653
39,90,73,0.004456
39,91,183,0.011169
39,92,259,0.015808
39,93,51,0.003113
39,94,195,0.011902
39,95,237,0.014465
39,96,85,0.005188
39,97,70,0.004272
39,98,90,0.005493
39,99,158,0.009644
39,100,68,0.004150
39,101,52,0.003174
39,102,59,0.003601
39,103,151,0.009216
39,104,128,0.007812
39,105,125,0.007629
39,106,97,0.005920
39,107,182,0.011108
39,108,113,0.006897
39,109,130,0.007935
39,110,171,0.010437
39,111,126,0.007690
39,112,51,0.003113
39,113,212,0.012939
39,114,80,0.004883
39,115,70,0.004272
39,116,136,0.008301
39,117,68,0.004150
39,118,92,0.005615
39,119,199,0.012146
39,120,175,0.010681
39,121,116,0.007080
39,122,192,0.011719
39,123,80,0.004883
39,124,73,0.004456
39,125,205,0.012512
39,126,214,0.013062
39,127,140,0.008545
40,0,130,0.007935
40,1,139,0.008484
40,2,124,0.007568
40,3,35,0.002136
40,4,147,0.008972
40,5,94,0.005737
40,6,131,0.007996
40,7,130,0.007935
40,8,185,0.011292
40,9,122,0.007446
40,10,130,0.007935
40,11,42,0.002563
40,12,91,0.005554
40,13,188,0.011475
40,14,241,0.014709
40,15,162,0.009888
40,16,122,0.007446
40,17,110,0.006714
40,18,57,0.003479
40,19,67,0.004089
40,20,154,0.009399
40,21,108,0.006592
40,22,137,0.008362
40,23,145,0.008850
40,24,229,0.013977
40,25,178,0.010864
40,26,130,0.007935
40,27,140,0.008545
40,28,222,0.013550
40,29,158,0.009644
40,30,82,0.005005
40,31,126,0.007690
40,32,131,0.007996
40,33,247,0.015076
40,34,130,0.007935
40,35,34,0.002075
40,36,77,0.004700
40,37,214,0.013062
40,38,45,0.002747
40,39,130,0.007935
40,40,109,0.006653
40,41,128,0.007812
40,42,248,0.015137
40,43,86,0.005249
40,44,79,0.004822
40,45,97,0.005920
40,46,100,0.006104
40,47,159,0.009705
40,48,88,0.005371
40,49,78,0.004761
40,50,104,0.006348
40,51,113,0.006897
40,52,78,0.004761
40,53,70,0.004272
40,54,112,0.006836
40,55,190,0.011597
40,56,120,0.007324
40,57,92,0.005615
40,58,63,0.003845
40,59,73,0.004456
40,60,82,0.005005
40,61,239,0.014587
40,62,139,0.008484
40,63,96,0.005859
40,64,54,0.003296
40,65,190,0.011597
40,66,121,0.007385
40,67,223,0.013611
40,68,190,0.011597
40,69,104,0.006348
40,70,151,0.009216
40,71,35,0.002136
40,72,103,0.006287
40,73,140,0.008545
40,74,120,0.007324
40,75,82,0.005005
40,76,91,0.005554
40,77,47,0.002869
40,78,199,0.012146
40,79,68,0.004150
40,80,67,0.004089
40,81,297,0.018127
40,82,81,0.004944
40,83,214,0.013062
40,84,182,0.011108
40,85,86,0.005249
40,86,100,0.006104
40,87,60,0.003662
40,88,136,0.008301
40,89,216,0.013184
40,90,175,0.010681
40,91,62,0.003784
40,92,283,0.017273
40,93,110,0.006714
40,94,180,0.010986
40,95,118,0.007202
40,96,131,0.007996
40,97,197,0.012024
40,98,274,0.016724
40,99,150,0.009155
40,100,209,0.012756
40,101,98,0.005981
40,102,123,0.007507
40,103,109,0.006653
40,104,80,0.004883
40,105,187,0.011414
40,106,91,0.005554
40,107,80,0.004883
40,108,117,0.007141
40,109,85,0.005188
40,110,45,0.002747
40,111,100,0.006104
40,112,51,0.003113
40,113,221,0.013489
40,114,169,0.010315
40,115,163,0.009949
40,116,97,0.005920
40,117,73,0.004456
40,118,180,0.010986
40,119,117,0.007141
40,120,177,0.010803
40,121,121,0.007385
40,122,144,0.008789
40,123,159,0.009705
40,124,64,0.003906
40,125,73,0.004456
40,126,147,0.008972
40,127,60,0.003662
41,0,94,0.005737
41,1,102,0.006226
41,2,140,0.008545
41,3,110,0.006714
41,4,178,0.010864
41,5,115,0.007019
41,6,59,0.003601
41,7,98,0.005981
41,8,46,0.002808
41,9,126,0.007690
41,10,240,0.014648
41,11,96,0.005859
41,12,161,0.009827
41,13,214,0.013062
41,14,135,0.008240
41,15,188,0.011475
41,16,173,0.010559
41,17,159,0.009705
41,18,161,0.009827
41,19,153,0.009338
41,20,44,0.002686
41,21,71,0.004333
41,22,77,0.004700
41,23,96,0.005859
41,24,194,0.011841
41,25,155,0.009460
41,26,121,0.007385
41,27,162,0.009888
41,28,117,0.007141
41,29,113,0.006897
41,30,103,0.006287
41,31,111,0.006775
41,32,82,0.005005
41,33,91,0.005554
41,34,208,0.012695
41,35,29,0.001770
41,36,110,0.006714
41,37,321,0.019592
41,38,160,0.009766
41,39,129,0.007874
41,40,102,0.006226
41,41,95,0.005798
41,42,228,0.013916
41,43,201,0.012268
41,44,190,0.011597
41,45,165,0.010071
41,46,95,0.005798
41,47,128,0.007812
41,48,65,0.003967
41,49,104,0.006348
41,50,34,0.002075
41,51,112,0.006836
41,52,51,0.003113
41,53,40,0.002441
41,54,154,0.009399
41,55,224,0.013672
41,56,190,0.011597
41,57,67,0.004089
41,58,55,0.003357
41,59,102,0.006226
41,60,117,0.007141
41,61,97,0.005920
41,62,154,0.009399
41,63,45,0.002747
41,64,66,0.004028
41,65,140,0.008545
41,66,178,0.010864
41,67,146,0.008911
41,68,116,0.007080
41,69,125,0.007629
41,70,167,0.010193
41,71,87,0.005310
41,72,118,0.007202
41,73,79,0.004822
41,74,120,0.007324
41,75,119,0.007263
41,76,51,0.003113
41,77,162,0.009888
41,78,218,0.013306
41,79,212,0.012939
41,80,243,0.014832
41,81,30,0.001831
41,82,108,0.006592
41,83,116,0.007080
41,84,156,0.009521
41,85,114,0.006958
41,86,109,0.006653
41,87,79,0.004822
41,88,171,0.010437
41,89,70,0.004272
41,90,125,0.007629
41,91,314,0.019165
41,92,138,0.008423
41,93,109,0.006653
41,94,181,0.011047
41,95,174,0.010620
41,96,105,0.006409
41,97,130,0.007935
41,98,144,0.008789
41,99,228,0.013916
41,100,98,0.005981
41,101,152,0.009277
41,102,95,0.005798
41,103,36,0.002197
41,104,48,0.002930
41,105,151,0.009216
41,106,66,0.004028
41,107,98,0.005981
41,108,192,0.011719
41,109,76,0.004639
41,110,113,0.006897
41,111,125,0.007629
41,112,61,0.003723
41,113,114,0.006958
41,114,156,0.009521
41,115,48,0.002930
41,116,108,0.006592
41,117,136,0.008301
41,118,148,0.009033
41,119,151,0.009216
41,120,282,0.017212
41,121,158,0.009644
41,122,153,0.009338
41,123,94,0.005737
41,124,144,0.008789
41,125,169,0.010315
41,126,109,0.006653
41,127,98,0.005981
42,0,228,0.013916
42,1,112,0.006836
42,2,92,0.005615
42,3,144,0.008789
42,4,155,0.009460
42,5,125,0.007629
42,6,78,0.004761
42,7,173,0.010559
42,8,106,0.006470
42,9,114,0.006958
42,10,111,0.006775
42,11,52,0.003174
42,12,77,0.004700
42,13,76,0.004639
42,14,163,0.009949
42,15,145,0.008850
42,16,49,0.002991
42,17,76,0.004639
42,18,127,0.007751
42,19,250,0.015259
42,20,117,0.007141
42,21,111,0.006775
42,22,187,0.011414
42,23,116,0.007080
42,24,119,0.007263
42,25,54,0.003296
42,26,160,0.009766
42,27,233,0.014221
42,28,123,0.007507
42,29,131,0.007996
42,30,90,0.005493
42,31,189,0.011536
42,32,107,0.006531
42,33,96,0.005859
42,34,195,0.011902
42,35,150,0.009155
42,36,186,0.011353
42,37,160,0.009766
42,38,52,0.003174
42,39,55,0.003357
42,40,81,0.004944
42,41,158,0.009644
42,42,101,0.006165
42,43,102,0.006226
42,44,128,0.007812
42,45,113,0.006897
42,46,96,0.005859
42,47,94,0.005737
42,48,104,0.006348
42,49,62,0.003784
42,50,155,0.009460
42,51,124,0.007568
42,52,166,0.010132
42,53,99,0.006042
42,54,180,0.010986
42,55,56,0.003418
42,56,107,0.006531
42,57,203,0.012390
42,58,131,0.007996
42,59,153,0.009338
42,60,88,0.005371
42,61,67,0.004089
42,62,116,0.007080
42,63,136,0.008301
42,64,18,0.001099
42,65,211,0.012878
42,66,89,0.005432
42,67,118,0.007202
42,68,107,0.006531
42,69,103,0.006287
42,70,123,0.007507
42,71,124,0.007568
42,72,213,0.013000
42,73,126,0.007690
42,74,144,0.008789
42,75,195,0.011902
42,76,125,0.007629
42,77,97,0.005920
42,78,251,0.015320
42,79,96,0.005859
42,80,100,0.006104
42,81,120,0.007324
42,82,155,0.009460
42,83,226,0.013794
42,84,223,0.013611
42,85,161,0.009827
42,86,120,0.007324
42,87,228,0.013916
42,88,91,0.005554
42,89,123,0.007507
42,90,240,0.014648
42,91,136,0.008301
42,92,76,0.004639
42,93,132,0.008057
42,94,110,0.006714
42,95,169,0.010315
42,96,67,0.004089
42,97,222,0.013550
42,98,83,0.005066
42,99,168,0.010254
42,100,67,0.004089
42,101,82,0.005005
42,102,155,0.009460
42,103,109,0.006653
42,104,141,0.008606
42,105,230,0.014038
42,106,108,0.006592
42,107,81,0.004944
42,108,206,0.012573
42,109,127,0.007751
42,110,42,0.002563
42,111,139,0.008484
42,112,117,0.007141
42,113,79,0.004822
42,114,148,0.009033
42,115,130,0.007935
42,116,127,0.007751
42,117,125,0.007629
42,118,64,0.003906
42,119,152,0.009277
42,120,160,0.009766
42,121,79,0.004822
42,122,144,0.008789
42,123,198,0.012085
42,124,73,0.004456
42,125,141,0.008606
42,126,45,0.002747
42,127,121,0.007385
43,0,207,0.012634
43,1,73,0.004456
43,2,70,0.004272
43,3,130,0.007935
43,4,109,0.006653
43,5,88,0.005371
43,6,141,0.008606
43,7,86,0.005249
43,8,179,0.010925
43,9,221,0.013489
43,10,68,0.004150
43,11,204,0.012451
43,12,207,0.012634
43,13,124,0.007568
43,14,185,0.011292
43,15,111,0.006775
43,16,167,0.010193
43,17,241,0.014709
43,18,157,0.009583
43,19,164,0.010010
43,20,96,0.005859
43,21,71,0.004333
43,22,109,0.006653
43,23,88,0.005371
43,24,141,0.008606
43,25,37,0.002258
43,26,149,0.009094
43,27,75,0.004578
43,28,83,0.005066
43,29,253,0.015442
43,30,74,0.004517
43,31,70,0.004272
43,32,232,0.014160
43,33,67,0.004089
43,34,172,0.010498
43,35,178,0.010864
43,36,70,0.004272
43,37,174,0.010620
43,38,94,0.005737
43,39,106,0.006470
43,40,194,0.011841
43,41,179,0.010925
43,42,145,0.008850
43,43,130,0.007935
43,44,53,0.003235
43,45,118,0.007202
43,46,130,0.007935
43,47,95,0.005798
43,48,80,0.004883
43,49,225,0.013733
43,50,152,0.009277
43,51,143,0.008728
43,52,44,0.002686
43,53,183,0.011169
43,54,153,0.009338
43,55,96,0.005859
43,56,78,0.004761
43,57,141,0.008606
43,58,117,0.007141
43,59,162,0.009888
43,60,158,0.009644
43,61,197,0.012024
43,62,109,0.006653
43,63,234,0.014282
43,64,72,0.004395
43,65,124,0.007568
43,66,85,0.005188
43,67,85,0.005188
43,68,113,0.006897
43,69,226,0.013794
43,70,32,0.001953
43,71,68,0.004150
43,72,96,0.005859
43,73,139,0.008484
43,74,43,0.002625
43,75,192,0.011719
43,76,137,0.008362
43,77,102,0.006226
43,78,68,0.004150
43,79,82,0.005005
43,80,187,0.011414
43,81,185,0.011292
43,82,90,0.005493
43,83,245,0.014954
43,84,151,0.009216
43,85,131,0.007996
43,86,122,0.007446
43,87,141,0.008606
43,88,220,0.013428
43,89,54,0.003296
43,90,145,0.008850
43,91,153,0.009338
43,92,123,0.007507
43,93,88,0.005371
43,94,140,0.008545
43,95,81,0.004944
43,96,91,0.005554
43,97,51,0.003113
43,98,137,0.008362
43,99,34,0.002075
43,100,140,0.008545
43,101,52,0.003174
43,102,100,0.006104
43,103,88,0.005371
43,104,154,0.009399
43,105,97,0.005920
43,106,59,0.003601
43,107,95,0.005798
43,108,161,0.009827
43,109,159,0.009705
43,110,168,0.010254
43,111,182,0.011108
43,112,179,0.010925
43,113,60,0.003662
43,114,256,0.015625
43,115,146,0.008911
43,116,118,0.007202
43,117,62,0.003784
43,118,117,0.007141
43,119,58,0.003540
43,120,103,0.006287
43,121,202,0.012329
43,122,138,0.008423
43,123,181,0.011047
43,124,13,0.000793
43,125,136,0.008301
43,126,212,0.012939
43,127,128,0.007812
44,0,127,0.007751
44,1,82,0.005005
44,2,149,0.009094
44,3,159,0.009705
44,4,84,0.005127
44,5,116,0.007080
44,6,140,0.008545
44,7,98,0.005981
44,8,73,0.004456
44,9,230,0.014038
44,10,127,0.007751
44,11,61,0.003723
44,12,127,0.007751
44,13,152,0.009277
44,14,148,0.009033
44,15,185,0.011292
44,16,124,0.007568
44,17,203,0.012390
44,18,163,0.009949
44,19,154,0.009399
44,20,107,0.006531
44,21,228,0.013916
44,22,94,0.005737
44,23,106,0.006470
44,24,116,0.007080
44,25,128,0.007812
44,26,174,0.010620
44,27,145,0.008850
44,28,92,0.005615
44,29,170,0.010376
44,30,75,0.004578
44,31,85,0.005188
44,32,120,0.007324
44,33,128,0.007812
44,34,93,0.005676
44,35,89,0.005432
44,36,74,0.004517
44,37,103,0.006287
44,38,120,0.007324
44,39,99,0.006042
44,40,121,0.007385
44,41,99,0.006042
44,42,122,0.007446
44,43,277,0.016907
44,44,122,0.007446
44,45,67,0.004089
44,46,154,0.009399
44,47,199,0.012146
44,48,119,0.007263
44,49,133,0.008118
44,50,166,0.010132
44,51,106,0.006470
44,52,97,0.005920
44,53,41,0.002502
44,54,95,0.005798
44,55,170,0.010376
44,56,216,0.013184
44,57,235,0.014343
44,58,92,0.005615
44,59,73,0.004456
44,60,96,0.005859
44,61,86,0.005249
44,62,101,0.006165
44,63,142,0.008667
44,64,64,0.003906
44,65,85,0.005188
44,66,144,0.008789
44,67,130,0.007935
44,68,122,0.007446
44,69,59,0.003601
44,70,112,0.006836
44,71,190,0.011597
44,72,102,0.006226
44,73,60,0.003662
44,74,106,0.006470
44,75,172,0.010498
44,76,159,0.009705
44,77,62,0.003784
44,78,82,0.005005
44,79,119,0.007263
44,80,214,0.013062
44,81,243,0.014832
44,82,28,0.001709
44,83,114,0.006958
44,84,86,0.005249
44,85,116,0.007080
44,86,237,0.014465
44,87,130,0.007935
44,88,79,0.004822
44,89,227,0.013855
44,90,172,0.010498
44,91,117,0.007141
44,92,152,0.009277
44,93,113,0.006897
44,94,135,0.008240
44,95,73,0.004456
44,96,196,0.011963
44,97,144,0.008789
44,98,88,0.005371
44,99,226,0.013794
44,100,186,0.011353
44,101,194,0.011841
44,102,130,0.007935
44,103,157,0.009583
44,104,71,0.004333
44,105,99,0.006042
44,106,81,0.004944
44,107,156,0.009521
44,108,107,0.006531
44,109,124,0.007568
44,110,125,0.007629
44,111,117,0.007141
44,112,81,0.004944
44,113,88,0.005371
44,114,58,0.003540
44,115,109,0.006653
44,116,145,0.008850
44,117,52,0.003174
44,118,179,0.010925
44,119,210,0.012817
44,120,72,0.004395
44,121,129,0.007874
44,122,74,0.004517
44,123,178,0.010864
44,124,240,0.014648
44,125,139,0.008484
44,126,42,0.002563
44,127,206,0.012573
45,0,57,0.003479
45,1,145,0.008850
45,2,136,0.008301
45,3,121,0.007385
45,4,109,0.006653
45,5,125,0.007629
45,6,101,0.006165
45,7,193,0.011780
45,8,150,0.009155
45,9,91,0.005554
45,10,95,0.005798
45,11,70,0.004272
45,12,102,0.006226
45,13,169,0.010315
45,14,164,0.010010
45,15,134,0.008179
45,16,78,0.004761
45,17,86,0.005249
45,18,121,0.007385
45,19,159,0.009705
45,20,66,0.004028
45,21,86,0.005249
45,22,131,0.007996
45,23,60,0.003662
45,24,192,0.011719
45,25,201,0.012268
45,26,110,0.006714
45,27,174,0.010620
45,28,66,0.004028
45,29,67,0.004089
45,30,136,0.008301
45,31,215,0.013123
45,32,177,0.010803
45,33,363,0.022156
45,34,360,0.021973
45,35,157,0.009583
45,36,157,0.009583
45,37,89,0.005432
45,38,122,0.007446
45,39,122,0.007446
45,40,166,0.010132
45,41,59,0.003601
45,42,112,0.006836
45,43,60,0.003662
45,44,212,0.012939
45,45,44,0.002686
45,46,275,0.016785
45,47,171,0.010437
45,48,102,0.006226
45,49,129,0.007874
45,50,271,0.016541
45,51,37,0.002258
45,52,163,0.009949
45,53,252,0.015381
45,54,175,0.010681
45,55,148,0.009033
45,56,113,0.006897
45,57,85,0.005188
45,58,121,0.007385
45,59,125,0.007629
45,60,181,0.011047
45,61,138,0.008423
45,62,181,0.011047
45,63,132,0.008057
45,64,116,0.007080
45,65,113,0.006897
45,66,99,0.006042
45,67,107,0.006531
45,68,52,0.003174
45,69,71,0.004333
45,70,64,0.003906
45,71,135,0.008240
45,72,49,0.002991
45,73,137,0.008362
45,74,55,0.003357
45,75,89,0.005432
45,76,124,0.007568
45,77,131,0.007996
45,78,175,0.010681
45,79,145,0.008850
45,80,90,0.005493
45,81,126,0.007690
45,82,165,0.010071
45,83,121,0.007385
45,84,198,0.012085
45,85,88,0.005371
45,86,75,0.004578
45,87,56,0.003418
45,88,200,0.012207
45,89,200,0.012207
45,90,97,0.005920
45,91,96,0.005859
45,92,59,0.003601
45,93,185,0.011292
45,94,109,0.006653
45,95,142,0.008667
45,96,110,0.006714
45,97,61,0.003723
45,98,58,0.003540
45,99,199,0.012146
45,100,212,0.012939
45,101,200,0.012207
45,102,94,0.005737
45,103,98,0.005981
45,104,122,0.007446
45,105,96,0.005859
45,106,142,0.008667
45,107,115,0.007019
45,108,119,0.007263
45,109,144,0.008789
45,110,121,0.007385
45,111,83,0.005066
45,112,103,0.006287
45,113,118,0.007202
45,114,95,0.005798
45,115,162,0.009888
45,116,145,0.008850
45,117,133,0.008118
45,118,59,0.003601
45,119,113,0.006897
45,120,52,0.003174
45,121,94,0.005737
45,122,154,0.009399
45,123,103,0.006287
45,124,106,0.006470
45,125,122,0.007446
45,126,102,0.006226
45,127,171,0.010437
46,0,87,0.005310
46,1,80,0.004883
46,2,188,0.011475
46,3,124,0.007568
46,4,103,0.006287
46,5,234,0.014282
46,6,132,0.008057
46,7,178,0.010864
46,8,129,0.007874
46,9,125,0.007629
46,10,184,0.011230
46,11,135,0.008240
46,12,86,0.005249
46,13,119,0.007263
46,14,118,0.007202
46,15,208,0.012695
46,16,192,0.011719
46,17,112,0.006836
46,18,103,0.006287
46,19,131,0.007996
46,20,167,0.010193
46,21,236,0.014404
46,22,118,0.007202
46,23,75,0.004578
46,24,55,0.003357
46,25,71,0.004333
46,26,233,0.014221
46,27,59,0.003601
46,28,90,0.005493
46,29,109,0.006653
46,30,85,0.005188
46,31,128,0.007812
46,32,18,0.001099
46,33,138,0.008423
46,34,129,0.007874
46,35,194,0.011841
46,36,246,0.015015
46,37,44,0.002686
46,38,262,0.015991
46,39,176,0.010742
46,40,79,0.004822
46,41,175,0.010681
46,42,138,0.008423
46,43,79,0.004822
46,44,93,0.005676
46,45,58,0.003540
46,46,142,0.008667
46,47,98,0.005981
46,48,185,0.011292
46,49,117,0.007141
46,50,94,0.005737
46,51,79,0.004822
46,52,225,0.013733
46,53,102,0.006226
46,54,186,0.011353
46,55,205,0.012512
46,56,140,0.008545
46,57,142,0.008667
46,58,106,0.006470
46,59,112,0.006836
46,60,138,0.008423
46,61,134,0.008179
46,62,180,0.010986
46,63,171,0.010437
46,64,114,0.006958
46,65,91,0.005554
46,66,84,0.005127
46,67,83,0.005066
46,68,147,0.008972
46,69,161,0.009827
46,70,76,0.004639
46,71,98,0.005981
46,72,44,0.002686
46,73,53,0.003235
46,74,147,0.008972
46,75,324,0.019775
46,76,83,0.005066
46,77,84,0.005127
46,78,71,0.004333
46,79,110,0.006714
46,80,56,0.003418
46,81,238,0.014526
46,82,91,0.005554
46,83,199,0.012146
46,84,74,0.004517
46,85,135,0.008240
46,86,182,0.011108
46,87,33,0.002014
46,88,47,0.002869
46,89,127,0.007751
46,90,262,0.015991
46,91,114,0.006958
46,92,80,0.004883
46,93,120,0.007324
46,94,49,0.002991
46,95,161,0.009827
46,96,103,0.006287
46,97,115,0.007019
46,98,70,0.004272
46,99,162,0.009888
46,100,45,0.002747
46,101,144,0.008789
46,102,83,0.005066
46,103,75,0.004578
46,104,88,0.005371
46,105,145,0.008850
46,106,175,0.010681
46,107,305,0.018616
46,108,168,0.010254
46,109,128,0.007812
46,110,109,0.006653
46,111,144,0.008789
46,112,94,0.005737
46,113,98,0.005981
46,114,132,0.008057
46,115,140,0.008545
46,116,23,0.001404
46,117,137,0.008362
46,118,98,0.005981
46,119,117,0.007141
46,120,234,0.014282
46,121,247,0.015076
46,122,123,0.007507
46,123,203,0.012390
46,124,165,0.010071
46,125,37,0.002258
46,126,123,0.007507
46,127,37,0.002258
47,0,27,0.001648
47,1,104,0.006348
47,2,103,0.006287
47,3,191,0.011658
47,4,97,0.005920
47,5,56,0.003418
47,6,96,0.005859
47,7,78,0.004761
47,8,77,0.004700
47,9,136,0.008301
47,10,106,0.006470
47,11,227,0.013855
47,12,126,0.007690
47,13,211,0.012878
47,14,85,0.005188
47,15,79,0.004822
47,16,81,0.004944
47,17,105,0.006409
47,18,187,0.011414
47,19,151,0.009216
47,20,59,0.003601
47,21,130,0.007935
47,22,41,0.002502
47,23,101,0.006165
47,24,98,0.005981
47,25,237,0.014465
47,26,159,0.009705
47,27,173,0.010559
47,28,120,0.007324
47,29,191,0.011658
47,30,94,0.005737
47,31,141,0.008606
47,32,144,0.008789
47,33,122,0.007446
47,34,116,0.007080
47,35,88,0.005371
47,36,160,0.009766
47,37,108,0.006592
47,38,94,0.005737
47,39,123,0.007507
47,40,169,0.010315
47,41,136,0.008301
47,42,104,0.006348
47,43,185,0.011292
47,44,47,0.002869
47,45,178,0.010864
47,46,108,0.006592
47,47,111,0.006775
47,48,120,0.007324
47,49,235,0.014343
47,50,38,0.002319
47,51,164,0.010010
47,52,165,0.010071
47,53,120,0.007324
47,54,87,0.005310
47,55,117,0.007141
47,56,266,0.016235
47,57,46,0.002808
47,58,217,0.013245
47,59,199,0.012146
47,60,144,0.008789
47,61,166,0.010132
47,62,204,0.012451
47,63,28,0.001709
47,64,86,0.005249
47,65,132,0.008057
47,66,76,0.004639
47,67,142,0.008667
47,68,238,0.014526
47,69,134,0.008179
47,70,142,0.008667
47,71,85,0.005188
47,72,182,0.011108
47,73,148,0.009033
47,74,139,0.008484
47,75,91,0.005554
47,76,135,0.008240
47,77,53,0.003235
47,78,245,0.014954
47,79,81,0.004944
47,80,87,0.005310
47,81,114,0.006958
47,82,155,0.009460
47,83,62,0.003784
47,84,62,0.003784
47,85,140,0.008545
47,86,135,0.008240
47,87,193,0.011780
47,88,126,0.007690
47,89,185,0.011292
47,90,108,0.006592
47,91,100,0.006104
47,92,160,0.009766
47,93,142,0.008667
47,94,184,0.011230
47,95,47,0.002869
47,96,95,0.005798
47,97,189,0.011536
47,98,145,0.008850
47,99,56,0.003418
47,100,33,0.002014
47,101,27,0.001648
47,102,71,0.004333
47,103,93,0.005676
47,104,97,0.005920
47,105,168,0.010254
47,106,163,0.009949
47,107,67,0.004089
47,108,85,0.005188
47,109,110,0.006714
47,110,125,0.007629
47,111,185,0.011292
47,112,154,0.009399
47,113,216,0.013184
47,114,135,0.008240
47,115,315,0.019226
47,116,112,0.006836
47,117,119,0.007263
47,118,146,0.008911
47,119,171,0.010437
47,120,196,0.011963
47,121,206,0.012573
47,122,73,0.004456
47,123,79,0.004822
47,124,172,0.010498
47,125,86,0.005249
47,126,152,0.009277
47,127,58,0.003540
